variant,mode,source,target,n,median,q25,q75,mean,positive_fraction,median_fraction_target_loss,gradient_alignment_median
primary_1000_1pp,target_active,tribe_5_5,tribe_5_5,35,-0.0540139302611351,-0.0772731602191925,-0.023264139890670776,-0.05939284839800426,0.0,-1.019149938457063,1.0
primary_1000_1pp,target_active,tribe_5_5,tribe_5_4,31,-0.05395745486021042,-0.06532249227166176,-0.01670135837048292,-0.04794987116850192,0.0,-1.936890155429951,0.810716459813932
primary_1000_1pp,target_active,tribe_5_5,majority,25,-0.042784057557582855,-0.07386647164821625,-0.03008662909269333,-0.053399592787027356,0.0,-0.8514625787895478,-0.0779170543468453
primary_1000_1pp,target_active,tribe_5_5,parity,46,-0.011464903131127357,-0.018107468262314796,-0.00332452030852437,-0.01126669088135595,0.10869565217391304,-0.07703454429897469,-0.2508141983699035
primary_1000_1pp,target_active,tribe_5_5,parity_10,39,-0.03447014093399048,-0.12352193892002106,-0.017673181369900703,-0.07445359652718672,0.0,-2.13936869234497,0.16816362056961998
primary_1000_1pp,target_active,tribe_5_5,Majority_10,37,-0.05960285663604736,-0.06931674480438232,-0.041652530431747437,-0.05728791472879616,0.0,-0.9892848160962981,-0.0071646986100584314
primary_1000_1pp,target_active,tribe_5_5,weighted_voting_29,32,-0.016655996441841125,-0.023663796484470367,-0.011135616339743137,-0.020131377910729498,0.03125,-0.3240813042787629,-0.04939573949463594
primary_1000_1pp,target_active,tribe_5_5,hamming_weight_square_wave_29_4,20,-0.014554517343640327,-0.01910891756415367,-0.009533746866509318,-0.015097906161099673,0.0,-0.23576546948790142,0.07374968211129675
primary_1000_1pp,target_active,tribe_5_4,tribe_5_5,35,-0.04802697151899338,-0.0749422200024128,-0.02894575148820877,-0.05375753960439137,0.0,-0.7664733612701959,0.6911406158571346
primary_1000_1pp,target_active,tribe_5_4,tribe_5_4,31,-0.04495177045464516,-0.07008446380496025,-0.029897212982177734,-0.05220239236950874,0.03225806451612903,-1.7709263022710222,1.0
primary_1000_1pp,target_active,tribe_5_4,majority,25,-0.02065420337021351,-0.07438614964485168,-0.008546203374862671,-0.04282051503658295,0.0,-0.5759063394759585,-0.2793917207318298
primary_1000_1pp,target_active,tribe_5_4,parity,46,-0.01619146205484867,-0.027169758453965187,-0.0034733936190605164,-0.016476161777973175,0.17391304347826086,-0.10736311806425866,-0.003896501036687228
primary_1000_1pp,target_active,tribe_5_4,parity_10,39,-0.025007575750350952,-0.06770289316773415,-0.008605469018220901,-0.042942136382827394,0.0,-0.8460891434083996,0.06333791832934399
primary_1000_1pp,target_active,tribe_5_4,Majority_10,37,-0.05768873542547226,-0.09911522269248962,-0.020771801471710205,-0.061720296841215445,0.02702702702702703,-1.5352113737763609,-0.1361261110793941
primary_1000_1pp,target_active,tribe_5_4,weighted_voting_29,32,-0.007973182946443558,-0.011244858615100384,-0.004474938847124577,-0.00995739153586328,0.0625,-0.14335033894739552,0.04163410346146587
primary_1000_1pp,target_active,tribe_5_4,hamming_weight_square_wave_29_4,20,-0.008501717820763588,-0.01669855508953333,-0.003953628242015839,-0.011976264789700508,0.05,-0.2061967120244551,0.010647742347816205
primary_1000_1pp,target_active,majority,tribe_5_5,35,-0.028133071959018707,-0.04030272550880909,-0.01269662193953991,-0.027743784870420184,0.02857142857142857,-0.5410233801042241,0.11500745947562793
primary_1000_1pp,target_active,majority,tribe_5_4,31,-0.021494273096323013,-0.028242329135537148,-0.014509973116219044,-0.020770170996266026,0.06451612903225806,-0.8824657627510091,0.1120969281608782
primary_1000_1pp,target_active,majority,majority,25,-0.07480979710817337,-0.10931958258152008,-0.01303417980670929,-0.053883699178695676,0.2,-1.6125827280694227,1.0
primary_1000_1pp,target_active,majority,parity,46,-0.02610340714454651,-0.04299088567495346,-0.017867276910692453,-0.03381568165091069,0.0,-0.1336107979997316,0.1434114054127975
primary_1000_1pp,target_active,majority,parity_10,39,-0.016653314232826233,-0.034105829894542694,-0.009406639728695154,-0.019289684458038747,0.1282051282051282,-0.24159936573148097,0.19063862066508963
primary_1000_1pp,target_active,majority,Majority_10,37,-0.008691053837537766,-0.01458066701889038,-0.0020219162106513977,-0.007981381353897017,0.1891891891891892,-0.08760664140060406,0.08358610469953752
primary_1000_1pp,target_active,majority,weighted_voting_29,32,-0.0892164558172226,-0.10364946164190769,-0.02467996207997203,-0.06344835989875719,0.125,-1.221931621566211,-0.13766347389186828
primary_1000_1pp,target_active,majority,hamming_weight_square_wave_29_4,20,-0.027061181142926216,-0.04422942269593477,-0.016643399372696877,-0.03103489112108946,0.0,-0.8365380604440469,0.17418342571749987
primary_1000_1pp,target_active,parity,tribe_5_5,35,-0.0084417425096035,-0.02594895288348198,-0.0019149091094732285,-0.01487498755699822,0.08571428571428572,-0.18335746158156485,0.048748321368905105
primary_1000_1pp,target_active,parity,tribe_5_4,31,-0.013691643252968788,-0.023777682334184647,-0.0024885116145014763,-0.015543892829408568,0.06451612903225806,-0.5097354901261477,-0.02864852552763036
primary_1000_1pp,target_active,parity,majority,25,-0.014311854727566242,-0.0334039181470871,-0.012050863355398178,-0.023330591954290866,0.12,-0.5107369604006436,-0.32180413330160534
primary_1000_1pp,target_active,parity,parity,46,-0.0354149267077446,-0.10058891214430332,-0.021443277597427368,-0.07066336298442405,0.043478260869565216,-0.22598117387104466,1.0
primary_1000_1pp,target_active,parity,parity_10,39,-0.0022783931344747543,-0.005289139924570918,0.0013101175427436829,-0.003570870466482563,0.28205128205128205,-0.07942001019903312,0.09654877704086734
primary_1000_1pp,target_active,parity,Majority_10,37,-0.021346788853406906,-0.02982214093208313,-0.006242129951715469,-0.020637998281902558,0.13513513513513514,-0.24299980665520668,0.01098085356591071
primary_1000_1pp,target_active,parity,weighted_voting_29,32,-0.0053009092807769775,-0.01078962441533804,-0.0006086463108658791,-0.007295444782357663,0.1875,-0.07592666322590934,0.2580460446375364
primary_1000_1pp,target_active,parity,hamming_weight_square_wave_29_4,20,-0.024772079661488533,-0.03801398444920778,-0.017013332806527615,-0.02569055464118719,0.05,-0.580456668318216,0.21697103718233932
primary_1000_1pp,target_active,parity_10,tribe_5_5,35,-0.007007386535406113,-0.022120101377367973,-0.002321937121450901,-0.01254679961130023,0.14285714285714285,-0.2080974847108414,0.11555550019171895
primary_1000_1pp,target_active,parity_10,tribe_5_4,31,-0.006453204900026321,-0.016834165900945663,0.00035899505019187927,-0.009225862160805733,0.25806451612903225,-0.3454699142617192,0.08245569099628655
primary_1000_1pp,target_active,parity_10,majority,25,-0.012605002149939537,-0.02067778818309307,-0.00021499395370483398,-0.007439047023653984,0.24,-0.3136737822942119,-0.07216227402311598
primary_1000_1pp,target_active,parity_10,parity,46,-0.014106757938861847,-0.021437805145978928,-0.008513092063367367,-0.014992766689671122,0.08695652173913043,-0.09549549042489558,0.19937957819150676
primary_1000_1pp,target_active,parity_10,parity_10,39,-0.1392194926738739,-0.38924820721149445,-0.05936644971370697,-0.2317850545812876,0.0,-4.127678081450905,1.0
primary_1000_1pp,target_active,parity_10,Majority_10,37,-0.016286347061395645,-0.02618229389190674,-0.004174262285232544,-0.02160048036760575,0.16216216216216217,-0.18172729640284463,-0.055104441725313064
primary_1000_1pp,target_active,parity_10,weighted_voting_29,32,-0.017858054488897324,-0.023991604335606098,-0.011425355449318886,-0.019383681064937264,0.0625,-0.30658328121908135,0.08647538846310857
primary_1000_1pp,target_active,parity_10,hamming_weight_square_wave_29_4,20,-0.010206721723079681,-0.011819179402664304,-0.004123620688915253,-0.008127560280263424,0.1,-0.26188051109419574,0.12091121378928982
primary_1000_1pp,target_active,Majority_10,tribe_5_5,35,-0.017467712983489037,-0.026406221091747284,-0.008121717255562544,-0.018881077053291458,0.05714285714285714,-0.3364821311945246,0.05402398995130009
primary_1000_1pp,target_active,Majority_10,tribe_5_4,31,-0.01754189468920231,-0.03238951042294502,-0.008063079789280891,-0.02021476860728956,0.03225806451612903,-0.6938550560311152,0.3581231588724539
primary_1000_1pp,target_active,Majority_10,majority,25,-0.011857016012072563,-0.020969513803720474,-0.0031919199973344803,-0.014175338707864284,0.16,-0.3131605904551796,0.012558562428139835
primary_1000_1pp,target_active,Majority_10,parity,46,-0.010042444802820683,-0.015074845403432846,-0.004539187997579575,-0.012159562750678995,0.08695652173913043,-0.0661753577721809,0.04154908742639109
primary_1000_1pp,target_active,Majority_10,parity_10,39,-0.04399770498275757,-0.07292339578270912,-0.02442813664674759,-0.08099457755302772,0.02564102564102564,-0.8388685568308718,0.44832113156138287
primary_1000_1pp,target_active,Majority_10,Majority_10,37,-0.0339881032705307,-0.06668783724308014,0.0035345852375030518,-0.03793129546416772,0.32432432432432434,-0.6445545998242542,1.0
primary_1000_1pp,target_active,Majority_10,weighted_voting_29,32,-0.00852973572909832,-0.019491934217512608,-0.004527290351688862,-0.013267419766634703,0.125,-0.1674250670190336,0.026580720456543843
primary_1000_1pp,target_active,Majority_10,hamming_weight_square_wave_29_4,20,-0.006474807392805815,-0.01599214901216328,-0.0024891216307878494,-0.009920988418161868,0.05,-0.12824292196939016,-0.037147114670388615
primary_1000_1pp,target_active,weighted_voting_29,tribe_5_5,35,-0.0032575801014900208,-0.004836101084947586,-0.0008279159665107727,-0.0032529472107333795,0.17142857142857143,-0.07413128176802461,0.12042170197093167
primary_1000_1pp,target_active,weighted_voting_29,tribe_5_4,31,-0.005280924960970879,-0.006285551935434341,-0.003528313711285591,-0.005178896890532586,0.0967741935483871,-0.2244420649007622,0.020523576786713037
primary_1000_1pp,target_active,weighted_voting_29,majority,25,-0.06322988867759705,-0.07528114318847656,-0.0493551641702652,-0.060244109109044076,0.04,-1.4758705796798806,-0.1498942852451438
primary_1000_1pp,target_active,weighted_voting_29,parity,46,-0.027059055864810944,-0.06393620185554028,-0.017414968460798264,-0.04131923024745091,0.021739130434782608,-0.137840576321423,0.12675537598158548
primary_1000_1pp,target_active,weighted_voting_29,parity_10,39,-0.034377239644527435,-0.09518628567457199,-0.014134593307971954,-0.06824031023260875,0.05128205128205128,-0.581828506688067,0.14058871293970754
primary_1000_1pp,target_active,weighted_voting_29,Majority_10,37,-0.004966622218489647,-0.016865123063325882,0.003559023141860962,-0.008404000523827365,0.35135135135135137,-0.12441626010366763,0.034323399146366514
primary_1000_1pp,target_active,weighted_voting_29,weighted_voting_29,32,-0.0864403024315834,-0.09944753721356392,-0.05619201809167862,-0.07077260757796466,0.125,-1.576683932943841,1.0
primary_1000_1pp,target_active,weighted_voting_29,hamming_weight_square_wave_29_4,20,-0.02152317203581333,-0.025601018220186234,-0.01300233812071383,-0.020061583910137414,0.0,-0.38306937443398303,0.06573062875054134
primary_1000_1pp,target_active,hamming_weight_square_wave_29_4,tribe_5_5,35,-0.009727422147989273,-0.01668616570532322,-0.004576344043016434,-0.010903346724808216,0.02857142857142857,-0.22945913472140536,0.014525210399717436
primary_1000_1pp,target_active,hamming_weight_square_wave_29_4,tribe_5_4,31,-0.013468630611896515,-0.01903602108359337,-0.009323222562670708,-0.014003023354997557,0.0,-0.6319547213268255,-0.07392566750813673
primary_1000_1pp,target_active,hamming_weight_square_wave_29_4,majority,25,-0.012007191777229309,-0.026957551017403603,0.0026753749698400497,-0.010387938059866429,0.28,-0.5384902608014934,0.14960949691719608
primary_1000_1pp,target_active,hamming_weight_square_wave_29_4,parity,46,-0.013440769165754318,-0.022370354738086462,-0.0070299431681632996,-0.01764164439847936,0.06521739130434782,-0.07513333394785975,0.4508974173964738
primary_1000_1pp,target_active,hamming_weight_square_wave_29_4,parity_10,39,-0.011001050472259521,-0.01984261069446802,-0.005437531508505344,-0.014082079538359092,0.07692307692307693,-0.18283947925563962,0.12500905538202303
primary_1000_1pp,target_active,hamming_weight_square_wave_29_4,Majority_10,37,-0.006433360278606415,-0.015144243836402893,-0.0003634914755821228,-0.007272680743119201,0.1891891891891892,-0.08866217382401821,0.11386819889399047
primary_1000_1pp,target_active,hamming_weight_square_wave_29_4,weighted_voting_29,32,-0.01163274422287941,-0.019166424870491028,-0.003527390770614147,-0.014324231597129256,0.21875,-0.19112405735456175,0.10076129798467763
primary_1000_1pp,target_active,hamming_weight_square_wave_29_4,hamming_weight_square_wave_29_4,20,-0.0232575461268425,-0.03281934931874275,-0.014339386951178312,-0.024315154179930687,0.05,-0.6553896284389691,1.0
primary_1000_1pp,both_active,tribe_5_5,tribe_5_5,35,-0.0540139302611351,-0.0772731602191925,-0.023264139890670776,-0.05939284839800426,0.0,-1.019149938457063,1.0
primary_1000_1pp,both_active,tribe_5_5,tribe_5_4,18,-0.052828436717391014,-0.0593372480943799,-0.01602834416553378,-0.041637735751767956,0.0,-1.3818653836034018,0.7964987759215815
primary_1000_1pp,both_active,tribe_5_5,majority,0,,,,,,,
primary_1000_1pp,both_active,tribe_5_5,parity,0,,,,,,,
primary_1000_1pp,both_active,tribe_5_5,parity_10,0,,,,,,,
primary_1000_1pp,both_active,tribe_5_5,Majority_10,0,,,,,,,
primary_1000_1pp,both_active,tribe_5_5,weighted_voting_29,0,,,,,,,
primary_1000_1pp,both_active,tribe_5_5,hamming_weight_square_wave_29_4,0,,,,,,,
primary_1000_1pp,both_active,tribe_5_4,tribe_5_5,18,-0.03769901394844055,-0.05125895608216524,-0.02846087235957384,-0.03765174373984337,0.0,-0.6513114031491763,0.7964987759215815
primary_1000_1pp,both_active,tribe_5_4,tribe_5_4,31,-0.04495177045464516,-0.07008446380496025,-0.029897212982177734,-0.05220239236950874,0.03225806451612903,-1.7709263022710222,1.0
primary_1000_1pp,both_active,tribe_5_4,majority,0,,,,,,,
primary_1000_1pp,both_active,tribe_5_4,parity,0,,,,,,,
primary_1000_1pp,both_active,tribe_5_4,parity_10,0,,,,,,,
primary_1000_1pp,both_active,tribe_5_4,Majority_10,0,,,,,,,
primary_1000_1pp,both_active,tribe_5_4,weighted_voting_29,0,,,,,,,
primary_1000_1pp,both_active,tribe_5_4,hamming_weight_square_wave_29_4,0,,,,,,,
primary_1000_1pp,both_active,majority,tribe_5_5,0,,,,,,,
primary_1000_1pp,both_active,majority,tribe_5_4,0,,,,,,,
primary_1000_1pp,both_active,majority,majority,25,-0.07480979710817337,-0.10931958258152008,-0.01303417980670929,-0.053883699178695676,0.2,-1.6125827280694227,1.0
primary_1000_1pp,both_active,majority,parity,16,-0.019161425530910492,-0.02603495866060257,-0.01676129549741745,-0.021843118593096733,0.0,-0.08535485340091892,-0.3284474975245528
primary_1000_1pp,both_active,majority,parity_10,1,-0.033771127462387085,-0.033771127462387085,-0.033771127462387085,-0.033771127462387085,0.0,-0.12738281200819443,0.19063862066508963
primary_1000_1pp,both_active,majority,Majority_10,19,-0.0102166086435318,-0.015275970101356506,-0.002174828201532364,-0.01021777544366686,0.10526315789473684,-0.06910158215691017,-0.0032162844230042634
primary_1000_1pp,both_active,majority,weighted_voting_29,20,-0.0892164558172226,-0.10223066620528698,-0.010120172053575516,-0.06148511618375778,0.2,-1.0065276731790493,-0.13766347389186828
primary_1000_1pp,both_active,majority,hamming_weight_square_wave_29_4,20,-0.027061181142926216,-0.04422942269593477,-0.016643399372696877,-0.03103489112108946,0.0,-0.8365380604440469,0.17418342571749987
primary_1000_1pp,both_active,parity,tribe_5_5,0,,,,,,,
primary_1000_1pp,both_active,parity,tribe_5_4,0,,,,,,,
primary_1000_1pp,both_active,parity,majority,16,-0.01377120427787304,-0.01708577899262309,-0.011576290242373943,-0.016042544797528535,0.0625,-0.49618690969577633,-0.3284474975245528
primary_1000_1pp,both_active,parity,parity,46,-0.0354149267077446,-0.10058891214430332,-0.021443277597427368,-0.07066336298442405,0.043478260869565216,-0.22598117387104466,1.0
primary_1000_1pp,both_active,parity,parity_10,20,0.00044612749479711056,-0.0020635370747186244,0.003077179193496704,-0.0011338791926391422,0.5,0.0027512817736834788,0.1090336350538966
primary_1000_1pp,both_active,parity,Majority_10,32,-0.024464364163577557,-0.03425714001059532,-0.010090619325637817,-0.023762563680065796,0.0625,-0.3144496698462821,0.04154908742639109
primary_1000_1pp,both_active,parity,weighted_voting_29,27,-0.0044496431946754456,-0.008562564849853516,-0.0006009172648191452,-0.005654395937367722,0.18518518518518517,-0.052791835904134034,0.2585425793953653
primary_1000_1pp,both_active,parity,hamming_weight_square_wave_29_4,14,-0.034774256870150566,-0.041066461242735386,-0.020471109077334404,-0.028614051373941556,0.07142857142857142,-1.4688735915863833,0.21582474035838564
primary_1000_1pp,both_active,parity_10,tribe_5_5,0,,,,,,,
primary_1000_1pp,both_active,parity_10,tribe_5_4,0,,,,,,,
primary_1000_1pp,both_active,parity_10,majority,1,-0.005276503041386604,-0.005276503041386604,-0.005276503041386604,-0.005276503041386604,0.0,-0.21347496165206412,0.19063862066508963
primary_1000_1pp,both_active,parity_10,parity,20,-0.011103685945272446,-0.01736386027187109,-0.004533710423856974,-0.012158467900007963,0.2,-0.10448165388689404,0.1090336350538966
primary_1000_1pp,both_active,parity_10,parity_10,39,-0.1392194926738739,-0.38924820721149445,-0.05936644971370697,-0.2317850545812876,0.0,-4.127678081450905,1.0
primary_1000_1pp,both_active,parity_10,Majority_10,11,-0.018777992576360703,-0.05813828483223915,-0.002217961475253105,-0.038125067949295044,0.2727272727272727,-0.6266544439413714,0.23170197294875933
primary_1000_1pp,both_active,parity_10,weighted_voting_29,7,-0.019491929560899734,-0.020780326798558235,-0.009712276980280876,-0.017169625099216188,0.0,-0.4441267699649641,0.05308663894539393
primary_1000_1pp,both_active,parity_10,hamming_weight_square_wave_29_4,0,,,,,,,
primary_1000_1pp,both_active,Majority_10,tribe_5_5,0,,,,,,,
primary_1000_1pp,both_active,Majority_10,tribe_5_4,0,,,,,,,
primary_1000_1pp,both_active,Majority_10,majority,19,-0.01249234564602375,-0.018848150968551636,-0.005415820050984621,-0.015278641673687258,0.10526315789473684,-0.36562165968028487,-0.0032162844230042634
primary_1000_1pp,both_active,Majority_10,parity,32,-0.008209742605686188,-0.014217469841241837,-0.0037154462188482285,-0.009355054586194456,0.09375,-0.04586278758579074,0.04154908742639109
primary_1000_1pp,both_active,Majority_10,parity_10,11,-0.02857792377471924,-0.04644803702831268,-0.010438576340675354,-0.02936212718486786,0.09090909090909091,-0.11866380839605249,0.23170197294875933
primary_1000_1pp,both_active,Majority_10,Majority_10,37,-0.0339881032705307,-0.06668783724308014,0.0035345852375030518,-0.03793129546416772,0.32432432432432434,-0.6445545998242542,1.0
primary_1000_1pp,both_active,Majority_10,weighted_voting_29,30,-0.008971288800239563,-0.021029162220656872,-0.004659345373511314,-0.01440354660153389,0.1,-0.16966264384282603,0.016284409069935286
primary_1000_1pp,both_active,Majority_10,hamming_weight_square_wave_29_4,14,-0.006109158508479595,-0.00896208337508142,-0.001832157839089632,-0.005978186747857502,0.07142857142857142,-0.12824292196939016,-0.037147114670388615
primary_1000_1pp,both_active,weighted_voting_29,tribe_5_5,0,,,,,,,
primary_1000_1pp,both_active,weighted_voting_29,tribe_5_4,0,,,,,,,
primary_1000_1pp,both_active,weighted_voting_29,majority,20,-0.061321211978793144,-0.07328807935118675,-0.03907481208443642,-0.05353439459577203,0.05,-1.6633089577532143,-0.13766347389186828
primary_1000_1pp,both_active,weighted_voting_29,parity,27,-0.01966288685798645,-0.02558574080467224,-0.015330791473388672,-0.02417306712380162,0.037037037037037035,-0.10032254549307579,0.2585425793953653
primary_1000_1pp,both_active,weighted_voting_29,parity_10,7,-0.009415090084075928,-0.012386679649353027,-0.008155494928359985,-0.010227297033582414,0.0,-0.03582112094331061,0.05308663894539393
primary_1000_1pp,both_active,weighted_voting_29,Majority_10,30,-0.0018220620695501566,-0.015826350077986717,0.00523192435503006,-0.005532265780493617,0.43333333333333335,-0.05415099002479959,0.016284409069935286
primary_1000_1pp,both_active,weighted_voting_29,weighted_voting_29,32,-0.0864403024315834,-0.09944753721356392,-0.05619201809167862,-0.07077260757796466,0.125,-1.576683932943841,1.0
primary_1000_1pp,both_active,weighted_voting_29,hamming_weight_square_wave_29_4,15,-0.013369959779083729,-0.023089386522769928,-0.012410640716552734,-0.01693660728633404,0.0,-0.6605665784312142,0.2700754796114801
primary_1000_1pp,both_active,hamming_weight_square_wave_29_4,tribe_5_5,0,,,,,,,
primary_1000_1pp,both_active,hamming_weight_square_wave_29_4,tribe_5_4,0,,,,,,,
primary_1000_1pp,both_active,hamming_weight_square_wave_29_4,majority,20,-0.014199086464941502,-0.03321441449224949,-0.009694978594779968,-0.01741157900542021,0.15,-0.6616766776925727,0.17418342571749987
primary_1000_1pp,both_active,hamming_weight_square_wave_29_4,parity,14,-0.010912954807281494,-0.016322128474712372,-0.00554574653506279,-0.014628509325640542,0.07142857142857142,-0.04808266271088383,0.21582474035838564
primary_1000_1pp,both_active,hamming_weight_square_wave_29_4,parity_10,0,,,,,,,
primary_1000_1pp,both_active,hamming_weight_square_wave_29_4,Majority_10,14,-0.012998074293136597,-0.017681293189525604,-0.0012243390083312988,-0.010811175618852888,0.07142857142857142,-0.08733687349732396,-0.037147114670388615
primary_1000_1pp,both_active,hamming_weight_square_wave_29_4,weighted_voting_29,15,-0.005536418408155441,-0.023575857281684875,0.0008431598544120789,-0.013231478879849117,0.3333333333333333,-0.09248876617939325,0.2700754796114801
primary_1000_1pp,both_active,hamming_weight_square_wave_29_4,hamming_weight_square_wave_29_4,20,-0.0232575461268425,-0.03281934931874275,-0.014339386951178312,-0.024315154179930687,0.05,-0.6553896284389691,1.0
window_500_gain_1pp,target_active,tribe_5_5,tribe_5_5,2,-0.08430281840264797,-0.12020235043019056,-0.04840328637510538,-0.08430281840264797,0.0,-4.583617428781231,1.0
window_500_gain_1pp,target_active,tribe_5_5,tribe_5_4,8,-0.02329924702644348,-0.05226392764598131,-0.015870523173362017,-0.03235424868762493,0.0,-0.5332194435148753,0.5366540771440786
window_500_gain_1pp,target_active,tribe_5_5,majority,16,-0.043197305873036385,-0.08144106343388557,-0.02990043768659234,-0.057651801500469446,0.0,-0.7267248709126268,0.027384312702932824
window_500_gain_1pp,target_active,tribe_5_5,parity,38,-0.010480441153049469,-0.01887764409184456,-0.002802584320306778,-0.011156473259784673,0.15789473684210525,-0.06401501995096923,-0.292606053320394
window_500_gain_1pp,target_active,tribe_5_5,parity_10,29,-0.043506767600774765,-0.1552545726299286,-0.018197864294052124,-0.08472700288583493,0.0,-2.1493912540847053,0.16816362056961998
window_500_gain_1pp,target_active,tribe_5_5,Majority_10,32,-0.06082779914140701,-0.06885052844882011,-0.042237332090735435,-0.05666548217413947,0.0,-0.4407403240247347,0.059998661223242024
window_500_gain_1pp,target_active,tribe_5_5,weighted_voting_29,26,-0.016356848180294037,-0.024160616099834442,-0.009887458756566048,-0.017629843635054734,0.15384615384615385,-0.30588724287891816,-0.0442476970114822
window_500_gain_1pp,target_active,tribe_5_5,hamming_weight_square_wave_29_4,13,-0.014464505016803741,-0.019662469625473022,-0.00804707407951355,-0.015298992252120605,0.0,-0.1743816937049899,0.09224962581030448
window_500_gain_1pp,target_active,tribe_5_4,tribe_5_5,2,-0.06767584569752216,-0.0811558598652482,-0.054195831529796124,-0.06767584569752216,0.0,-3.0944907113356037,0.5503302340574583
window_500_gain_1pp,target_active,tribe_5_4,tribe_5_4,8,-0.028309217654168606,-0.037193830125033855,-0.015255727805197239,-0.027132693445309997,0.0,-0.7386677796758461,1.0
window_500_gain_1pp,target_active,tribe_5_4,majority,16,-0.017113441601395607,-0.08342593908309937,-0.00824826117604971,-0.046570534352213144,0.0,-0.48484661321647393,-0.2861541976373606
window_500_gain_1pp,target_active,tribe_5_4,parity,38,-0.012078091502189636,-0.024827472865581512,-0.0019428804516792297,-0.013645130209624767,0.21052631578947367,-0.060759160714958654,0.0036644534580620083
window_500_gain_1pp,target_active,tribe_5_4,parity_10,29,-0.025007575750350952,-0.06667862087488174,-0.012265443801879883,-0.04514710348227929,0.0,-0.6223429971735369,0.030826330050452794
window_500_gain_1pp,target_active,tribe_5_4,Majority_10,32,-0.048049867153167725,-0.10000799968838692,-0.013159511610865593,-0.05732864164747298,0.03125,-0.3240654515131708,0.039642847364712755
window_500_gain_1pp,target_active,tribe_5_4,weighted_voting_29,26,-0.007796980440616608,-0.010528890881687403,-0.0034890705719590187,-0.007535414555324958,0.15384615384615385,-0.12764584008497798,0.05944085365452166
window_500_gain_1pp,target_active,tribe_5_4,hamming_weight_square_wave_29_4,13,-0.008927635848522186,-0.02051764726638794,-0.002665579319000244,-0.013795635304771937,0.07692307692307693,-0.1314144821294988,0.056262585702903635
window_500_gain_1pp,target_active,majority,tribe_5_5,2,-0.028291286900639534,-0.0401892913505435,-0.01639328245073557,-0.028291286900639534,0.0,-0.6248266695362144,0.012745855537327638
window_500_gain_1pp,target_active,majority,tribe_5_4,8,-0.030822210013866425,-0.03697585687041283,-0.02592926286160946,-0.030912778805941343,0.0,-0.7930819863929766,-0.00429980372452855
window_500_gain_1pp,target_active,majority,majority,16,-0.06833096966147423,-0.10327897407114506,-0.0029220450669527054,-0.049184936098754406,0.25,-1.6101800244046394,1.0
window_500_gain_1pp,target_active,majority,parity,38,-0.025610849261283875,-0.04020612686872482,-0.017162829637527466,-0.032461163342783324,0.0,-0.12345987277101124,0.19201812626807724
window_500_gain_1pp,target_active,majority,parity_10,29,-0.016731631010770798,-0.035056762397289276,-0.009096190333366394,-0.02062662600957114,0.13793103448275862,-0.16557195413912545,0.13751906205198328
window_500_gain_1pp,target_active,majority,Majority_10,32,-0.008180972188711166,-0.014643102884292603,-0.0013384437188506126,-0.007730275392532349,0.1875,-0.06745504259345272,0.01155838410578057
window_500_gain_1pp,target_active,majority,weighted_voting_29,26,-0.0892164558172226,-0.1024087481200695,-0.012748904526233673,-0.0603201429431255,0.19230769230769232,-1.0065276731790493,-0.20398332713990291
window_500_gain_1pp,target_active,majority,hamming_weight_square_wave_29_4,13,-0.025234326720237732,-0.03798999637365341,-0.014557763934135437,-0.025756151630328253,0.0,-0.4378557430347928,-0.029114738336041925
window_500_gain_1pp,target_active,parity,tribe_5_5,2,-0.0030102571472525597,-0.0036839661188423634,-0.002336548175662756,-0.0030102571472525597,0.0,-0.14047150344546994,0.06186753903512092
window_500_gain_1pp,target_active,parity,tribe_5_4,8,-0.004982892423868179,-0.011106777470558882,-0.0009015295654535294,-0.006844549672678113,0.25,-0.13471305601579034,-0.05373823178553223
window_500_gain_1pp,target_active,parity,majority,16,-0.017697074450552464,-0.025911628268659115,-0.011576290242373943,-0.022341268020682037,0.125,-0.441606840870299,-0.3804104023209677
window_500_gain_1pp,target_active,parity,parity,38,-0.031159475445747375,-0.0818765889853239,-0.019472479820251465,-0.05611037129634305,0.05263157894736842,-0.15749232649189637,1.0
window_500_gain_1pp,target_active,parity,parity_10,29,-0.0018620193004608154,-0.005505852401256561,0.0020522475242614746,-0.0034102120533071713,0.3448275862068966,-0.049913853920488256,0.07554191345624355
window_500_gain_1pp,target_active,parity,Majority_10,32,-0.024630248546600342,-0.03425714001059532,-0.009403168223798275,-0.022510565089760348,0.125,-0.1972175893351753,-0.02761040258119065
window_500_gain_1pp,target_active,parity,weighted_voting_29,26,-0.005138367414474487,-0.01283439714461565,0.0008491817861795425,-0.006741765456703993,0.2692307692307692,-0.07881408963151373,0.24617855304657565
window_500_gain_1pp,target_active,parity,hamming_weight_square_wave_29_4,13,-0.018130183219909668,-0.034059926867485046,-0.014802508056163788,-0.02009344330200782,0.07692307692307693,-0.2790477684636648,0.2152816669975997
window_500_gain_1pp,target_active,parity_10,tribe_5_5,2,-0.0019189128652215004,-0.0021317279897630215,-0.0017060977406799793,-0.0019189128652215004,0.0,-0.08128081280361779,0.1458780104346057
window_500_gain_1pp,target_active,parity_10,tribe_5_4,8,-0.002500610426068306,-0.00712272385135293,0.0008702222257852554,-0.003817414166405797,0.375,-0.04547691688692205,-0.13564843091161677
window_500_gain_1pp,target_active,parity_10,majority,16,-0.014210274443030357,-0.021453780587762594,0.0054229870438575745,-0.005704912822693586,0.25,-0.2523633688085793,-0.13395041203458147
window_500_gain_1pp,target_active,parity_10,parity,38,-0.0156706552952528,-0.021778114140033722,-0.009231261909008026,-0.01547804484634023,0.05263157894736842,-0.0939232675860572,0.20077740822182938
window_500_gain_1pp,target_active,parity_10,parity_10,29,-0.19828733801841736,-0.40717077255249023,-0.059877485036849976,-0.23479736300891843,0.0,-2.2250501246183223,1.0
window_500_gain_1pp,target_active,parity_10,Majority_10,32,-0.015804346650838852,-0.024065325036644936,-0.0041725412011146545,-0.014773750852327794,0.1875,-0.13423957344675463,-0.2074568339869978
window_500_gain_1pp,target_active,parity_10,weighted_voting_29,26,-0.01921728439629078,-0.03112189844250679,-0.013356528710573912,-0.024321281566069677,0.11538461538461539,-0.2961145580573283,0.09668427314799509
window_500_gain_1pp,target_active,parity_10,hamming_weight_square_wave_29_4,13,-0.010730568319559097,-0.013157393783330917,-0.0037475526332855225,-0.008036967510214219,0.15384615384615385,-0.22307904519334218,-0.01647397263486561
window_500_gain_1pp,target_active,Majority_10,tribe_5_5,2,-0.012760807760059834,-0.016199917066842318,-0.00932169845327735,-0.012760807760059834,0.0,-0.3553521758880963,0.005398865643485892
window_500_gain_1pp,target_active,Majority_10,tribe_5_4,8,-0.02118214312940836,-0.034029824659228325,-0.008273179642856121,-0.021758474176749587,0.0,-0.6155193330840334,-0.003996975992595613
window_500_gain_1pp,target_active,Majority_10,majority,16,-0.012174680829048157,-0.021313895471394062,0.0003292541950941086,-0.012412737705744803,0.25,-0.3031721695316213,0.18514367076251073
window_500_gain_1pp,target_active,Majority_10,parity,38,-0.00899108499288559,-0.014424335211515427,-0.004228375852108002,-0.01085546245112231,0.10526315789473684,-0.054440038987172076,0.01628303439352983
window_500_gain_1pp,target_active,Majority_10,parity_10,29,-0.04399770498275757,-0.06257080286741257,-0.027094006538391113,-0.08010971803089668,0.034482758620689655,-0.26174449727849475,0.45671894319223194
window_500_gain_1pp,target_active,Majority_10,Majority_10,32,-0.020607151091098785,-0.05032085068523884,0.0055687762796878815,-0.024984115385450423,0.375,-0.14309926431153883,1.0
window_500_gain_1pp,target_active,Majority_10,weighted_voting_29,26,-0.009123247116804123,-0.025826822966337204,-0.004888012073934078,-0.015047375327692581,0.15384615384615385,-0.15010099066421395,0.026580720456543843
window_500_gain_1pp,target_active,Majority_10,hamming_weight_square_wave_29_4,13,-0.006494805216789246,-0.017811208963394165,-0.002741064876317978,-0.011424494047577564,0.07692307692307693,-0.11880667784039028,-0.09170096623618196
window_500_gain_1pp,target_active,weighted_voting_29,tribe_5_5,2,-0.002897845581173897,-0.004868754185736179,-0.0009269369766116142,-0.002897845581173897,0.5,-0.03530757308707372,0.14318910969332915
window_500_gain_1pp,target_active,weighted_voting_29,tribe_5_4,8,-0.006390129216015339,-0.007157750427722931,-0.005266966763883829,-0.008158306125551462,0.125,-0.13747202837010047,0.00943728780457602
window_500_gain_1pp,target_active,weighted_voting_29,majority,16,-0.06706016510725021,-0.07548222877085209,-0.05611977353692055,-0.05955957598052919,0.0625,-1.2592867213817396,-0.27666999420552957
window_500_gain_1pp,target_active,weighted_voting_29,parity,38,-0.022959023714065552,-0.048212673515081406,-0.017151877284049988,-0.036097564293365726,0.02631578947368421,-0.11433989527251186,0.18676769013982156
window_500_gain_1pp,target_active,weighted_voting_29,parity_10,29,-0.03456670045852661,-0.08218337595462799,-0.013961508870124817,-0.06325244030048108,0.06896551724137931,-0.47259048455517627,0.12766944865324364
window_500_gain_1pp,target_active,weighted_voting_29,Majority_10,32,-0.0038855187594890594,-0.016849837265908718,0.004171602427959442,-0.006871616351418197,0.40625,-0.05877206572387702,0.04990865020842468
window_500_gain_1pp,target_active,weighted_voting_29,weighted_voting_29,26,-0.0830155573785305,-0.10068100318312645,-0.01684303767979145,-0.05904485944371957,0.23076923076923078,-1.1962664928439066,1.0
window_500_gain_1pp,target_active,weighted_voting_29,hamming_weight_square_wave_29_4,13,-0.02083948627114296,-0.025495439767837524,-0.012561582028865814,-0.019874882096281417,0.0,-0.23680321066055263,0.19567868821926956
window_500_gain_1pp,target_active,hamming_weight_square_wave_29_4,tribe_5_5,2,-0.011207623407244682,-0.01630202028900385,-0.006113226525485516,-0.011207623407244682,0.0,-0.23299303413824926,0.053884957783748993
window_500_gain_1pp,target_active,hamming_weight_square_wave_29_4,tribe_5_4,8,-0.01958901807665825,-0.02329873898997903,-0.016180427744984627,-0.018405811162665486,0.0,-0.4428266383030646,-0.14891385663722168
window_500_gain_1pp,target_active,hamming_weight_square_wave_29_4,majority,16,-0.012735770083963871,-0.02862520655617118,0.013700015842914581,-0.007849114714190364,0.3125,-0.3403593725778684,0.12017652874420379
window_500_gain_1pp,target_active,hamming_weight_square_wave_29_4,parity,38,-0.010094091296195984,-0.016369592398405075,-0.00554574653506279,-0.015664708653562946,0.07894736842105263,-0.0632774317709311,0.48050034519533436
window_500_gain_1pp,target_active,hamming_weight_square_wave_29_4,parity_10,29,-0.008517611771821976,-0.020871758460998535,-0.004520826041698456,-0.013786074432448066,0.10344827586206896,-0.1415056780987896,0.11770719354577545
window_500_gain_1pp,target_active,hamming_weight_square_wave_29_4,Majority_10,32,-0.006605093367397785,-0.01545776054263115,-0.00030609313398599625,-0.007740239263512194,0.1875,-0.07222484075177202,0.03454041981079663
window_500_gain_1pp,target_active,hamming_weight_square_wave_29_4,weighted_voting_29,26,-0.013237383216619492,-0.02965863049030304,-0.0026562451384961605,-0.019518308484783538,0.19230769230769232,-0.22356163569306287,-0.0012723246581897614
window_500_gain_1pp,target_active,hamming_weight_square_wave_29_4,hamming_weight_square_wave_29_4,13,-0.024165913462638855,-0.031279221177101135,-0.015180021524429321,-0.023692690982268408,0.07692307692307693,-0.23301222326922696,1.0
window_500_gain_1pp,both_active,tribe_5_5,tribe_5_5,2,-0.08430281840264797,-0.12020235043019056,-0.04840328637510538,-0.08430281840264797,0.0,-4.583617428781231,1.0
window_500_gain_1pp,both_active,tribe_5_5,tribe_5_4,1,-0.00903269462287426,-0.00903269462287426,-0.00903269462287426,-0.00903269462287426,0.0,-0.41018654074078337,0.4095198522577819
window_500_gain_1pp,both_active,tribe_5_5,majority,0,,,,,,,
window_500_gain_1pp,both_active,tribe_5_5,parity,0,,,,,,,
window_500_gain_1pp,both_active,tribe_5_5,parity_10,0,,,,,,,
window_500_gain_1pp,both_active,tribe_5_5,Majority_10,0,,,,,,,
window_500_gain_1pp,both_active,tribe_5_5,weighted_voting_29,0,,,,,,,
window_500_gain_1pp,both_active,tribe_5_5,hamming_weight_square_wave_29_4,0,,,,,,,
window_500_gain_1pp,both_active,tribe_5_4,tribe_5_5,1,-0.040715817362070084,-0.040715817362070084,-0.040715817362070084,-0.040715817362070084,0.0,-0.7758410878501831,0.4095198522577819
window_500_gain_1pp,both_active,tribe_5_4,tribe_5_4,8,-0.028309217654168606,-0.037193830125033855,-0.015255727805197239,-0.027132693445309997,0.0,-0.7386677796758461,1.0
window_500_gain_1pp,both_active,tribe_5_4,majority,0,,,,,,,
window_500_gain_1pp,both_active,tribe_5_4,parity,0,,,,,,,
window_500_gain_1pp,both_active,tribe_5_4,parity_10,1,-0.06872716546058655,-0.06872716546058655,-0.06872716546058655,-0.06872716546058655,0.0,-0.6223429971735369,-0.4061075468691575
window_500_gain_1pp,both_active,tribe_5_4,Majority_10,0,,,,,,,
window_500_gain_1pp,both_active,tribe_5_4,weighted_voting_29,0,,,,,,,
window_500_gain_1pp,both_active,tribe_5_4,hamming_weight_square_wave_29_4,0,,,,,,,
window_500_gain_1pp,both_active,majority,tribe_5_5,0,,,,,,,
window_500_gain_1pp,both_active,majority,tribe_5_4,0,,,,,,,
window_500_gain_1pp,both_active,majority,majority,16,-0.06833096966147423,-0.10327897407114506,-0.0029220450669527054,-0.049184936098754406,0.25,-1.6101800244046394,1.0
window_500_gain_1pp,both_active,majority,parity,9,-0.01876269280910492,-0.019487276673316956,-0.015968680381774902,-0.01907103757063548,0.0,-0.08206936531020131,-0.33509086174750036
window_500_gain_1pp,both_active,majority,parity_10,0,,,,,,,
window_500_gain_1pp,both_active,majority,Majority_10,13,-0.010638311505317688,-0.014830410480499268,-0.006058201193809509,-0.010297950643759508,0.07692307692307693,-0.06910158215691017,0.08358610469953752
window_500_gain_1pp,both_active,majority,weighted_voting_29,13,-0.08668989688158035,-0.10366542637348175,0.0010208338499069214,-0.05999375535891606,0.3076923076923077,-0.9847258491580209,-0.1498942852451438
window_500_gain_1pp,both_active,majority,hamming_weight_square_wave_29_4,10,-0.027061181142926216,-0.03823450207710266,-0.017316121608018875,-0.028427385538816453,0.0,-0.6602310413486735,0.08244955091000071
window_500_gain_1pp,both_active,parity,tribe_5_5,0,,,,,,,
window_500_gain_1pp,both_active,parity,tribe_5_4,0,,,,,,,
window_500_gain_1pp,both_active,parity,majority,9,-0.013730492442846298,-0.01891966536641121,-0.012050863355398178,-0.015218913762105836,0.0,-0.4339112418505175,-0.33509086174750036
window_500_gain_1pp,both_active,parity,parity,38,-0.031159475445747375,-0.0818765889853239,-0.019472479820251465,-0.05611037129634305,0.05263157894736842,-0.15749232649189637,1.0
window_500_gain_1pp,both_active,parity,parity_10,11,0.002329409122467041,-0.0013341978192329407,0.0040062665939331055,0.0007441897283900868,0.5454545454545454,0.009510383525361266,0.03997408001196848
window_500_gain_1pp,both_active,parity,Majority_10,26,-0.02556225284934044,-0.03903461806476116,-0.013322945684194565,-0.02683921355324296,0.038461538461538464,-0.23465544950861233,-0.02761040258119065
window_500_gain_1pp,both_active,parity,weighted_voting_29,18,-0.005138367414474487,-0.009524074383080006,-0.0005931882187724113,-0.007323019310004181,0.2222222222222222,-0.057614291894618586,0.24730579706201497
window_500_gain_1pp,both_active,parity,hamming_weight_square_wave_29_4,7,-0.022313300520181656,-0.03733433783054352,-0.011599985882639885,-0.021142912762505666,0.14285714285714285,-0.5275000310549175,0.12817600227169093
window_500_gain_1pp,both_active,parity_10,tribe_5_5,0,,,,,,,
window_500_gain_1pp,both_active,parity_10,tribe_5_4,1,-0.006154999136924744,-0.006154999136924744,-0.006154999136924744,-0.006154999136924744,0.0,-0.11230792090931745,-0.4061075468691575
window_500_gain_1pp,both_active,parity_10,majority,0,,,,,,,
window_500_gain_1pp,both_active,parity_10,parity,11,-0.010051392018795013,-0.018282001838088036,-0.005189280956983566,-0.012698640369556168,0.09090909090909091,-0.10376617549515846,0.03997408001196848
window_500_gain_1pp,both_active,parity_10,parity_10,29,-0.19828733801841736,-0.40717077255249023,-0.059877485036849976,-0.23479736300891843,0.0,-2.2250501246183223,1.0
window_500_gain_1pp,both_active,parity_10,Majority_10,5,0.002145737409591675,-0.006581660360097885,0.0034341346472501755,-0.0001363929361104965,0.6,0.031066202565672493,0.23170197294875933
window_500_gain_1pp,both_active,parity_10,weighted_voting_29,2,-0.01743567641824484,-0.019440292846411467,-0.01543105999007821,-0.01743567641824484,0.0,-0.4871791499959267,0.09724790214583674
window_500_gain_1pp,both_active,parity_10,hamming_weight_square_wave_29_4,0,,,,,,,
window_500_gain_1pp,both_active,Majority_10,tribe_5_5,0,,,,,,,
window_500_gain_1pp,both_active,Majority_10,tribe_5_4,0,,,,,,,
window_500_gain_1pp,both_active,Majority_10,majority,13,-0.013785861432552338,-0.022347040474414825,-0.006730915978550911,-0.018032073544768188,0.15384615384615385,-0.3131605904551796,0.08358610469953752
window_500_gain_1pp,both_active,Majority_10,parity,26,-0.007659099996089935,-0.01339193806052208,-0.002960445359349251,-0.007922737357708124,0.11538461538461539,-0.03955895232527601,-0.02761040258119065
window_500_gain_1pp,both_active,Majority_10,parity_10,5,-0.02857792377471924,-0.037669748067855835,-0.027094006538391113,-0.02727978825569153,0.2,-0.11050306693039148,0.23170197294875933
window_500_gain_1pp,both_active,Majority_10,Majority_10,32,-0.020607151091098785,-0.05032085068523884,0.0055687762796878815,-0.024984115385450423,0.375,-0.14309926431153883,1.0
window_500_gain_1pp,both_active,Majority_10,weighted_voting_29,22,-0.008341947570443153,-0.02096453122794628,-0.00327969528734684,-0.01226491548798301,0.18181818181818182,-0.13305295391348448,0.03388617169571323
window_500_gain_1pp,both_active,Majority_10,hamming_weight_square_wave_29_4,9,-0.005449943244457245,-0.006494805216789246,-0.001733291894197464,-0.005926418842540847,0.1111111111111111,-0.08819266205555432,0.01740673689540473
window_500_gain_1pp,both_active,weighted_voting_29,tribe_5_5,0,,,,,,,
window_500_gain_1pp,both_active,weighted_voting_29,tribe_5_4,0,,,,,,,
window_500_gain_1pp,both_active,weighted_voting_29,majority,13,-0.06322988867759705,-0.07608548551797867,-0.0493551641702652,-0.05729953801402679,0.07692307692307693,-1.6103522175918814,-0.1498942852451438
window_500_gain_1pp,both_active,weighted_voting_29,parity,18,-0.018612705171108246,-0.02428460866212845,-0.014838807284832,-0.0208030603826046,0.05555555555555555,-0.08931303018094922,0.24730579706201497
window_500_gain_1pp,both_active,weighted_voting_29,parity_10,2,-0.021019786596298218,-0.027441129088401794,-0.014598444104194641,-0.021019786596298218,0.0,-0.08152585555863451,0.09724790214583674
window_500_gain_1pp,both_active,weighted_voting_29,Majority_10,22,0.00123663991689682,-0.015845599118620157,0.008965229615569115,-0.00547688462856141,0.5,0.009884974844599673,0.03388617169571323
window_500_gain_1pp,both_active,weighted_voting_29,weighted_voting_29,26,-0.0830155573785305,-0.10068100318312645,-0.01684303767979145,-0.05904485944371957,0.23076923076923078,-1.1962664928439066,1.0
window_500_gain_1pp,both_active,weighted_voting_29,hamming_weight_square_wave_29_4,10,-0.013933454640209675,-0.02194769401103258,-0.012335170060396194,-0.015900343470275403,0.0,-0.2699099664228418,0.2571170928796329
window_500_gain_1pp,both_active,hamming_weight_square_wave_29_4,tribe_5_5,0,,,,,,,
window_500_gain_1pp,both_active,hamming_weight_square_wave_29_4,tribe_5_4,0,,,,,,,
window_500_gain_1pp,both_active,hamming_weight_square_wave_29_4,majority,10,-0.01360228843986988,-0.03043022844940424,-0.002645473927259445,-0.01281290166079998,0.2,-0.3403593725778684,0.08244955091000071
window_500_gain_1pp,both_active,hamming_weight_square_wave_29_4,parity,7,-0.009067714214324951,-0.02491573989391327,-0.003521263599395752,-0.017726155264036998,0.14285714285714285,-0.040421262618774705,0.12817600227169093
window_500_gain_1pp,both_active,hamming_weight_square_wave_29_4,parity_10,0,,,,,,,
window_500_gain_1pp,both_active,hamming_weight_square_wave_29_4,Majority_10,9,-0.014678716659545898,-0.018008485436439514,-0.01256425678730011,-0.01353697313202752,0.0,-0.09312981405424885,0.01740673689540473
window_500_gain_1pp,both_active,hamming_weight_square_wave_29_4,weighted_voting_29,10,-0.00669388473033905,-0.04144596308469772,0.0010952837765216827,-0.020619984716176987,0.4,-0.05854273559415168,0.2571170928796329
window_500_gain_1pp,both_active,hamming_weight_square_wave_29_4,hamming_weight_square_wave_29_4,13,-0.024165913462638855,-0.031279221177101135,-0.015180021524429321,-0.023692690982268408,0.07692307692307693,-0.23301222326922696,1.0
window_1000_gain_2pp,target_active,tribe_5_5,tribe_5_5,0,,,,,,,
window_1000_gain_2pp,target_active,tribe_5_5,tribe_5_4,6,-0.05479033291339874,-0.06028783228248358,-0.027024903800338507,-0.045830782813330494,0.0,-1.7870398858956142,0.7333874852354574
window_1000_gain_2pp,target_active,tribe_5_5,majority,19,-0.05351274460554123,-0.08741363137960434,-0.0304605383425951,-0.059714230463693015,0.0,-0.8148859740546871,-0.11508817998746523
window_1000_gain_2pp,target_active,tribe_5_5,parity,35,-0.010861366987228394,-0.018509655259549618,-0.002919130027294159,-0.011366514382617814,0.11428571428571428,-0.063059066785913,-0.28916474183812785
window_1000_gain_2pp,target_active,tribe_5_5,parity_10,30,-0.046090638265013695,-0.15276219695806503,-0.018709704279899597,-0.08663906650617718,0.0,-2.1443799732148374,0.280083128538664
window_1000_gain_2pp,target_active,tribe_5_5,Majority_10,32,-0.061353616416454315,-0.06885052844882011,-0.04215372912585735,-0.0574248093762435,0.0,-0.5689127635927973,0.011362192673535911
window_1000_gain_2pp,target_active,tribe_5_5,weighted_voting_29,22,-0.020038176327943802,-0.03186327591538429,-0.014369163662195206,-0.022716826166618954,0.045454545454545456,-0.30588724287891816,-0.07458042161297193
window_1000_gain_2pp,target_active,tribe_5_5,hamming_weight_square_wave_29_4,17,-0.014644529670476913,-0.019662469625473022,-0.0095590241253376,-0.01566008527708404,0.0,-0.19448322413355779,0.05524973841228901
window_1000_gain_2pp,target_active,tribe_5_4,tribe_5_5,0,,,,,,,
window_1000_gain_2pp,target_active,tribe_5_4,tribe_5_4,6,-0.030026204884052277,-0.04946526512503624,-0.024819849524646997,-0.03535842119405667,0.0,-0.8250038076197352,1.0
window_1000_gain_2pp,target_active,tribe_5_4,majority,19,-0.04578440636396408,-0.0843396857380867,-0.009058766067028046,-0.04936849727834526,0.0,-0.5759063394759585,-0.2929166745428915
window_1000_gain_2pp,target_active,tribe_5_4,parity,35,-0.01094403862953186,-0.02467428147792816,-0.0019697099924087524,-0.014010448274867875,0.2,-0.060025897814827034,0.019244970408525255
window_1000_gain_2pp,target_active,tribe_5_4,parity_10,30,-0.027635352686047554,-0.0657378863543272,-0.011555425822734833,-0.040234080019096535,0.0,-0.9350607391101406,0.07298550110208721
window_1000_gain_2pp,target_active,tribe_5_4,Majority_10,32,-0.055908575654029846,-0.10353654623031616,-0.013159511610865593,-0.06197714013978839,0.03125,-0.7689884308821068,-0.12160001055048708
window_1000_gain_2pp,target_active,tribe_5_4,weighted_voting_29,22,-0.008888885378837585,-0.012756934389472008,-0.0039044255390763283,-0.010724969377571886,0.09090909090909091,-0.1258415445125017,-0.007185257937087838
window_1000_gain_2pp,target_active,tribe_5_4,hamming_weight_square_wave_29_4,17,-0.008927635848522186,-0.01784561574459076,-0.003935668617486954,-0.012329194311271696,0.058823529411764705,-0.1411510686848236,0.056262585702903635
window_1000_gain_2pp,target_active,majority,tribe_5_5,0,,,,,,,
window_1000_gain_2pp,target_active,majority,tribe_5_4,6,-0.029920434579253197,-0.03376586362719536,-0.026093483436852694,-0.026690844756861527,0.16666666666666666,-0.9978889726805737,0.14401617610951684
window_1000_gain_2pp,target_active,majority,majority,19,-0.07480979710817337,-0.10529251024127007,-0.0010390989482402802,-0.04836757873233996,0.2631578947368421,-1.6125827280694227,1.0
window_1000_gain_2pp,target_active,majority,parity,35,-0.02407745271921158,-0.03454325348138809,-0.016497090458869934,-0.026845724348511013,0.0,-0.1208542382134759,0.13563232950716136
window_1000_gain_2pp,target_active,majority,parity_10,30,-0.016423589549958706,-0.03176480904221535,-0.0097852589096874,-0.01927056905503074,0.13333333333333333,-0.3755615073200274,0.17226703964580364
window_1000_gain_2pp,target_active,majority,Majority_10,32,-0.008180972188711166,-0.014337644912302494,-0.001860327087342739,-0.007589070708490908,0.1875,-0.07823675490166454,0.01931344251299773
window_1000_gain_2pp,target_active,majority,weighted_voting_29,22,-0.09194901958107948,-0.1036601047962904,-0.04226747341454029,-0.07055640288374641,0.18181818181818182,-1.3599169795711474,-0.14477932518233064
window_1000_gain_2pp,target_active,majority,hamming_weight_square_wave_29_4,17,-0.025307107716798782,-0.03989112377166748,-0.014676719903945923,-0.02939033157685224,0.0,-0.616667709130536,0.0907435605712115
window_1000_gain_2pp,target_active,parity,tribe_5_5,0,,,,,,,
window_1000_gain_2pp,target_active,parity,tribe_5_4,6,-0.008140231482684612,-0.017631571274250746,-0.003086524084210396,-0.012447191091875235,0.16666666666666666,-0.2708389204205706,-0.08366390132188486
window_1000_gain_2pp,target_active,parity,majority,19,-0.019503172487020493,-0.04831088334321976,-0.01261361874639988,-0.027484020708422912,0.10526315789473684,-0.5430713795014722,-0.33509086174750036
window_1000_gain_2pp,target_active,parity,parity,35,-0.03163576126098633,-0.06334323063492775,-0.02063853293657303,-0.04710425968681063,0.0,-0.15992594828401624,1.0
window_1000_gain_2pp,target_active,parity,parity_10,30,-0.002999003976583481,-0.007893009344115853,-0.0003811897477135062,-0.004530048548864822,0.23333333333333334,-0.08043762770460561,0.08489594327890679
window_1000_gain_2pp,target_active,parity,Majority_10,32,-0.022704606875777245,-0.03425714001059532,-0.009403168223798275,-0.021849934506462887,0.125,-0.23465544950861233,-0.0005252505623668507
window_1000_gain_2pp,target_active,parity,weighted_voting_29,22,-0.0035870298743247986,-0.00896155834197998,-0.00029702112078666687,-0.004634798589077863,0.22727272727272727,-0.05234916101975149,0.2580460446375364
window_1000_gain_2pp,target_active,parity,hamming_weight_square_wave_29_4,17,-0.022313300520181656,-0.03760787472128868,-0.0164262056350708,-0.024753650321679956,0.058823529411764705,-0.40588100606171457,0.2152816669975997
window_1000_gain_2pp,target_active,parity_10,tribe_5_5,0,,,,,,,
window_1000_gain_2pp,target_active,parity_10,tribe_5_4,6,-0.0007735481485724449,-0.007881435565650463,0.0005880165845155716,-0.002906413127978643,0.3333333333333333,-0.03191176917150608,0.35559279262126053
window_1000_gain_2pp,target_active,parity_10,majority,19,-0.010259971022605896,-0.020438571460545063,0.008858274668455124,-0.004096153829442828,0.3157894736842105,-0.17662160018515485,-0.05398459940757881
window_1000_gain_2pp,target_active,parity_10,parity,35,-0.014861151576042175,-0.021256931126117706,-0.00905192457139492,-0.015298271232417652,0.05714285714285714,-0.0880043466746438,0.20429699952903513
window_1000_gain_2pp,target_active,parity_10,parity_10,30,-0.2581378147006035,-0.4590221345424652,-0.08410602807998657,-0.28111784321566424,0.0,-6.183784251713442,1.0
window_1000_gain_2pp,target_active,parity_10,Majority_10,32,-0.012791875749826431,-0.019455336034297943,-0.003803013823926449,-0.01293965516379103,0.1875,-0.14728789801091968,-0.11987659232894371
window_1000_gain_2pp,target_active,parity_10,weighted_voting_29,22,-0.02013573795557022,-0.025625242851674557,-0.013933997601270676,-0.02107031965120272,0.09090909090909091,-0.2740691066322462,0.09668427314799509
window_1000_gain_2pp,target_active,parity_10,hamming_weight_square_wave_29_4,17,-0.008220376446843147,-0.01185856107622385,-0.0037475526332855225,-0.007679628591765375,0.11764705882352941,-0.2339847438189397,0.0901829020088283
window_1000_gain_2pp,target_active,Majority_10,tribe_5_5,0,,,,,,,
window_1000_gain_2pp,target_active,Majority_10,tribe_5_4,6,-0.01663463469594717,-0.023002267349511385,-0.007321362383663654,-0.018266019721825916,0.0,-0.5978022441370953,0.5239106937446423
window_1000_gain_2pp,target_active,Majority_10,majority,19,-0.013785861432552338,-0.029416756704449654,-0.004496525973081589,-0.0160554296484119,0.21052631578947367,-0.3131605904551796,0.08358610469953752
window_1000_gain_2pp,target_active,Majority_10,parity,35,-0.008722782135009766,-0.014263249933719635,-0.004318661987781525,-0.009822500124573707,0.08571428571428572,-0.04942691837933328,0.021585215221148944
window_1000_gain_2pp,target_active,Majority_10,parity_10,30,-0.05820992961525917,-0.08326294459402561,-0.025097363628447056,-0.09610684004922708,0.03333333333333333,-1.0599344683149052,0.5210917210893777
window_1000_gain_2pp,target_active,Majority_10,Majority_10,32,-0.033030398190021515,-0.0551900677382946,0.0055687762796878815,-0.03134305018465966,0.34375,-0.20512393669693313,1.0
window_1000_gain_2pp,target_active,Majority_10,weighted_voting_29,22,-0.008004117757081985,-0.011741146445274353,-0.0032238028943538666,-0.010052484206177971,0.18181818181818182,-0.12860374105961,0.026580720456543843
window_1000_gain_2pp,target_active,Majority_10,hamming_weight_square_wave_29_4,17,-0.00637073814868927,-0.01771131157875061,-0.001733291894197464,-0.01003179989536019,0.058823529411764705,-0.11880667784039028,0.01740673689540473
window_1000_gain_2pp,target_active,weighted_voting_29,tribe_5_5,0,,,,,,,
window_1000_gain_2pp,target_active,weighted_voting_29,tribe_5_4,6,-0.005194437690079212,-0.006195573601871729,-0.004544929601252079,-0.009348180765906969,0.0,-0.19847436079526454,0.06530487867466289
window_1000_gain_2pp,target_active,weighted_voting_29,majority,19,-0.07120093703269958,-0.07568331435322762,-0.05386490374803543,-0.0634793554873843,0.05263157894736842,-1.3333509118415003,-0.47163932428949223
window_1000_gain_2pp,target_active,weighted_voting_29,parity,35,-0.02290397882461548,-0.04743470996618271,-0.01722317934036255,-0.035819828510284424,0.0,-0.1111150871640146,0.1996848192782279
window_1000_gain_2pp,target_active,weighted_voting_29,parity_10,30,-0.04987945407629013,-0.08611210808157921,-0.02360355854034424,-0.06689032229284446,0.06666666666666667,-0.6387069772543938,0.305833145822619
window_1000_gain_2pp,target_active,weighted_voting_29,Majority_10,32,-0.0038855187594890594,-0.016849837265908718,0.004171602427959442,-0.006367490103002638,0.40625,-0.08172378280325673,0.03388617169571323
window_1000_gain_2pp,target_active,weighted_voting_29,weighted_voting_29,22,-0.08374116197228432,-0.10054430738091469,-0.030042335391044617,-0.06409164755181833,0.18181818181818182,-1.1962664928439066,1.0
window_1000_gain_2pp,target_active,weighted_voting_29,hamming_weight_square_wave_29_4,17,-0.022206857800483704,-0.02591775357723236,-0.012561582028865814,-0.020631796844741878,0.0,-0.303016722185131,-0.0642174307181869
window_1000_gain_2pp,target_active,hamming_weight_square_wave_29_4,tribe_5_5,0,,,,,,,
window_1000_gain_2pp,target_active,hamming_weight_square_wave_29_4,tribe_5_4,6,-0.013187186792492867,-0.021197892259806395,-0.00793932843953371,-0.015024835554262003,0.0,-0.44986286389035796,-0.10330342786548935
window_1000_gain_2pp,target_active,hamming_weight_square_wave_29_4,majority,19,-0.012243881821632385,-0.02389697264879942,0.016535989940166473,-0.00852723282418753,0.3157894736842105,-0.3599768468860712,0.07415554124878992
window_1000_gain_2pp,target_active,hamming_weight_square_wave_29_4,parity,35,-0.010037824511528015,-0.016229577362537384,-0.006001986563205719,-0.013602943452341216,0.08571428571428572,-0.05882635352188062,0.4976821611719586
window_1000_gain_2pp,target_active,hamming_weight_square_wave_29_4,parity_10,30,-0.008835876360535622,-0.018895159475505352,-0.0045908596366643906,-0.012931055203080178,0.1,-0.16946824191958987,0.1372416466860215
window_1000_gain_2pp,target_active,hamming_weight_square_wave_29_4,Majority_10,32,-0.0063408128917217255,-0.013743598014116287,-0.0001227082684636116,-0.006568135693669319,0.21875,-0.07222484075177202,0.07791423999162705
window_1000_gain_2pp,target_active,hamming_weight_square_wave_29_4,weighted_voting_29,22,-0.01163274422287941,-0.02513410523533821,-0.0012588463723659515,-0.01604571007192135,0.22727272727272727,-0.15658895927699673,0.04002527283164987
window_1000_gain_2pp,target_active,hamming_weight_square_wave_29_4,hamming_weight_square_wave_29_4,17,-0.024165913462638855,-0.0374397337436676,-0.015180021524429321,-0.02537278042120092,0.058823529411764705,-0.5264120069931667,1.0
window_1000_gain_2pp,both_active,tribe_5_5,tribe_5_5,0,,,,,,,
window_1000_gain_2pp,both_active,tribe_5_5,tribe_5_4,0,,,,,,,
window_1000_gain_2pp,both_active,tribe_5_5,majority,0,,,,,,,
window_1000_gain_2pp,both_active,tribe_5_5,parity,0,,,,,,,
window_1000_gain_2pp,both_active,tribe_5_5,parity_10,0,,,,,,,
window_1000_gain_2pp,both_active,tribe_5_5,Majority_10,0,,,,,,,
window_1000_gain_2pp,both_active,tribe_5_5,weighted_voting_29,0,,,,,,,
window_1000_gain_2pp,both_active,tribe_5_5,hamming_weight_square_wave_29_4,0,,,,,,,
window_1000_gain_2pp,both_active,tribe_5_4,tribe_5_5,0,,,,,,,
window_1000_gain_2pp,both_active,tribe_5_4,tribe_5_4,6,-0.030026204884052277,-0.04946526512503624,-0.024819849524646997,-0.03535842119405667,0.0,-0.8250038076197352,1.0
window_1000_gain_2pp,both_active,tribe_5_4,majority,0,,,,,,,
window_1000_gain_2pp,both_active,tribe_5_4,parity,0,,,,,,,
window_1000_gain_2pp,both_active,tribe_5_4,parity_10,0,,,,,,,
window_1000_gain_2pp,both_active,tribe_5_4,Majority_10,0,,,,,,,
window_1000_gain_2pp,both_active,tribe_5_4,weighted_voting_29,0,,,,,,,
window_1000_gain_2pp,both_active,tribe_5_4,hamming_weight_square_wave_29_4,0,,,,,,,
window_1000_gain_2pp,both_active,majority,tribe_5_5,0,,,,,,,
window_1000_gain_2pp,both_active,majority,tribe_5_4,0,,,,,,,
window_1000_gain_2pp,both_active,majority,majority,19,-0.07480979710817337,-0.10529251024127007,-0.0010390989482402802,-0.04836757873233996,0.2631578947368421,-1.6125827280694227,1.0
window_1000_gain_2pp,both_active,majority,parity,8,-0.016497090458869934,-0.018052931874990463,-0.014861434698104858,-0.016402095556259155,0.0,-0.07399113265918379,-0.3804104023209677
window_1000_gain_2pp,both_active,majority,parity_10,0,,,,,,,
window_1000_gain_2pp,both_active,majority,Majority_10,12,-0.009476382285356522,-0.01428709551692009,-0.005114862695336342,-0.008586845050255457,0.08333333333333333,-0.06745504259345272,-0.0978451033252528
window_1000_gain_2pp,both_active,majority,weighted_voting_29,14,-0.0892164558172226,-0.09931853786110878,-0.008283302187919617,-0.059987732874495645,0.2857142857142857,-1.0065276731790493,-0.401321177238937
window_1000_gain_2pp,both_active,majority,hamming_weight_square_wave_29_4,15,-0.025234326720237732,-0.039103563874959946,-0.01461724191904068,-0.028484112521012624,0.0,-0.5172811062539591,0.07415554124878992
window_1000_gain_2pp,both_active,parity,tribe_5_5,0,,,,,,,
window_1000_gain_2pp,both_active,parity,tribe_5_4,0,,,,,,,
window_1000_gain_2pp,both_active,parity,majority,8,-0.0138035723939538,-0.01723165577277541,-0.01274640578776598,-0.015534637495875359,0.0,-0.5561241601587086,-0.3804104023209677
window_1000_gain_2pp,both_active,parity,parity,35,-0.03163576126098633,-0.06334323063492775,-0.02063853293657303,-0.04710425968681063,0.0,-0.15992594828401624,1.0
window_1000_gain_2pp,both_active,parity,parity_10,9,0.0012426823377609253,-0.0009053200483322144,0.002329409122467041,0.00040192902088165283,0.5555555555555556,0.009168199559431347,0.028369836590572052
window_1000_gain_2pp,both_active,parity,Majority_10,28,-0.02527749165892601,-0.037293845787644386,-0.011904846876859665,-0.025922005231093084,0.03571428571428571,-0.24858704260485126,0.01628303439352983
window_1000_gain_2pp,both_active,parity,weighted_voting_29,16,-0.002288777381181717,-0.006011327728629112,-0.000489313155412674,-0.002520832233130932,0.1875,-0.03762718267451108,0.3296093111831107
window_1000_gain_2pp,both_active,parity,hamming_weight_square_wave_29_4,9,-0.03543636202812195,-0.043033137917518616,-0.022313300520181656,-0.03150889608595106,0.0,-1.3406333691754988,0.12817600227169093
window_1000_gain_2pp,both_active,parity_10,tribe_5_5,0,,,,,,,
window_1000_gain_2pp,both_active,parity_10,tribe_5_4,0,,,,,,,
window_1000_gain_2pp,both_active,parity_10,majority,0,,,,,,,
window_1000_gain_2pp,both_active,parity_10,parity,9,-0.010051392018795013,-0.012970848008990288,-0.004909016191959381,-0.013430668455031183,0.2222222222222222,-0.20458289827569842,0.028369836590572052
window_1000_gain_2pp,both_active,parity_10,parity_10,30,-0.2581378147006035,-0.4590221345424652,-0.08410602807998657,-0.28111784321566424,0.0,-6.183784251713442,1.0
window_1000_gain_2pp,both_active,parity_10,Majority_10,2,-0.0013964083045721054,-0.003989034332334995,0.0011962177231907845,-0.0013964083045721054,0.5,-0.26102873359065226,0.32701662196858194
window_1000_gain_2pp,both_active,parity_10,weighted_voting_29,0,,,,,,,
window_1000_gain_2pp,both_active,parity_10,hamming_weight_square_wave_29_4,0,,,,,,,
window_1000_gain_2pp,both_active,Majority_10,tribe_5_5,0,,,,,,,
window_1000_gain_2pp,both_active,Majority_10,tribe_5_4,0,,,,,,,
window_1000_gain_2pp,both_active,Majority_10,majority,12,-0.013912023045122623,-0.017787469550967216,-0.01057549100369215,-0.01692499065150817,0.16666666666666666,-0.37934399431695104,-0.0978451033252528
window_1000_gain_2pp,both_active,Majority_10,parity,28,-0.008209742605686188,-0.013629782944917679,-0.003986304625868797,-0.008729212784341403,0.10714285714285714,-0.04296803561747978,0.01628303439352983
window_1000_gain_2pp,both_active,Majority_10,parity_10,2,-0.007015690207481384,-0.010993756353855133,-0.0030376240611076355,-0.007015690207481384,0.5,-0.02747417584895066,0.32701662196858194
window_1000_gain_2pp,both_active,Majority_10,Majority_10,32,-0.033030398190021515,-0.0551900677382946,0.0055687762796878815,-0.03134305018465966,0.34375,-0.20512393669693313,1.0
window_1000_gain_2pp,both_active,Majority_10,weighted_voting_29,20,-0.008367003872990608,-0.013780519366264343,-0.004143569618463516,-0.011435180902481079,0.15,-0.13305295391348448,0.007727242118817392
window_1000_gain_2pp,both_active,Majority_10,hamming_weight_square_wave_29_4,10,-0.004095504060387611,-0.006239948328584433,-0.0008929409086704254,-0.0038104132749140263,0.1,-0.10077117286341622,0.07604134142489663
window_1000_gain_2pp,both_active,weighted_voting_29,tribe_5_5,0,,,,,,,
window_1000_gain_2pp,both_active,weighted_voting_29,tribe_5_4,0,,,,,,,
window_1000_gain_2pp,both_active,weighted_voting_29,majority,14,-0.06706016510725021,-0.0741426832973957,-0.04223664849996567,-0.0550494941749743,0.07142857142857142,-1.5431113986358809,-0.401321177238937
window_1000_gain_2pp,both_active,weighted_voting_29,parity,16,-0.018470801413059235,-0.02212652936577797,-0.015118338167667389,-0.018533005379140377,0.0,-0.0834770795266292,0.3296093111831107
window_1000_gain_2pp,both_active,weighted_voting_29,parity_10,0,,,,,,,
window_1000_gain_2pp,both_active,weighted_voting_29,Majority_10,20,0.0033827312290668488,-0.00506758876144886,0.009890871122479439,-0.0012978754937648773,0.6,0.0382459055545389,0.007727242118817392
window_1000_gain_2pp,both_active,weighted_voting_29,weighted_voting_29,22,-0.08374116197228432,-0.10054430738091469,-0.030042335391044617,-0.06409164755181833,0.18181818181818182,-1.1962664928439066,1.0
window_1000_gain_2pp,both_active,weighted_voting_29,hamming_weight_square_wave_29_4,12,-0.013933454640209675,-0.02277456596493721,-0.012190630659461021,-0.016963164787739515,0.0,-0.4862902052571648,0.2571170928796329
window_1000_gain_2pp,both_active,hamming_weight_square_wave_29_4,tribe_5_5,0,,,,,,,
window_1000_gain_2pp,both_active,hamming_weight_square_wave_29_4,tribe_5_4,0,,,,,,,
window_1000_gain_2pp,both_active,hamming_weight_square_wave_29_4,majority,15,-0.014284417033195496,-0.03174994606524706,-0.004302524030208588,-0.01651827817161878,0.2,-0.5384902608014934,0.07415554124878992
window_1000_gain_2pp,both_active,hamming_weight_square_wave_29_4,parity,9,-0.00882364809513092,-0.012758195400238037,-0.005089506506919861,-0.008109395702679953,0.1111111111111111,-0.03985617329312974,0.12817600227169093
window_1000_gain_2pp,both_active,hamming_weight_square_wave_29_4,parity_10,0,,,,,,,
window_1000_gain_2pp,both_active,hamming_weight_square_wave_29_4,Majority_10,10,-0.012998074293136597,-0.01619446650147438,-0.0018383003771305084,-0.010245943814516068,0.1,-0.08957069361243927,0.07604134142489663
window_1000_gain_2pp,both_active,hamming_weight_square_wave_29_4,weighted_voting_29,12,-0.006928291171789169,-0.02768111228942871,0.000591035932302475,-0.014885990569988886,0.3333333333333333,-0.09647566788975509,0.2571170928796329
window_1000_gain_2pp,both_active,hamming_weight_square_wave_29_4,hamming_weight_square_wave_29_4,17,-0.024165913462638855,-0.0374397337436676,-0.015180021524429321,-0.02537278042120092,0.058823529411764705,-0.5264120069931667,1.0
window_2000_gain_1pp,target_active,tribe_5_5,tribe_5_5,56,-0.05923515744507313,-0.09421694837510586,-0.03019133396446705,-0.06427786559132594,0.0,-1.6600117930363916,1.0
window_2000_gain_1pp,target_active,tribe_5_5,tribe_5_4,57,-0.05370477959513664,-0.07141381502151489,-0.017287280410528183,-0.049219491327867695,0.0,-2.3595119819348924,0.7822810920292309
window_2000_gain_1pp,target_active,tribe_5_5,majority,27,-0.04017210379242897,-0.07226289808750153,-0.026442146860063076,-0.04970210659559126,0.0,-0.8148859740546871,0.05466189827781148
window_2000_gain_1pp,target_active,tribe_5_5,parity,71,-0.01017349399626255,-0.01572338305413723,-0.0039160409942269325,-0.010705771344438406,0.09859154929577464,-0.18349877812984094,-0.12227210468804242
window_2000_gain_1pp,target_active,tribe_5_5,parity_10,55,-0.04863636940717697,-0.09932984411716461,-0.01825234293937683,-0.07474109864031726,0.0,-3.1346064170834236,0.16816362056961998
window_2000_gain_1pp,target_active,tribe_5_5,Majority_10,38,-0.05907703936100006,-0.06903272308409214,-0.04044355824589729,-0.05656899335352998,0.0,-0.798899482142081,0.011362192673535911
window_2000_gain_1pp,target_active,tribe_5_5,weighted_voting_29,48,-0.01631314679980278,-0.023663796484470367,-0.011135616339743137,-0.019177188553536933,0.020833333333333332,-0.35640428310994765,0.025290108383433995
window_2000_gain_1pp,target_active,tribe_5_5,hamming_weight_square_wave_29_4,30,-0.013429470360279083,-0.018855654168874025,-0.00839978433214128,-0.013984059433763225,0.03333333333333333,-0.7189345547007391,-0.08607268976882851
window_2000_gain_1pp,target_active,tribe_5_4,tribe_5_5,56,-0.07037660852074623,-0.10020727850496769,-0.03508248087018728,-0.06659208068491093,0.017857142857142856,-1.6606496807317792,0.6406789183394943
window_2000_gain_1pp,target_active,tribe_5_4,tribe_5_4,57,-0.05526548624038696,-0.09580057114362717,-0.031161513179540634,-0.06099199689924717,0.017543859649122806,-2.631528734195988,1.0
window_2000_gain_1pp,target_active,tribe_5_4,majority,27,-0.018223721534013748,-0.07139292359352112,-0.007950318977236748,-0.04035048269563251,0.0,-0.5759063394759585,-0.23749594518955536
window_2000_gain_1pp,target_active,tribe_5_4,parity,71,-0.018624916672706604,-0.027574095875024796,-0.008198127150535583,-0.01845904174719898,0.11267605633802817,-0.47674416155956245,-0.08299486007750723
window_2000_gain_1pp,target_active,tribe_5_4,parity_10,55,-0.04220852255821228,-0.07061373442411423,-0.00919172540307045,-0.05227870477194136,0.0,-1.7954339874227436,0.030826330050452794
window_2000_gain_1pp,target_active,tribe_5_4,Majority_10,38,-0.055908575654029846,-0.09757985547184944,-0.020981062203645706,-0.06089076448820139,0.02631578947368421,-1.1703090483630636,-0.09205166361205537
window_2000_gain_1pp,target_active,tribe_5_4,weighted_voting_29,48,-0.0073350295424461365,-0.010745820589363575,-0.004474174696952105,-0.008768253416443864,0.041666666666666664,-0.18478682949803715,0.05113135337599273
window_2000_gain_1pp,target_active,tribe_5_4,hamming_weight_square_wave_29_4,30,-0.009551238268613815,-0.016154573298990726,-0.003968787146732211,-0.011688658191512028,0.03333333333333333,-0.3675261876830964,-0.09269152261657385
window_2000_gain_1pp,target_active,majority,tribe_5_5,56,-0.025489901192486286,-0.036590863950550556,-0.008555705659091473,-0.024754344980465248,0.03571428571428571,-0.7248882165660623,0.11803320776116294
window_2000_gain_1pp,target_active,majority,tribe_5_4,57,-0.01734245754778385,-0.025899052619934082,-0.010610979981720448,-0.01841584994179899,0.05263157894736842,-0.9176439442767759,0.021589136244702187
window_2000_gain_1pp,target_active,majority,majority,27,-0.061852142214775085,-0.10734180733561516,-0.0116701889783144,-0.05097936155895392,0.18518518518518517,-1.4688588762708186,1.0
window_2000_gain_1pp,target_active,majority,parity,71,-0.027987882494926453,-0.053842414170503616,-0.018753674812614918,-0.03927806196865481,0.0,-0.5081722735111731,0.26545676824858433
window_2000_gain_1pp,target_active,majority,parity_10,55,-0.017879780381917953,-0.03367890976369381,-0.010577649809420109,-0.020353666286576876,0.09090909090909091,-0.9314052128891139,0.19063862066508963
window_2000_gain_1pp,target_active,majority,Majority_10,38,-0.008215294685214758,-0.014499659650027752,-0.001537148840725422,-0.007803636995193206,0.18421052631578946,-0.08748928452351148,0.08004677676151631
window_2000_gain_1pp,target_active,majority,weighted_voting_29,48,-0.037182051688432693,-0.09775918908417225,-0.015589418821036816,-0.05316494525565455,0.08333333333333333,-1.12621026958873,0.11708811750206005
window_2000_gain_1pp,target_active,majority,hamming_weight_square_wave_29_4,30,-0.033666763454675674,-0.04347117152065039,-0.017992964014410973,-0.031219397485256196,0.03333333333333333,-1.3714182805609654,0.3812196042438335
window_2000_gain_1pp,target_active,parity,tribe_5_5,56,-0.013885259628295898,-0.02800944773480296,-0.005273007787764072,-0.019420344473993673,0.07142857142857142,-0.34533004449239535,0.07211484987142511
window_2000_gain_1pp,target_active,parity,tribe_5_4,57,-0.013491146266460419,-0.020279906690120697,-0.004603134468197823,-0.015637209214139403,0.08771929824561403,-0.6692794730375627,-0.02368223774658256
window_2000_gain_1pp,target_active,parity,majority,27,-0.014311854727566242,-0.028711500577628613,-0.011101717129349709,-0.022851147688925266,0.1111111111111111,-0.5430713795014722,-0.2650835285857677
window_2000_gain_1pp,target_active,parity,parity,71,-0.0997503250837326,-0.19731754809617996,-0.030358143150806427,-0.1129056363773178,0.028169014084507043,-2.6109055895488242,1.0
window_2000_gain_1pp,target_active,parity,parity_10,55,-0.0022889673709869385,-0.007655780995264649,0.0005597576964646578,-0.003912281001579355,0.2545454545454545,-0.14028789684965445,0.09288947123555552
window_2000_gain_1pp,target_active,parity,Majority_10,38,-0.0211385078728199,-0.02980612963438034,-0.0068963672965765,-0.02060317284868736,0.13157894736842105,-0.23465544950861233,0.01628303439352983
window_2000_gain_1pp,target_active,parity,weighted_voting_29,48,-0.008621523156762123,-0.02336805034428835,-0.0012056929990649223,-0.01456627711498489,0.14583333333333334,-0.14624645381151147,0.21837345176127518
window_2000_gain_1pp,target_active,parity,hamming_weight_square_wave_29_4,30,-0.0274010943248868,-0.037484810687601566,-0.017316305078566074,-0.026814707616964976,0.03333333333333333,-1.8153319823196066,0.327646598362891
window_2000_gain_1pp,target_active,parity_10,tribe_5_5,56,-0.011913195252418518,-0.025234083645045757,-0.002334725111722946,-0.014450438104436867,0.17857142857142858,-0.3623292088857202,0.11230353530698339
window_2000_gain_1pp,target_active,parity_10,tribe_5_4,57,-0.007073082961142063,-0.01863252744078636,-0.0014480482786893845,-0.01012956365746887,0.17543859649122806,-0.4357641691795098,0.16585399396030426
window_2000_gain_1pp,target_active,parity_10,majority,27,-0.011932283639907837,-0.020438571460545063,-0.0008586235344409943,-0.0073527538528045016,0.2222222222222222,-0.3136737822942119,-0.05398459940757881
window_2000_gain_1pp,target_active,parity_10,parity,71,-0.011069461703300476,-0.01815573312342167,-0.005029221996665001,-0.011886472013634694,0.1267605633802817,-0.10519713227862962,0.10764916772548522
window_2000_gain_1pp,target_active,parity_10,parity_10,55,-0.1392194926738739,-0.39677903056144714,-0.05931985378265381,-0.23472127589312466,0.0,-8.572186042948267,1.0
window_2000_gain_1pp,target_active,parity_10,Majority_10,38,-0.016484348103404045,-0.028258178383111954,-0.004413813352584839,-0.022076992955254882,0.15789473684210525,-0.181969746769291,-0.07570183932794719
window_2000_gain_1pp,target_active,parity_10,weighted_voting_29,48,-0.020722290500998497,-0.03419690579175949,-0.011425355449318886,-0.022658099653199315,0.041666666666666664,-0.33298579297301517,0.10671057868571265
window_2000_gain_1pp,target_active,parity_10,hamming_weight_square_wave_29_4,30,-0.010560598690062761,-0.013407798949629068,-0.004647930036298931,-0.009074188070371747,0.06666666666666667,-0.4562481721353181,0.10625203899439517
window_2000_gain_1pp,target_active,Majority_10,tribe_5_5,56,-0.01681829895824194,-0.027396652847528458,-0.005537307122722268,-0.018903857741471648,0.07142857142857142,-0.3939133776326026,0.03693055068544304
window_2000_gain_1pp,target_active,Majority_10,tribe_5_4,57,-0.014133594930171967,-0.031297579407691956,-0.004790440201759338,-0.018145249168012748,0.05263157894736842,-0.6938550560311152,0.3581231588724539
window_2000_gain_1pp,target_active,Majority_10,majority,27,-0.010210204869508743,-0.018848150968551636,-0.0027996571734547615,-0.013329254083887295,0.18518518518518517,-0.3131605904551796,0.012558562428139835
window_2000_gain_1pp,target_active,Majority_10,parity,71,-0.011512693017721176,-0.020780015736818314,-0.004770291969180107,-0.013812130802429058,0.07042253521126761,-0.16079526578992828,0.09592948918164983
window_2000_gain_1pp,target_active,Majority_10,parity_10,55,-0.04719927906990051,-0.07292339578270912,-0.025430606678128242,-0.0884694439443675,0.03636363636363636,-3.379972661651972,0.4573051642815329
window_2000_gain_1pp,target_active,Majority_10,Majority_10,38,-0.033030398190021515,-0.06440537236630917,0.002910667099058628,-0.03777181415965682,0.3157894736842105,-0.43266284884684914,1.0
window_2000_gain_1pp,target_active,Majority_10,weighted_voting_29,48,-0.00938970223069191,-0.024316783994436264,-0.004527290351688862,-0.017304975461835664,0.10416666666666667,-0.19099206066110874,0.10015618959185435
window_2000_gain_1pp,target_active,Majority_10,hamming_weight_square_wave_29_4,30,-0.006109158508479595,-0.01157097495160997,-0.002125279395841062,-0.008151007172030707,0.03333333333333333,-0.23444300456832817,0.024450968835672746
window_2000_gain_1pp,target_active,weighted_voting_29,tribe_5_5,56,-0.0033419079845771194,-0.004980187863111496,-0.0011246530339121819,-0.003720941350495975,0.125,-0.08672358480837039,0.07864072434139982
window_2000_gain_1pp,target_active,weighted_voting_29,tribe_5_4,57,-0.005107950419187546,-0.006440227851271629,-0.00193004310131073,-0.0042824882344065,0.15789473684210525,-0.277100812972348,0.020523576786713037
window_2000_gain_1pp,target_active,weighted_voting_29,majority,27,-0.06186777725815773,-0.07492556422948837,-0.038285814225673676,-0.057798562226472075,0.037037037037037035,-1.5959587599545169,-0.13966436511951746
window_2000_gain_1pp,target_active,weighted_voting_29,parity,71,-0.037768542766571045,-0.07445310428738594,-0.01964709907770157,-0.04972608518642439,0.014084507042253521,-1.011007299692706,0.10503501709611242
window_2000_gain_1pp,target_active,weighted_voting_29,parity_10,55,-0.06165458634495735,-0.11807587370276451,-0.014212086796760559,-0.0766053099015897,0.03636363636363636,-1.783877345188809,0.17508933327944512
window_2000_gain_1pp,target_active,weighted_voting_29,Majority_10,38,-0.00623734574764967,-0.01686002779752016,0.0034708771854639053,-0.008420544370126567,0.34210526315789475,-0.12308785770144094,0.04990865020842468
window_2000_gain_1pp,target_active,weighted_voting_29,weighted_voting_29,48,-0.08500057458877563,-0.09944753721356392,-0.05311267636716366,-0.07050200543987255,0.08333333333333333,-1.7041175379164124,1.0
window_2000_gain_1pp,target_active,weighted_voting_29,hamming_weight_square_wave_29_4,30,-0.01604922953993082,-0.02355821058154106,-0.012335170060396194,-0.01755932324255506,0.03333333333333333,-0.6714223077215998,-0.0757929285119443
window_2000_gain_1pp,target_active,hamming_weight_square_wave_29_4,tribe_5_5,56,-0.007501981221139431,-0.013645154424011707,-0.0023472632747143507,-0.008610666488363807,0.03571428571428571,-0.23085124714321764,0.07269875285879038
window_2000_gain_1pp,target_active,hamming_weight_square_wave_29_4,tribe_5_4,57,-0.010015998035669327,-0.015535248443484306,-0.005570180714130402,-0.01122461193192162,0.017543859649122806,-0.687603163068349,-0.04007372816619773
window_2000_gain_1pp,target_active,hamming_weight_square_wave_29_4,majority,27,-0.011906187050044537,-0.02389697264879942,0.0014614202082157135,-0.009771093967612143,0.2962962962962963,-0.3599768468860712,0.19875735451780366
window_2000_gain_1pp,target_active,hamming_weight_square_wave_29_4,parity,71,-0.014670256525278091,-0.027629904448986053,-0.007928547449409962,-0.02003703848786757,0.04225352112676056,-0.29170137985811523,0.4505100071947879
window_2000_gain_1pp,target_active,hamming_weight_square_wave_29_4,parity_10,55,-0.013105478137731552,-0.021636352874338627,-0.006377033889293671,-0.015325323551554571,0.07272727272727272,-0.27439396419088713,0.11892088968801177
window_2000_gain_1pp,target_active,hamming_weight_square_wave_29_4,Majority_10,38,-0.0064460113644599915,-0.015207219868898392,-0.00036469660699367523,-0.00764607272944168,0.18421052631578946,-0.09089599393913353,0.11822565115621825
window_2000_gain_1pp,target_active,hamming_weight_square_wave_29_4,weighted_voting_29,48,-0.012196313589811325,-0.018937120214104652,-0.005045435391366482,-0.013843934051692486,0.14583333333333334,-0.3000487289582815,0.11871830697482463
window_2000_gain_1pp,target_active,hamming_weight_square_wave_29_4,hamming_weight_square_wave_29_4,30,-0.0232575461268425,-0.03654954209923744,-0.012834732653573155,-0.024090415270378192,0.03333333333333333,-1.3033916938158243,1.0
window_2000_gain_1pp,both_active,tribe_5_5,tribe_5_5,56,-0.05923515744507313,-0.09421694837510586,-0.03019133396446705,-0.06427786559132594,0.0,-1.6600117930363916,1.0
window_2000_gain_1pp,both_active,tribe_5_5,tribe_5_4,37,-0.05169941857457161,-0.07015860825777054,-0.016623040661215782,-0.0473021131537452,0.0,-2.3316653084635766,0.7822810920292309
window_2000_gain_1pp,both_active,tribe_5_5,majority,0,,,,,,,
window_2000_gain_1pp,both_active,tribe_5_5,parity,0,,,,,,,
window_2000_gain_1pp,both_active,tribe_5_5,parity_10,0,,,,,,,
window_2000_gain_1pp,both_active,tribe_5_5,Majority_10,0,,,,,,,
window_2000_gain_1pp,both_active,tribe_5_5,weighted_voting_29,0,,,,,,,
window_2000_gain_1pp,both_active,tribe_5_5,hamming_weight_square_wave_29_4,0,,,,,,,
window_2000_gain_1pp,both_active,tribe_5_4,tribe_5_5,37,-0.05584980174899101,-0.0835961177945137,-0.03469627723097801,-0.061065303312765586,0.02702702702702703,-0.921040653331419,0.7822810920292309
window_2000_gain_1pp,both_active,tribe_5_4,tribe_5_4,57,-0.05526548624038696,-0.09580057114362717,-0.031161513179540634,-0.06099199689924717,0.017543859649122806,-2.631528734195988,1.0
window_2000_gain_1pp,both_active,tribe_5_4,majority,0,,,,,,,
window_2000_gain_1pp,both_active,tribe_5_4,parity,0,,,,,,,
window_2000_gain_1pp,both_active,tribe_5_4,parity_10,0,,,,,,,
window_2000_gain_1pp,both_active,tribe_5_4,Majority_10,0,,,,,,,
window_2000_gain_1pp,both_active,tribe_5_4,weighted_voting_29,0,,,,,,,
window_2000_gain_1pp,both_active,tribe_5_4,hamming_weight_square_wave_29_4,0,,,,,,,
window_2000_gain_1pp,both_active,majority,tribe_5_5,0,,,,,,,
window_2000_gain_1pp,both_active,majority,tribe_5_4,0,,,,,,,
window_2000_gain_1pp,both_active,majority,majority,27,-0.061852142214775085,-0.10734180733561516,-0.0116701889783144,-0.05097936155895392,0.18518518518518517,-1.4688588762708186,1.0
window_2000_gain_1pp,both_active,majority,parity,18,-0.019161425530910492,-0.026171855628490448,-0.016232885420322418,-0.02189601461092631,0.0,-0.08535485340091892,-0.21413871529796685
window_2000_gain_1pp,both_active,majority,parity_10,3,-0.03482002019882202,-0.03609657287597656,-0.03429557383060455,-0.03532142440478007,0.0,-0.13059820278051262,0.42307446984927466
window_2000_gain_1pp,both_active,majority,Majority_10,22,-0.009476382285356522,-0.014767974615097046,-0.0015478720888495445,-0.00925919074903835,0.13636363636363635,-0.06745504259345272,0.004307722696051102
window_2000_gain_1pp,both_active,majority,weighted_voting_29,22,-0.07409306988120079,-0.10033357702195644,-0.012787573970854282,-0.05724570849402384,0.18181818181818182,-0.8511552981064798,-0.09437969668580642
window_2000_gain_1pp,both_active,majority,hamming_weight_square_wave_29_4,23,-0.025307107716798782,-0.04338364861905575,-0.01461724191904068,-0.02905773630608683,0.043478260869565216,-0.8031809764433879,0.19875735451780366
window_2000_gain_1pp,both_active,parity,tribe_5_5,0,,,,,,,
window_2000_gain_1pp,both_active,parity,tribe_5_4,0,,,,,,,
window_2000_gain_1pp,both_active,parity,majority,18,-0.01377120427787304,-0.018308369908481836,-0.010627144016325474,-0.016133161416898172,0.05555555555555555,-0.5561241601587086,-0.21413871529796685
window_2000_gain_1pp,both_active,parity,parity,71,-0.0997503250837326,-0.19731754809617996,-0.030358143150806427,-0.1129056363773178,0.028169014084507043,-2.6109055895488242,1.0
window_2000_gain_1pp,both_active,parity,parity_10,46,-0.002082671388052404,-0.005594205344095826,0.001883573830127716,-0.0033636827188867915,0.30434782608695654,-0.08043762770460561,0.08783315436101408
window_2000_gain_1pp,both_active,parity,Majority_10,32,-0.024464364163577557,-0.03425714001059532,-0.010090619325637817,-0.023762563680065796,0.0625,-0.3144496698462821,0.04154908742639109
window_2000_gain_1pp,both_active,parity,weighted_voting_29,43,-0.00833054631948471,-0.02262116316705942,-0.0012044664472341537,-0.014381296716110652,0.13953488372093023,-0.19611138132066933,0.23706208424432246
window_2000_gain_1pp,both_active,parity,hamming_weight_square_wave_29_4,24,-0.028714586980640888,-0.039058148860931396,-0.020020449068397284,-0.028801118955016136,0.041666666666666664,-2.775813317707925,0.272176199938866
window_2000_gain_1pp,both_active,parity_10,tribe_5_5,0,,,,,,,
window_2000_gain_1pp,both_active,parity_10,tribe_5_4,0,,,,,,,
window_2000_gain_1pp,both_active,parity_10,majority,3,-0.005276503041386604,-0.008161214180290699,-0.0033893780782818794,-0.0059415604919195175,0.0,-0.21347496165206412,0.42307446984927466
window_2000_gain_1pp,both_active,parity_10,parity,46,-0.008558557368814945,-0.01421453757211566,-0.0036085168831050396,-0.009777422184529512,0.17391304347826086,-0.20040638027031596,0.08783315436101408
window_2000_gain_1pp,both_active,parity_10,parity_10,55,-0.1392194926738739,-0.39677903056144714,-0.05931985378265381,-0.23472127589312466,0.0,-8.572186042948267,1.0
window_2000_gain_1pp,both_active,parity_10,Majority_10,14,-0.012633781880140305,-0.0346848089247942,-0.003121433313935995,-0.03179428792957749,0.21428571428571427,-0.5802678860889067,0.2235602075506625
window_2000_gain_1pp,both_active,parity_10,weighted_voting_29,24,-0.02217811532318592,-0.0374509347602725,-0.010015537030994892,-0.024599241248021524,0.0,-0.7294818258647687,0.1176790704389451
window_2000_gain_1pp,both_active,parity_10,hamming_weight_square_wave_29_4,4,-0.013217970728874207,-0.013796295039355755,-0.010607460048049688,-0.011185784358531237,0.0,-1.4624104623090743,0.1469062386586321
window_2000_gain_1pp,both_active,Majority_10,tribe_5_5,0,,,,,,,
window_2000_gain_1pp,both_active,Majority_10,tribe_5_4,0,,,,,,,
window_2000_gain_1pp,both_active,Majority_10,majority,22,-0.012174680829048157,-0.019908832386136055,-0.004758272087201476,-0.015429704153740948,0.13636363636363635,-0.3753913160921244,0.004307722696051102
window_2000_gain_1pp,both_active,Majority_10,parity,32,-0.008209742605686188,-0.014217469841241837,-0.0037154462188482285,-0.009355054586194456,0.09375,-0.04586278758579074,0.04154908742639109
window_2000_gain_1pp,both_active,Majority_10,parity_10,14,-0.024317540228366852,-0.040142759680747986,-0.004128344357013702,-0.024178178182670047,0.14285714285714285,-0.09868884099009265,0.2235602075506625
window_2000_gain_1pp,both_active,Majority_10,Majority_10,38,-0.033030398190021515,-0.06440537236630917,0.002910667099058628,-0.03777181415965682,0.3157894736842105,-0.43266284884684914,1.0
window_2000_gain_1pp,both_active,Majority_10,weighted_voting_29,37,-0.00923774391412735,-0.026366908103227615,-0.004603452980518341,-0.016810525913496275,0.10810810810810811,-0.17138273870849455,0.034323399146366514
window_2000_gain_1pp,both_active,Majority_10,hamming_weight_square_wave_29_4,25,-0.005023320205509663,-0.006542665883898735,-0.001923675648868084,-0.005261534126475453,0.04,-0.34296564264046164,0.031495200775940764
window_2000_gain_1pp,both_active,weighted_voting_29,tribe_5_5,0,,,,,,,
window_2000_gain_1pp,both_active,weighted_voting_29,tribe_5_4,0,,,,,,,
window_2000_gain_1pp,both_active,weighted_voting_29,majority,22,-0.05918680876493454,-0.0724458172917366,-0.03180531598627567,-0.05114301565018567,0.045454545454545456,-1.7951913303204605,-0.09437969668580642
window_2000_gain_1pp,both_active,weighted_voting_29,parity,43,-0.02470812201499939,-0.0651732012629509,-0.01722317934036255,-0.04050182208938654,0.023255813953488372,-0.12578301596469713,0.23706208424432246
window_2000_gain_1pp,both_active,weighted_voting_29,parity_10,24,-0.015013650059700012,-0.04222307726740837,-0.009094789624214172,-0.03415723890066147,0.08333333333333333,-0.10469827327605255,0.1176790704389451
window_2000_gain_1pp,both_active,weighted_voting_29,Majority_10,37,-0.004966622218489647,-0.016844742000102997,0.003559023141860962,-0.0075488446305531105,0.35135135135135137,-0.12175945529921425,0.034323399146366514
window_2000_gain_1pp,both_active,weighted_voting_29,weighted_voting_29,48,-0.08500057458877563,-0.09944753721356392,-0.05311267636716366,-0.07050200543987255,0.08333333333333333,-1.7041175379164124,1.0
window_2000_gain_1pp,both_active,weighted_voting_29,hamming_weight_square_wave_29_4,25,-0.013369959779083729,-0.02083948627114296,-0.011983424425125122,-0.015183885134756565,0.04,-1.3024517374011217,0.12505222823260767
window_2000_gain_1pp,both_active,hamming_weight_square_wave_29_4,tribe_5_5,0,,,,,,,
window_2000_gain_1pp,both_active,hamming_weight_square_wave_29_4,tribe_5_4,0,,,,,,,
window_2000_gain_1pp,both_active,hamming_weight_square_wave_29_4,majority,23,-0.012243881821632385,-0.030017022974789143,-0.004302524030208588,-0.015531083771392055,0.21739130434782608,-0.6584720654004691,0.19875735451780366
window_2000_gain_1pp,both_active,hamming_weight_square_wave_29_4,parity,24,-0.010094091296195984,-0.015807155519723892,-0.004775185137987137,-0.013113375753164291,0.08333333333333333,-0.05256800273066361,0.272176199938866
window_2000_gain_1pp,both_active,hamming_weight_square_wave_29_4,parity_10,4,-0.010940700769424438,-0.02007211744785309,-0.009184002876281738,-0.018315419554710388,0.0,-0.041744467514018654,0.1469062386586321
window_2000_gain_1pp,both_active,hamming_weight_square_wave_29_4,Majority_10,25,-0.008962854743003845,-0.016699716448783875,-0.0003634914755821228,-0.008914009779691695,0.16,-0.08866217382401821,0.031495200775940764
window_2000_gain_1pp,both_active,hamming_weight_square_wave_29_4,weighted_voting_29,25,-0.008822046220302582,-0.01873544603586197,0.0003389120101928711,-0.012399196773767471,0.28,-0.1489609936880519,0.12505222823260767
window_2000_gain_1pp,both_active,hamming_weight_square_wave_29_4,hamming_weight_square_wave_29_4,30,-0.0232575461268425,-0.03654954209923744,-0.012834732653573155,-0.024090415270378192,0.03333333333333333,-1.3033916938158243,1.0
window_2000_gain_2pp,target_active,tribe_5_5,tribe_5_5,23,-0.06386436522006989,-0.0947987399995327,-0.03825579583644867,-0.06523147824665775,0.0,-1.2255605570173354,1.0
window_2000_gain_2pp,target_active,tribe_5_5,tribe_5_4,27,-0.05395745486021042,-0.06635164469480515,-0.01536464225500822,-0.04678151956586926,0.0,-2.212047464263557,0.6560585106569827
window_2000_gain_2pp,target_active,tribe_5_5,majority,26,-0.04147808067500591,-0.07306468486785889,-0.027845463249832392,-0.05136181636211964,0.0,-0.8331742764221175,-0.01162757803451691
window_2000_gain_2pp,target_active,tribe_5_5,parity,50,-0.010969807393848896,-0.018107468262314796,-0.0035434626042842865,-0.011259568557143211,0.08,-0.09426359969511523,-0.11663958801982266
window_2000_gain_2pp,target_active,tribe_5_5,parity_10,50,-0.04632245749235153,-0.10437599942088127,-0.01851840317249298,-0.07344182195141911,0.0,-3.107557569709272,0.18344746225412284
window_2000_gain_2pp,target_active,tribe_5_5,Majority_10,36,-0.061353616416454315,-0.06970259360969067,-0.04124953970313072,-0.05764936883416441,0.0,-1.0042723723328755,-0.047249516888432784
window_2000_gain_2pp,target_active,tribe_5_5,weighted_voting_29,38,-0.016655996441841125,-0.026725384406745434,-0.010929944925010204,-0.019964790069743207,0.02631578947368421,-0.3328404161936138,-0.040934979691185425
window_2000_gain_2pp,target_active,tribe_5_5,hamming_weight_square_wave_29_4,27,-0.013687817379832268,-0.018786908127367496,-0.009508469607681036,-0.014323237559033765,0.037037037037037035,-0.5220434629082723,-0.03736393242238413
window_2000_gain_2pp,target_active,tribe_5_4,tribe_5_5,23,-0.05577981099486351,-0.08169176056981087,-0.03509531915187836,-0.05624175492836082,0.0,-0.921040653331419,0.806860535127963
window_2000_gain_2pp,target_active,tribe_5_4,tribe_5_4,27,-0.04495177045464516,-0.07008446380496025,-0.029897212982177734,-0.051029483477274575,0.037037037037037035,-1.822192647623115,1.0
window_2000_gain_2pp,target_active,tribe_5_4,majority,26,-0.01943896245211363,-0.0728895366191864,-0.007652376778423786,-0.04129881870288115,0.0,-0.575879276667372,-0.25844383296069257
window_2000_gain_2pp,target_active,tribe_5_4,parity,50,-0.01606151182204485,-0.02746806340292096,-0.00557269062846899,-0.017599661275744437,0.14,-0.1524891154929803,-0.011594223492785436
window_2000_gain_2pp,target_active,tribe_5_4,parity_10,50,-0.03864964842796326,-0.07155701890587807,-0.009806958958506584,-0.05061120565980673,0.0,-1.6249698806619866,-0.04529613403413625
window_2000_gain_2pp,target_active,tribe_5_4,Majority_10,36,-0.0626121535897255,-0.10000799968838692,-0.019006354734301567,-0.062056449655857354,0.027777777777777776,-1.568474221111455,-0.16567445801782582
window_2000_gain_2pp,target_active,tribe_5_4,weighted_voting_29,38,-0.007521631196141243,-0.011130395345389843,-0.0042482344433665276,-0.009470774694100806,0.05263157894736842,-0.1693784846798046,0.026689617480284426
window_2000_gain_2pp,target_active,tribe_5_4,hamming_weight_square_wave_29_4,27,-0.010174840688705444,-0.015992945060133934,-0.003975583240389824,-0.012022163563718399,0.037037037037037035,-0.2399441171768155,-0.08837210118471042
window_2000_gain_2pp,target_active,majority,tribe_5_5,23,-0.03148942440748215,-0.04023347608745098,-0.013006574008613825,-0.02768909736819889,0.043478260869565216,-0.740038934549772,0.14913294940893335
window_2000_gain_2pp,target_active,majority,tribe_5_4,27,-0.021272990852594376,-0.028955929912626743,-0.014033094048500061,-0.02127547196492001,0.037037037037037035,-0.9176439442767759,0.1120969281608782
window_2000_gain_2pp,target_active,majority,majority,26,-0.06833096966147423,-0.10833069495856762,-0.010988193564116955,-0.05220764144681967,0.19230769230769232,-1.5407208021701206,1.0
window_2000_gain_2pp,target_active,majority,parity,50,-0.02610340714454651,-0.041534312069416046,-0.017162829637527466,-0.03383659917861223,0.0,-0.22720134572816353,0.1434114054127975
window_2000_gain_2pp,target_active,majority,parity_10,50,-0.017575105652213097,-0.03198105143383145,-0.009989791084080935,-0.019778834581375124,0.1,-0.8314767028339007,0.17226703964580364
window_2000_gain_2pp,target_active,majority,Majority_10,36,-0.008215294685214758,-0.014337644912302494,-0.001860327087342739,-0.007658877358254459,0.19444444444444445,-0.08748928452351148,0.08004677676151631
window_2000_gain_2pp,target_active,majority,weighted_voting_29,38,-0.07409306988120079,-0.10338939540088177,-0.014408483169972897,-0.05991436188158236,0.10526315789473684,-1.060345998239141,-0.013349564314778784
window_2000_gain_2pp,target_active,majority,hamming_weight_square_wave_29_4,27,-0.037430539727211,-0.04490015096962452,-0.015987839549779892,-0.031348032393941176,0.037037037037037035,-1.0132245114984413,0.3364904075979257
window_2000_gain_2pp,target_active,parity,tribe_5_5,23,-0.020390257239341736,-0.03585699386894703,-0.005941864103078842,-0.022345733788350353,0.0,-0.344216728949076,0.08694674734898865
window_2000_gain_2pp,target_active,parity,tribe_5_4,27,-0.01367168128490448,-0.022726839408278465,-0.0057779038324952126,-0.016212264524289855,0.037037037037037035,-0.6367707153502692,-0.02864852552763036
window_2000_gain_2pp,target_active,parity,majority,26,-0.014094253536313772,-0.030906488187611103,-0.010627144016325474,-0.02280622709972354,0.11538461538461539,-0.5269041699510579,-0.29344383094368653
window_2000_gain_2pp,target_active,parity,parity,50,-0.05729920417070389,-0.14949974417686462,-0.024924367666244507,-0.0895723770558834,0.0,-0.44821257399527814,1.0
window_2000_gain_2pp,target_active,parity,parity_10,50,-0.002954922616481781,-0.008508139988407493,-0.0003811897477135062,-0.004363341184798628,0.24,-0.14927393598857008,0.07915937547135808
window_2000_gain_2pp,target_active,parity,Majority_10,36,-0.0211385078728199,-0.03070233017206192,-0.006228364072740078,-0.02038288320828643,0.1388888888888889,-0.243784296116782,0.01628303439352983
window_2000_gain_2pp,target_active,parity,weighted_voting_29,38,-0.006388295441865921,-0.017147395759820938,-0.0007348377257585526,-0.011232955626359111,0.18421052631578946,-0.09767016719806168,0.18905967119919642
window_2000_gain_2pp,target_active,parity,hamming_weight_square_wave_29_4,27,-0.02723085880279541,-0.03736174665391445,-0.017423568293452263,-0.026086091443344398,0.037037037037037035,-1.597113813997268,0.326778139232225
window_2000_gain_2pp,target_active,parity_10,tribe_5_5,23,-0.010850712656974792,-0.02169840596616268,-0.004221223294734955,-0.013988631028358055,0.08695652173913043,-0.3425659311306785,0.1165797661931274
window_2000_gain_2pp,target_active,parity_10,tribe_5_4,27,-0.004832889884710312,-0.014484281651675701,0.00035899505019187927,-0.007676730277361693,0.25925925925925924,-0.24095558149334934,0.08245569099628655
window_2000_gain_2pp,target_active,parity_10,majority,26,-0.012268642894923687,-0.020558179821819067,-0.0014803712256252766,-0.007577773111944015,0.23076923076923078,-0.40519737735507555,-0.0630734367153474
window_2000_gain_2pp,target_active,parity_10,parity,50,-0.010906405746936798,-0.017619136720895767,-0.005551186390221119,-0.012497905567288399,0.08,-0.09605609557683908,0.1090336350538966
window_2000_gain_2pp,target_active,parity_10,parity_10,50,-0.1433071568608284,-0.4019749015569687,-0.059872083365917206,-0.23503142610192299,0.0,-8.437377955897627,1.0
window_2000_gain_2pp,target_active,parity_10,Majority_10,36,-0.015606345608830452,-0.026874255388975143,-0.0041725412011146545,-0.021603974979370832,0.16666666666666666,-0.181969746769291,-0.05199669902712747
window_2000_gain_2pp,target_active,parity_10,weighted_voting_29,38,-0.017858054488897324,-0.024461212567985058,-0.011261491104960442,-0.018941277687094714,0.05263157894736842,-0.30755825516177837,0.09668427314799509
window_2000_gain_2pp,target_active,parity_10,hamming_weight_square_wave_29_4,27,-0.010730568319559097,-0.013324330560863018,-0.005408494733273983,-0.009252140781393758,0.07407407407407407,-0.3735022652341105,0.12232117597996205
window_2000_gain_2pp,target_active,Majority_10,tribe_5_5,23,-0.014055587351322174,-0.02350182645022869,-0.006294775754213333,-0.01835940954396906,0.043478260869565216,-0.3742222205816681,0.14422682389133346
window_2000_gain_2pp,target_active,Majority_10,tribe_5_4,27,-0.022998597472906113,-0.03417450189590454,-0.01406082697212696,-0.024030931914846104,0.0,-1.2089777822165693,0.37148549244777906
window_2000_gain_2pp,target_active,Majority_10,majority,26,-0.011033610440790653,-0.019908832386136055,-0.003419121028855443,-0.013919899132675849,0.15384615384615385,-0.3393911250677322,0.012195146121623151
window_2000_gain_2pp,target_active,Majority_10,parity,50,-0.009559661149978638,-0.01513636764138937,-0.0045021455734968185,-0.011432879902422428,0.08,-0.06974710851187751,0.07872122440664153
window_2000_gain_2pp,target_active,Majority_10,parity_10,50,-0.04767405055463314,-0.0695687085390091,-0.025097363628447056,-0.0902840781211853,0.04,-3.059448048003592,0.48299870728807814
window_2000_gain_2pp,target_active,Majority_10,Majority_10,36,-0.03499433770775795,-0.06813563033938408,0.0038967952132225037,-0.03900575824081898,0.3055555555555556,-0.6776569406523932,1.0
window_2000_gain_2pp,target_active,Majority_10,weighted_voting_29,38,-0.008971288800239563,-0.025316080078482628,-0.004374965094029903,-0.016008301392981882,0.13157894736842105,-0.16966264384282603,0.04990865020842468
window_2000_gain_2pp,target_active,Majority_10,hamming_weight_square_wave_29_4,27,-0.006454809568822384,-0.01244691526517272,-0.0033473027870059013,-0.008860730497097527,0.037037037037037035,-0.229404510053678,0.01740673689540473
window_2000_gain_2pp,target_active,weighted_voting_29,tribe_5_5,23,-0.004661254584789276,-0.005315054208040237,-0.002521362155675888,-0.004717699393791997,0.043478260869565216,-0.09629760086635068,0.02562686926976901
window_2000_gain_2pp,target_active,weighted_voting_29,tribe_5_4,27,-0.005289359018206596,-0.0064538149163126945,-0.0039983587339520454,-0.006293696765270498,0.0,-0.2511345186595643,0.020523576786713037
window_2000_gain_2pp,target_active,weighted_voting_29,majority,26,-0.06254883296787739,-0.07510335370898247,-0.04223664849996567,-0.05907177273184061,0.038461538461538464,-1.5359146698171986,-0.14477932518233064
window_2000_gain_2pp,target_active,weighted_voting_29,parity,50,-0.029517389833927155,-0.07314548082649708,-0.018016662448644638,-0.04683725669980049,0.0,-0.24956189097323883,0.157426809614025
window_2000_gain_2pp,target_active,weighted_voting_29,parity_10,50,-0.0634233970195055,-0.11962914280593395,-0.017674557864665985,-0.0798984370008111,0.04,-1.8559959189320443,0.19167293814577313
window_2000_gain_2pp,target_active,weighted_voting_29,Majority_10,36,-0.004610358737409115,-0.016849837265908718,0.0035796277225017548,-0.0075076273513130015,0.3611111111111111,-0.12308785770144094,0.03388617169571323
window_2000_gain_2pp,target_active,weighted_voting_29,weighted_voting_29,38,-0.08230351284146309,-0.09819022007286549,-0.05573885887861252,-0.06890106813884095,0.10526315789473684,-1.576683932943841,1.0
window_2000_gain_2pp,target_active,weighted_voting_29,hamming_weight_square_wave_29_4,27,-0.01690014824271202,-0.02422480285167694,-0.012410640716552734,-0.01810958195063803,0.037037037037037035,-0.5842752511043141,0.12505222823260767
window_2000_gain_2pp,target_active,hamming_weight_square_wave_29_4,tribe_5_5,23,-0.00980599969625473,-0.015319658443331718,-0.0026697958819568157,-0.010710415288643993,0.0,-0.2547312937952351,0.011876149242626036
window_2000_gain_2pp,target_active,hamming_weight_square_wave_29_4,tribe_5_4,27,-0.013722254894673824,-0.01903602108359337,-0.009323222562670708,-0.014244021744363837,0.0,-0.7050385633112703,-0.0689502191770393
window_2000_gain_2pp,target_active,hamming_weight_square_wave_29_4,majority,26,-0.011956689413636923,-0.02542726183310151,0.0020683975890278816,-0.00997888407884882,0.3076923076923077,-0.4492335538437823,0.17418342571749987
window_2000_gain_2pp,target_active,hamming_weight_square_wave_29_4,parity,50,-0.013076677918434143,-0.021058293525129557,-0.007585129234939814,-0.017617099061608313,0.06,-0.08670392816139749,0.443200594688819
window_2000_gain_2pp,target_active,hamming_weight_square_wave_29_4,parity_10,50,-0.012941567227244377,-0.02247851574793458,-0.006361941806972027,-0.015555390296503902,0.08,-0.24191911164547722,0.11240295143522513
window_2000_gain_2pp,target_active,hamming_weight_square_wave_29_4,Majority_10,36,-0.0063408128917217255,-0.014795098453760147,-0.00030609313398599625,-0.006974463946082526,0.19444444444444445,-0.08957069361243927,0.11822565115621825
window_2000_gain_2pp,target_active,hamming_weight_square_wave_29_4,weighted_voting_29,38,-0.01163274422287941,-0.018552263267338276,-0.004785954020917416,-0.013723436939088922,0.18421052631578946,-0.24344888698964204,0.10076129798467763
window_2000_gain_2pp,target_active,hamming_weight_square_wave_29_4,hamming_weight_square_wave_29_4,27,-0.025407105684280396,-0.037890322506427765,-0.014312084764242172,-0.025347108918207663,0.037037037037037035,-1.0960768530923983,1.0
window_2000_gain_2pp,both_active,tribe_5_5,tribe_5_5,23,-0.06386436522006989,-0.0947987399995327,-0.03825579583644867,-0.06523147824665775,0.0,-1.2255605570173354,1.0
window_2000_gain_2pp,both_active,tribe_5_5,tribe_5_4,17,-0.05524066090583801,-0.06184270605444908,-0.028762228786945343,-0.050059560028945696,0.0,-2.3245029681536957,0.8326621288423748
window_2000_gain_2pp,both_active,tribe_5_5,majority,0,,,,,,,
window_2000_gain_2pp,both_active,tribe_5_5,parity,0,,,,,,,
window_2000_gain_2pp,both_active,tribe_5_5,parity_10,0,,,,,,,
window_2000_gain_2pp,both_active,tribe_5_5,Majority_10,0,,,,,,,
window_2000_gain_2pp,both_active,tribe_5_5,weighted_voting_29,0,,,,,,,
window_2000_gain_2pp,both_active,tribe_5_5,hamming_weight_square_wave_29_4,0,,,,,,,
window_2000_gain_2pp,both_active,tribe_5_4,tribe_5_5,17,-0.040715817362070084,-0.073476143181324,-0.03475268930196762,-0.04962022843606332,0.0,-0.7758410878501831,0.8326621288423748
window_2000_gain_2pp,both_active,tribe_5_4,tribe_5_4,27,-0.04495177045464516,-0.07008446380496025,-0.029897212982177734,-0.051029483477274575,0.037037037037037035,-1.822192647623115,1.0
window_2000_gain_2pp,both_active,tribe_5_4,majority,0,,,,,,,
window_2000_gain_2pp,both_active,tribe_5_4,parity,0,,,,,,,
window_2000_gain_2pp,both_active,tribe_5_4,parity_10,0,,,,,,,
window_2000_gain_2pp,both_active,tribe_5_4,Majority_10,0,,,,,,,
window_2000_gain_2pp,both_active,tribe_5_4,weighted_voting_29,0,,,,,,,
window_2000_gain_2pp,both_active,tribe_5_4,hamming_weight_square_wave_29_4,0,,,,,,,
window_2000_gain_2pp,both_active,majority,tribe_5_5,0,,,,,,,
window_2000_gain_2pp,both_active,majority,tribe_5_4,0,,,,,,,
window_2000_gain_2pp,both_active,majority,majority,26,-0.06833096966147423,-0.10833069495856762,-0.010988193564116955,-0.05220764144681967,0.19230769230769232,-1.5407208021701206,1.0
window_2000_gain_2pp,both_active,majority,parity,15,-0.01876269280910492,-0.022308804094791412,-0.015545636415481567,-0.018653005361557007,0.0,-0.08206936531020131,-0.32180413330160534
window_2000_gain_2pp,both_active,majority,parity_10,0,,,,,,,
window_2000_gain_2pp,both_active,majority,Majority_10,19,-0.0102166086435318,-0.014705538749694824,-0.002174828201532364,-0.009954046065870085,0.10526315789473684,-0.06910158215691017,-0.0032162844230042634
window_2000_gain_2pp,both_active,majority,weighted_voting_29,21,-0.08668989688158035,-0.10175950825214386,-0.012394987046718597,-0.05922226944849605,0.19047619047619047,-0.9847258491580209,-0.13566258266421913
window_2000_gain_2pp,both_active,majority,hamming_weight_square_wave_29_4,23,-0.025307107716798782,-0.04338364861905575,-0.01461724191904068,-0.02905773630608683,0.043478260869565216,-0.8031809764433879,0.19875735451780366
window_2000_gain_2pp,both_active,parity,tribe_5_5,0,,,,,,,
window_2000_gain_2pp,both_active,parity,tribe_5_4,0,,,,,,,
window_2000_gain_2pp,both_active,parity,majority,15,-0.013730492442846298,-0.01539316913112998,-0.011101717129349709,-0.013002840739985307,0.06666666666666667,-0.5430713795014722,-0.32180413330160534
window_2000_gain_2pp,both_active,parity,parity,50,-0.05729920417070389,-0.14949974417686462,-0.024924367666244507,-0.0895723770558834,0.0,-0.44821257399527814,1.0
window_2000_gain_2pp,both_active,parity,parity_10,30,-0.0011594847310334444,-0.0050144040724262595,0.0026354938745498657,-0.0026475734543055297,0.4,-0.01025465776196898,0.06121104424680991
window_2000_gain_2pp,both_active,parity,Majority_10,32,-0.024464364163577557,-0.03425714001059532,-0.010090619325637817,-0.023762563680065796,0.0625,-0.3144496698462821,0.04154908742639109
window_2000_gain_2pp,both_active,parity,weighted_voting_29,32,-0.006019823253154755,-0.013116938062012196,-0.0009717624634504318,-0.01141312689287588,0.15625,-0.09478274079245728,0.18676769013982156
window_2000_gain_2pp,both_active,parity,hamming_weight_square_wave_29_4,19,-0.02801695093512535,-0.038303984329104424,-0.02119410876184702,-0.029846972540805216,0.0,-2.7480653065306115,0.21757426064550706
window_2000_gain_2pp,both_active,parity_10,tribe_5_5,0,,,,,,,
window_2000_gain_2pp,both_active,parity_10,tribe_5_4,0,,,,,,,
window_2000_gain_2pp,both_active,parity_10,majority,0,,,,,,,
window_2000_gain_2pp,both_active,parity_10,parity,30,-0.008558557368814945,-0.013242388144135475,-0.004762132186442614,-0.009964157268404961,0.13333333333333333,-0.183614525126313,0.06121104424680991
window_2000_gain_2pp,both_active,parity_10,parity_10,50,-0.1433071568608284,-0.4019749015569687,-0.059872083365917206,-0.23503142610192299,0.0,-8.437377955897627,1.0
window_2000_gain_2pp,both_active,parity_10,Majority_10,12,-0.012532328255474567,-0.04163265600800514,-0.00061748456209898,-0.033295204086850085,0.25,-0.5802678860889067,0.24628706363144856
window_2000_gain_2pp,both_active,parity_10,weighted_voting_29,12,-0.01645918656140566,-0.024390381760895252,-0.009298495948314667,-0.017033432455112536,0.0,-0.5452900883102809,0.09209891421419082
window_2000_gain_2pp,both_active,parity_10,hamming_weight_square_wave_29_4,0,,,,,,,
window_2000_gain_2pp,both_active,Majority_10,tribe_5_5,0,,,,,,,
window_2000_gain_2pp,both_active,Majority_10,tribe_5_4,0,,,,,,,
window_2000_gain_2pp,both_active,Majority_10,majority,19,-0.011857016012072563,-0.016102051362395287,-0.005415820050984621,-0.013682321155149686,0.10526315789473684,-0.3851609725039639,-0.0032162844230042634
window_2000_gain_2pp,both_active,Majority_10,parity,32,-0.008209742605686188,-0.014217469841241837,-0.0037154462188482285,-0.009355054586194456,0.09375,-0.04586278758579074,0.04154908742639109
window_2000_gain_2pp,both_active,Majority_10,parity_10,12,-0.024317540228366852,-0.03365803509950638,-0.005313001573085785,-0.024323097119728725,0.16666666666666666,-0.09868884099009265,0.24628706363144856
window_2000_gain_2pp,both_active,Majority_10,Majority_10,36,-0.03499433770775795,-0.06813563033938408,0.0038967952132225037,-0.03900575824081898,0.3055555555555556,-0.6776569406523932,1.0
window_2000_gain_2pp,both_active,Majority_10,weighted_voting_29,36,-0.00938970223069191,-0.026567640714347363,-0.004527290351688862,-0.0171073449568616,0.1111111111111111,-0.17369164701026268,0.03388617169571323
window_2000_gain_2pp,both_active,Majority_10,hamming_weight_square_wave_29_4,20,-0.005648761056363583,-0.006713301292620599,-0.0025367175694555044,-0.005340162897482514,0.05,-0.4165250970788428,0.024450968835672746
window_2000_gain_2pp,both_active,weighted_voting_29,tribe_5_5,0,,,,,,,
window_2000_gain_2pp,both_active,weighted_voting_29,tribe_5_4,0,,,,,,,
window_2000_gain_2pp,both_active,weighted_voting_29,majority,21,-0.06077464669942856,-0.07286077737808228,-0.03670781850814819,-0.05240244072462831,0.047619047619047616,-1.7162656979145472,-0.13566258266421913
window_2000_gain_2pp,both_active,weighted_voting_29,parity,32,-0.02238493412733078,-0.03500806912779808,-0.016661301255226135,-0.031500151148065925,0.0,-0.10696271012540086,0.18676769013982156
window_2000_gain_2pp,both_active,weighted_voting_29,parity_10,12,-0.014212086796760559,-0.02360355854034424,-0.006819151341915131,-0.015356029073397318,0.08333333333333333,-0.0541350690195548,0.09209891421419082
window_2000_gain_2pp,both_active,weighted_voting_29,Majority_10,36,-0.004610358737409115,-0.016849837265908718,0.0035796277225017548,-0.0075076273513130015,0.3611111111111111,-0.12308785770144094,0.03388617169571323
window_2000_gain_2pp,both_active,weighted_voting_29,weighted_voting_29,38,-0.08230351284146309,-0.09819022007286549,-0.05573885887861252,-0.06890106813884095,0.10526315789473684,-1.576683932943841,1.0
window_2000_gain_2pp,both_active,weighted_voting_29,hamming_weight_square_wave_29_4,22,-0.013944992329925299,-0.021009228192269802,-0.012052493169903755,-0.015535279261794958,0.045454545454545456,-0.9015642083107758,0.2571170928796329
window_2000_gain_2pp,both_active,hamming_weight_square_wave_29_4,tribe_5_5,0,,,,,,,
window_2000_gain_2pp,both_active,hamming_weight_square_wave_29_4,tribe_5_4,0,,,,,,,
window_2000_gain_2pp,both_active,hamming_weight_square_wave_29_4,majority,23,-0.012243881821632385,-0.030017022974789143,-0.004302524030208588,-0.015531083771392055,0.21739130434782608,-0.6584720654004691,0.19875735451780366
window_2000_gain_2pp,both_active,hamming_weight_square_wave_29_4,parity,19,-0.00882364809513092,-0.014644309878349304,-0.003589436411857605,-0.009384418004437498,0.10526315789473684,-0.040421262618774705,0.21757426064550706
window_2000_gain_2pp,both_active,hamming_weight_square_wave_29_4,parity_10,0,,,,,,,
window_2000_gain_2pp,both_active,hamming_weight_square_wave_29_4,Majority_10,20,-0.007605560123920441,-0.015183966606855392,-0.00030609313398599625,-0.009083127044141293,0.15,-0.06653856435486138,0.024450968835672746
window_2000_gain_2pp,both_active,hamming_weight_square_wave_29_4,weighted_voting_29,22,-0.007077837362885475,-0.01624917797744274,0.0010952837765216827,-0.010831255127083172,0.3181818181818182,-0.10703317639682708,0.2571170928796329
window_2000_gain_2pp,both_active,hamming_weight_square_wave_29_4,hamming_weight_square_wave_29_4,27,-0.025407105684280396,-0.037890322506427765,-0.014312084764242172,-0.025347108918207663,0.037037037037037035,-1.0960768530923983,1.0
1000_1pp_without_baseline_gate,target_active,tribe_5_5,tribe_5_5,46,-0.0315373670309782,-0.06798668392002583,-0.01283830776810646,-0.04512328136226405,0.13043478260869565,-0.8160447391249104,1.0
1000_1pp_without_baseline_gate,target_active,tribe_5_5,tribe_5_4,50,-0.033102136105298996,-0.056139055639505386,-0.011516781989485025,-0.03351761642843485,0.12,-0.7550656213477088,0.8324080053765935
1000_1pp_without_baseline_gate,target_active,tribe_5_5,majority,25,-0.042784057557582855,-0.07386647164821625,-0.03008662909269333,-0.053399592787027356,0.0,-0.8514625787895478,-0.0779170543468453
1000_1pp_without_baseline_gate,target_active,tribe_5_5,parity,49,-0.010861366987228394,-0.01824764907360077,-0.003273308277130127,-0.010851270690256236,0.12244897959183673,-0.0712812554947552,-0.2444492967395938
1000_1pp_without_baseline_gate,target_active,tribe_5_5,parity_10,42,-0.030303815379738808,-0.11735527403652668,-0.015752987004816532,-0.07007196228507728,0.0,-1.9402754039062975,0.1410351712763895
1000_1pp_without_baseline_gate,target_active,tribe_5_5,Majority_10,37,-0.05960285663604736,-0.06931674480438232,-0.041652530431747437,-0.05728791472879616,0.0,-0.9892848160962981,-0.0071646986100584314
1000_1pp_without_baseline_gate,target_active,tribe_5_5,weighted_voting_29,32,-0.016655996441841125,-0.023663796484470367,-0.011135616339743137,-0.020131377910729498,0.03125,-0.3240813042787629,-0.04939573949463594
1000_1pp_without_baseline_gate,target_active,tribe_5_5,hamming_weight_square_wave_29_4,22,-0.01503044692799449,-0.022025004029273987,-0.009605287341400981,-0.017798042178831318,0.0,-0.19978552155708101,0.03552737504346006
1000_1pp_without_baseline_gate,target_active,tribe_5_4,tribe_5_5,46,-0.03505600616335869,-0.05708449799567461,-0.01039026863873005,-0.040029807745114616,0.17391304347826086,-0.6513114031491763,0.7871747910233209
1000_1pp_without_baseline_gate,target_active,tribe_5_4,tribe_5_4,50,-0.03252808749675751,-0.05440910346806049,-0.006615014281123877,-0.03341388776898384,0.18,-0.8250038076197352,1.0
1000_1pp_without_baseline_gate,target_active,tribe_5_4,majority,25,-0.02065420337021351,-0.07438614964485168,-0.008546203374862671,-0.04282051503658295,0.0,-0.5759063394759585,-0.2793917207318298
1000_1pp_without_baseline_gate,target_active,tribe_5_4,parity,49,-0.015631580725312233,-0.02697031944990158,-0.002023369073867798,-0.0149663224512217,0.20408163265306123,-0.08694936237879881,0.011673152141007993
1000_1pp_without_baseline_gate,target_active,tribe_5_4,parity_10,42,-0.022388300858438015,-0.0657378863543272,-0.007485922425985336,-0.040217756382411436,0.0,-0.5122969776387275,0.04708212418989839
1000_1pp_without_baseline_gate,target_active,tribe_5_4,Majority_10,37,-0.05768873542547226,-0.09911522269248962,-0.020771801471710205,-0.061720296841215445,0.02702702702702703,-1.5352113737763609,-0.1361261110793941
1000_1pp_without_baseline_gate,target_active,tribe_5_4,weighted_voting_29,32,-0.007973182946443558,-0.011244858615100384,-0.004474938847124577,-0.00995739153586328,0.0625,-0.14335033894739552,0.04163410346146587
1000_1pp_without_baseline_gate,target_active,tribe_5_4,hamming_weight_square_wave_29_4,22,-0.009551238268613815,-0.019849639385938644,-0.003967599011957645,-0.014941845766522667,0.045454545454545456,-0.1859451793325134,-0.061669601095990824
1000_1pp_without_baseline_gate,target_active,majority,tribe_5_5,46,-0.021894138306379318,-0.037097373977303505,-0.00398948322981596,-0.02123056708470635,0.17391304347826086,-0.42697614645675863,0.08481343595051043
1000_1pp_without_baseline_gate,target_active,majority,tribe_5_4,50,-0.01749570295214653,-0.02539175609126687,-0.0064770239405334,-0.015983258560299873,0.16,-0.44576644796182674,-0.02478426778468261
1000_1pp_without_baseline_gate,target_active,majority,majority,25,-0.07480979710817337,-0.10931958258152008,-0.01303417980670929,-0.053883699178695676,0.2,-1.6125827280694227,1.0
1000_1pp_without_baseline_gate,target_active,majority,parity,49,-0.02525518834590912,-0.04132208228111267,-0.017025500535964966,-0.032612434189234464,0.0,-0.1276860959715322,0.13115032839764948
1000_1pp_without_baseline_gate,target_active,majority,parity_10,42,-0.016077368520200253,-0.03156251460313797,-0.005675466498360038,-0.017942531344791252,0.16666666666666666,-0.1770402844105144,0.16407884135853645
1000_1pp_without_baseline_gate,target_active,majority,Majority_10,37,-0.008691053837537766,-0.01458066701889038,-0.0020219162106513977,-0.007981381353897017,0.1891891891891892,-0.08760664140060406,0.08358610469953752
1000_1pp_without_baseline_gate,target_active,majority,weighted_voting_29,32,-0.0892164558172226,-0.10364946164190769,-0.02467996207997203,-0.06344835989875719,0.125,-1.221931621566211,-0.13766347389186828
1000_1pp_without_baseline_gate,target_active,majority,hamming_weight_square_wave_29_4,22,-0.02629130519926548,-0.04264180175960064,-0.017992964014410973,-0.03047400831498883,0.0,-0.7099243427869619,0.12017652874420379
1000_1pp_without_baseline_gate,target_active,parity,tribe_5_5,46,-0.005019386298954487,-0.02297518029808998,-0.0003586187958717346,-0.011598786450517566,0.2391304347826087,-0.13574308646170802,0.005317054605832296
1000_1pp_without_baseline_gate,target_active,parity,tribe_5_4,50,-0.009465700946748257,-0.0195950074121356,-0.00086921826004982,-0.011066658403724432,0.18,-0.23048720661897154,-0.01994120762106441
1000_1pp_without_baseline_gate,target_active,parity,majority,25,-0.014311854727566242,-0.0334039181470871,-0.012050863355398178,-0.023330591954290866,0.12,-0.5107369604006436,-0.32180413330160534
1000_1pp_without_baseline_gate,target_active,parity,parity,49,-0.032885968685150146,-0.10016217827796936,-0.019273996353149414,-0.0657567767312332,0.08163265306122448,-0.1755573377979896,1.0
1000_1pp_without_baseline_gate,target_active,parity,parity_10,42,-0.0021205474622547626,-0.005068868515081704,0.001956433057785034,-0.0030752680696813123,0.3333333333333333,-0.0593773105021947,0.08851340529402132
1000_1pp_without_baseline_gate,target_active,parity,Majority_10,37,-0.021346788853406906,-0.02982214093208313,-0.006242129951715469,-0.020637998281902558,0.13513513513513514,-0.24299980665520668,0.01098085356591071
1000_1pp_without_baseline_gate,target_active,parity,weighted_voting_29,32,-0.0053009092807769775,-0.01078962441533804,-0.0006086463108658791,-0.007295444782357663,0.1875,-0.07592666322590934,0.2580460446375364
1000_1pp_without_baseline_gate,target_active,parity,hamming_weight_square_wave_29_4,22,-0.02108517289161682,-0.037064996547997,-0.015208432450890541,-0.022321746261282402,0.13636363636363635,-0.466690518558316,0.272176199938866
1000_1pp_without_baseline_gate,target_active,parity_10,tribe_5_5,46,-0.01853267289698124,-0.040567697025835514,-0.0037553729489445686,-0.02790386534457945,0.10869565217391304,-0.41372562839896365,-0.06322324890894228
1000_1pp_without_baseline_gate,target_active,parity_10,tribe_5_4,50,-0.015116567723453045,-0.030230704694986343,-0.0013355952687561512,-0.02448869191110134,0.2,-0.4145138751005528,-0.010600655266584689
1000_1pp_without_baseline_gate,target_active,parity_10,majority,25,-0.012605002149939537,-0.02067778818309307,-0.00021499395370483398,-0.007439047023653984,0.24,-0.3136737822942119,-0.07216227402311598
1000_1pp_without_baseline_gate,target_active,parity_10,parity,49,-0.014861151576042175,-0.02183125913143158,-0.008348628878593445,-0.01596061577450256,0.08163265306122448,-0.09577829959354685,0.2005731144526175
1000_1pp_without_baseline_gate,target_active,parity_10,parity_10,42,-0.11057702079415321,-0.36980289965867996,-0.05911093205213547,-0.21910904862341427,0.0,-3.9863884682926374,1.0
1000_1pp_without_baseline_gate,target_active,parity_10,Majority_10,37,-0.016286347061395645,-0.02618229389190674,-0.004174262285232544,-0.02160048036760575,0.16216216216216217,-0.18172729640284463,-0.055104441725313064
1000_1pp_without_baseline_gate,target_active,parity_10,weighted_voting_29,32,-0.017858054488897324,-0.023991604335606098,-0.011425355449318886,-0.019383681064937264,0.0625,-0.30658328121908135,0.08647538846310857
1000_1pp_without_baseline_gate,target_active,parity_10,hamming_weight_square_wave_29_4,22,-0.010286787990480661,-0.011845433851704001,-0.004337123595178127,-0.008496729318391193,0.09090909090909091,-0.24485541773435124,0.16249995174161816
1000_1pp_without_baseline_gate,target_active,Majority_10,tribe_5_5,46,-0.01511579379439354,-0.026700064539909363,-0.0030153871048241854,-0.015861152347339237,0.17391304347826086,-0.26088603059035465,0.07919867827416918
1000_1pp_without_baseline_gate,target_active,Majority_10,tribe_5_4,50,-0.019533514976501465,-0.034238092601299286,-0.008664192631840706,-0.020402569584548474,0.08,-0.5978022441370953,0.30716309911056844
1000_1pp_without_baseline_gate,target_active,Majority_10,majority,25,-0.011857016012072563,-0.020969513803720474,-0.0031919199973344803,-0.014175338707864284,0.16,-0.3131605904551796,0.012558562428139835
1000_1pp_without_baseline_gate,target_active,Majority_10,parity,49,-0.009859934449195862,-0.015283957123756409,-0.0044992342591285706,-0.01135167095582096,0.10204081632653061,-0.06492793746076324,0.021585215221148944
1000_1pp_without_baseline_gate,target_active,Majority_10,parity_10,42,-0.042005643248558044,-0.06891239993274212,-0.02426014468073845,-0.07686701470187732,0.023809523809523808,-0.7179232936109445,0.3997336064224948
1000_1pp_without_baseline_gate,target_active,Majority_10,Majority_10,37,-0.0339881032705307,-0.06668783724308014,0.0035345852375030518,-0.03793129546416772,0.32432432432432434,-0.6445545998242542,1.0
1000_1pp_without_baseline_gate,target_active,Majority_10,weighted_voting_29,32,-0.00852973572909832,-0.019491934217512608,-0.004527290351688862,-0.013267419766634703,0.125,-0.1674250670190336,0.026580720456543843
1000_1pp_without_baseline_gate,target_active,Majority_10,hamming_weight_square_wave_29_4,22,-0.008139657322317362,-0.017786234617233276,-0.0034182844683527946,-0.011268307708881119,0.045454545454545456,-0.12126886081208443,-0.06594740519473073
1000_1pp_without_baseline_gate,target_active,weighted_voting_29,tribe_5_5,46,-0.0028690588660538197,-0.004961399361491203,-2.0572682842612267e-05,-0.0033806086943039427,0.2608695652173913,-0.060650043437907405,0.1447179601152922
1000_1pp_without_baseline_gate,target_active,weighted_voting_29,tribe_5_4,50,-0.004732603207230568,-0.006288426928222179,-0.0008199317380785942,-0.0034476900100708007,0.24,-0.13964282166203595,0.049113008010439246
1000_1pp_without_baseline_gate,target_active,weighted_voting_29,majority,25,-0.06322988867759705,-0.07528114318847656,-0.0493551641702652,-0.060244109109044076,0.04,-1.4758705796798806,-0.1498942852451438
1000_1pp_without_baseline_gate,target_active,weighted_voting_29,parity,49,-0.02470812201499939,-0.06178050488233566,-0.01540347933769226,-0.03951469664366878,0.02040816326530612,-0.12284228899661269,0.14208712443970112
1000_1pp_without_baseline_gate,target_active,weighted_voting_29,parity_10,42,-0.02881627529859543,-0.08611210808157921,-0.010754975490272045,-0.06387925085922082,0.047619047619047616,-0.488257002742158,0.1341290807964756
1000_1pp_without_baseline_gate,target_active,weighted_voting_29,Majority_10,37,-0.004966622218489647,-0.016865123063325882,0.003559023141860962,-0.008404000523827365,0.35135135135135137,-0.12441626010366763,0.034323399146366514
1000_1pp_without_baseline_gate,target_active,weighted_voting_29,weighted_voting_29,32,-0.0864403024315834,-0.09944753721356392,-0.05619201809167862,-0.07077260757796466,0.125,-1.576683932943841,1.0
1000_1pp_without_baseline_gate,target_active,weighted_voting_29,hamming_weight_square_wave_29_4,22,-0.022261977195739746,-0.02581217512488365,-0.013198663713410497,-0.020800819535824387,0.0,-0.32159661115757576,-0.0757929285119443
1000_1pp_without_baseline_gate,target_active,hamming_weight_square_wave_29_4,tribe_5_5,46,-0.011991627514362335,-0.02246151678264141,-0.004804846830666065,-0.018789390972612993,0.06521739130434782,-0.2332607040140752,0.010852303558524021
1000_1pp_without_baseline_gate,target_active,hamming_weight_square_wave_29_4,tribe_5_4,50,-0.015004333108663559,-0.025962826795876026,-0.008380305022001266,-0.025860298182815312,0.0,-0.6465681874574345,-0.0886282413770548
1000_1pp_without_baseline_gate,target_active,hamming_weight_square_wave_29_4,majority,25,-0.012007191777229309,-0.026957551017403603,0.0026753749698400497,-0.010387938059866429,0.28,-0.5384902608014934,0.14960949691719608
1000_1pp_without_baseline_gate,target_active,hamming_weight_square_wave_29_4,parity,49,-0.014008104801177979,-0.022769853472709656,-0.006914466619491577,-0.017616993576592327,0.08163265306122448,-0.07490250493940044,0.4512848275981597
1000_1pp_without_baseline_gate,target_active,hamming_weight_square_wave_29_4,parity_10,42,-0.011236758902668953,-0.0208121738396585,-0.00511924596503377,-0.014467054201910893,0.07142857142857142,-0.15155420410110232,0.12001418476286875
1000_1pp_without_baseline_gate,target_active,hamming_weight_square_wave_29_4,Majority_10,37,-0.006433360278606415,-0.015144243836402893,-0.0003634914755821228,-0.007272680743119201,0.1891891891891892,-0.08866217382401821,0.11386819889399047
1000_1pp_without_baseline_gate,target_active,hamming_weight_square_wave_29_4,weighted_voting_29,32,-0.01163274422287941,-0.019166424870491028,-0.003527390770614147,-0.014324231597129256,0.21875,-0.19112405735456175,0.10076129798467763
1000_1pp_without_baseline_gate,target_active,hamming_weight_square_wave_29_4,hamming_weight_square_wave_29_4,22,-0.020518667995929718,-0.03017416037619114,-0.014284782577306032,-0.023225433108481495,0.045454545454545456,-0.5442692468727592,1.0
1000_1pp_without_baseline_gate,both_active,tribe_5_5,tribe_5_5,46,-0.0315373670309782,-0.06798668392002583,-0.01283830776810646,-0.04512328136226405,0.13043478260869565,-0.8160447391249104,1.0
1000_1pp_without_baseline_gate,both_active,tribe_5_5,tribe_5_4,30,-0.019691824913024902,-0.054919859394431114,-0.0072706579230725765,-0.023574938190480073,0.2,-0.5712223865942289,0.8535089264218401
1000_1pp_without_baseline_gate,both_active,tribe_5_5,majority,11,-0.07546849548816681,-0.10236474871635437,-0.0676564946770668,-0.08298735557632013,0.0,-0.6981448081201003,-0.5325833501150439
1000_1pp_without_baseline_gate,both_active,tribe_5_5,parity,5,-0.004980146884918213,-0.007598280906677246,0.012216538190841675,-0.0017011821269989013,0.4,-0.01852778269321089,-0.10386247909573018
1000_1pp_without_baseline_gate,both_active,tribe_5_5,parity_10,0,,,,,,,
1000_1pp_without_baseline_gate,both_active,tribe_5_5,Majority_10,5,-0.045079052448272705,-0.048054665327072144,-0.044275566935539246,-0.05157686173915863,0.0,-0.2287969877549503,0.3334652349802172
1000_1pp_without_baseline_gate,both_active,tribe_5_5,weighted_voting_29,6,-0.029378525912761688,-0.03698514588177204,-0.014222588390111923,-0.025767372300227482,0.16666666666666666,-0.15637652465422208,0.39540302285059703
1000_1pp_without_baseline_gate,both_active,tribe_5_5,hamming_weight_square_wave_29_4,10,-0.021237492561340332,-0.035465992987155914,-0.01490744762122631,-0.02360592819750309,0.0,-0.15859956303257372,-0.09325374047789012
1000_1pp_without_baseline_gate,both_active,tribe_5_4,tribe_5_5,30,-0.02069956064224243,-0.04002629313617945,0.0013740137219429016,-0.021986647695302963,0.26666666666666666,-0.25385252333367125,0.8535089264218401
1000_1pp_without_baseline_gate,both_active,tribe_5_4,tribe_5_4,50,-0.03252808749675751,-0.05440910346806049,-0.006615014281123877,-0.03341388776898384,0.18,-0.8250038076197352,1.0
1000_1pp_without_baseline_gate,both_active,tribe_5_4,majority,14,-0.07139292359352112,-0.10160200670361519,-0.02344847284257412,-0.06475800116147314,0.0,-0.6151349556781005,-0.5269989986042778
1000_1pp_without_baseline_gate,both_active,tribe_5_4,parity,8,0.0011237859725952148,-0.00412282720208168,0.013234317302703857,0.003473762422800064,0.5,0.004921644848374759,0.243059239512392
1000_1pp_without_baseline_gate,both_active,tribe_5_4,parity_10,4,-0.06193441152572632,-0.07931300066411495,-0.04522710666060448,-0.06260569579899311,0.0,-0.9881963453851592,0.18897972990595924
1000_1pp_without_baseline_gate,both_active,tribe_5_4,Majority_10,8,-0.029088519513607025,-0.049477722495794296,-0.009341161698102951,-0.0325075201690197,0.0,-0.14092000155542658,0.172982179475867
1000_1pp_without_baseline_gate,both_active,tribe_5_4,weighted_voting_29,9,-0.008360706269741058,-0.02522289752960205,-0.0034266039729118347,-0.015185616910457611,0.1111111111111111,-0.08958419435775768,0.03724106685883859
1000_1pp_without_baseline_gate,both_active,tribe_5_4,hamming_weight_square_wave_29_4,13,-0.01784561574459076,-0.029862582683563232,-0.003991551697254181,-0.01980812159868387,0.07692307692307693,-0.1404607317702587,-0.08837210118471042
1000_1pp_without_baseline_gate,both_active,majority,tribe_5_5,11,0.0054670944809913635,-0.0035765133798122406,0.008749622851610184,-0.0005066923119805076,0.6363636363636364,0.05235710841427204,-0.5325833501150439
1000_1pp_without_baseline_gate,both_active,majority,tribe_5_4,14,-0.004799289628863335,-0.014211393892765045,0.005205487832427025,-0.006879832861678941,0.35714285714285715,-0.0823375817600183,-0.5269989986042778
1000_1pp_without_baseline_gate,both_active,majority,majority,25,-0.07480979710817337,-0.10931958258152008,-0.01303417980670929,-0.053883699178695676,0.2,-1.6125827280694227,1.0
1000_1pp_without_baseline_gate,both_active,majority,parity,19,-0.01883557438850403,-0.025481410324573517,-0.015545636415481567,-0.02063041141158656,0.0,-0.08229780221297005,-0.33509086174750036
1000_1pp_without_baseline_gate,both_active,majority,parity_10,2,-0.020261511206626892,-0.02701631933450699,-0.013506703078746796,-0.020261511206626892,0.0,-0.07649293896048986,0.030016361435409644
1000_1pp_without_baseline_gate,both_active,majority,Majority_10,19,-0.0102166086435318,-0.015275970101356506,-0.002174828201532364,-0.01021777544366686,0.10526315789473684,-0.06910158215691017,-0.0032162844230042634
1000_1pp_without_baseline_gate,both_active,majority,weighted_voting_29,20,-0.0892164558172226,-0.10223066620528698,-0.010120172053575516,-0.06148511618375778,0.2,-1.0065276731790493,-0.13766347389186828
1000_1pp_without_baseline_gate,both_active,majority,hamming_weight_square_wave_29_4,22,-0.02629130519926548,-0.04264180175960064,-0.017992964014410973,-0.03047400831498883,0.0,-0.7099243427869619,0.12017652874420379
1000_1pp_without_baseline_gate,both_active,parity,tribe_5_5,5,0.004235111176967621,0.004148997366428375,0.00953584909439087,0.003060932457447052,0.8,0.041572610421635514,-0.10386247909573018
1000_1pp_without_baseline_gate,both_active,parity,tribe_5_4,8,-0.006728954613208771,-0.01048275362700224,-0.0032859332859516144,-0.003706858027726412,0.125,-0.10329762825660402,0.243059239512392
1000_1pp_without_baseline_gate,both_active,parity,majority,19,-0.013876652345061302,-0.020993340760469437,-0.012199454009532928,-0.01977821013056918,0.05263157894736842,-0.5107369604006436,-0.33509086174750036
1000_1pp_without_baseline_gate,both_active,parity,parity,49,-0.032885968685150146,-0.10016217827796936,-0.019273996353149414,-0.0657567767312332,0.08163265306122448,-0.1755573377979896,1.0
1000_1pp_without_baseline_gate,both_active,parity,parity_10,23,0.0013775527477264404,-0.00195321103092283,0.0038595497608184814,-0.0005467345472425222,0.5652173913043478,0.009168199559431347,0.10428474179276065
1000_1pp_without_baseline_gate,both_active,parity,Majority_10,34,-0.024464364163577557,-0.032606810331344604,-0.009753227233886719,-0.023423860150882426,0.058823529411764705,-0.24858704260485126,0.01628303439352983
1000_1pp_without_baseline_gate,both_active,parity,weighted_voting_29,29,-0.0044496431946754456,-0.00879458338022232,-0.0005854591727256775,-0.005529295974250497,0.20689655172413793,-0.052791835904134034,0.3422348839586909
1000_1pp_without_baseline_gate,both_active,parity,hamming_weight_square_wave_29_4,17,-0.02723085880279541,-0.03923231363296509,-0.017209041863679886,-0.026187928064781076,0.058823529411764705,-0.9877341804196708,0.21636781371917158
1000_1pp_without_baseline_gate,both_active,parity_10,tribe_5_5,0,,,,,,,
1000_1pp_without_baseline_gate,both_active,parity_10,tribe_5_4,4,-0.004934355616569519,-0.011074180714786053,-0.0006090551614761353,-0.006748880259692669,0.25,-0.0912041197017603,0.18897972990595924
1000_1pp_without_baseline_gate,both_active,parity_10,majority,2,-0.011864793486893177,-0.015158938709646463,-0.00857064826413989,-0.011864793486893177,0.0,-0.7614861369023042,0.030016361435409644
1000_1pp_without_baseline_gate,both_active,parity_10,parity,23,-0.012155979871749878,-0.020825756713747978,-0.005381142720580101,-0.013230911010633345,0.17391304347826086,-0.10519713227862962,0.10428474179276065
1000_1pp_without_baseline_gate,both_active,parity_10,parity_10,42,-0.11057702079415321,-0.36980289965867996,-0.05911093205213547,-0.21910904862341427,0.0,-3.9863884682926374,1.0
1000_1pp_without_baseline_gate,both_active,parity_10,Majority_10,14,-0.012917222455143929,-0.0346848089247942,-0.003076006658375263,-0.03165093995630741,0.21428571428571427,-0.3983819191103113,0.10603532131410458
1000_1pp_without_baseline_gate,both_active,parity_10,weighted_voting_29,10,-0.017730074003338814,-0.021112618036568165,-0.011613122187554836,-0.01698155552148819,0.0,-0.38950593986756676,0.07622609410669912
1000_1pp_without_baseline_gate,both_active,parity_10,hamming_weight_square_wave_29_4,0,,,,,,,
1000_1pp_without_baseline_gate,both_active,Majority_10,tribe_5_5,5,0.0029480457305908203,0.0013548731803894043,0.005874156951904297,-0.0015074878931045533,0.8,0.02823275699065411,0.3334652349802172
1000_1pp_without_baseline_gate,both_active,Majority_10,tribe_5_4,8,-0.00882072001695633,-0.03368705045431852,0.015728585422039032,-0.00899941148236394,0.375,-0.14412691905357822,0.172982179475867
1000_1pp_without_baseline_gate,both_active,Majority_10,majority,19,-0.01249234564602375,-0.018848150968551636,-0.005415820050984621,-0.015278641673687258,0.10526315789473684,-0.36562165968028487,-0.0032162844230042634
1000_1pp_without_baseline_gate,both_active,Majority_10,parity,34,-0.008209742605686188,-0.014309030026197433,-0.002870159223675728,-0.009370385614388129,0.08823529411764706,-0.04586278758579074,0.01628303439352983
1000_1pp_without_baseline_gate,both_active,Majority_10,parity_10,14,-0.030693084001541138,-0.042415715754032135,-0.00817195326089859,-0.028043535138879503,0.07142857142857142,-0.12153604433750756,0.10603532131410458
1000_1pp_without_baseline_gate,both_active,Majority_10,Majority_10,37,-0.0339881032705307,-0.06668783724308014,0.0035345852375030518,-0.03793129546416772,0.32432432432432434,-0.6445545998242542,1.0
1000_1pp_without_baseline_gate,both_active,Majority_10,weighted_voting_29,30,-0.008971288800239563,-0.021029162220656872,-0.004659345373511314,-0.01440354660153389,0.1,-0.16966264384282603,0.016284409069935286
1000_1pp_without_baseline_gate,both_active,Majority_10,hamming_weight_square_wave_29_4,16,-0.006412773858755827,-0.012584662064909935,-0.0024380958639085293,-0.008323600981384516,0.0625,-0.11164084819823086,-0.06594740519473073
1000_1pp_without_baseline_gate,both_active,weighted_voting_29,tribe_5_5,6,-0.00685080885887146,-0.017677081748843193,0.0017781592905521393,-0.011874942729870478,0.3333333333333333,-0.06505889008264028,0.39540302285059703
1000_1pp_without_baseline_gate,both_active,weighted_voting_29,tribe_5_4,9,-0.0021551698446273804,-0.005438230931758881,-0.0007187724113464355,-0.007371911986006631,0.2222222222222222,-0.034091533758464916,0.03724106685883859
1000_1pp_without_baseline_gate,both_active,weighted_voting_29,majority,20,-0.061321211978793144,-0.07328807935118675,-0.03907481208443642,-0.05353439459577203,0.05,-1.6633089577532143,-0.13766347389186828
1000_1pp_without_baseline_gate,both_active,weighted_voting_29,parity,29,-0.019631311297416687,-0.02470812201499939,-0.014794349670410156,-0.023383505899330664,0.034482758620689655,-0.09271350254989852,0.3422348839586909
1000_1pp_without_baseline_gate,both_active,weighted_voting_29,parity_10,10,-0.00824776291847229,-0.010203033685684204,-0.007051795721054077,-0.009314751625061036,0.0,-0.031478927621991525,0.07622609410669912
1000_1pp_without_baseline_gate,both_active,weighted_voting_29,Majority_10,30,-0.0018220620695501566,-0.015826350077986717,0.00523192435503006,-0.005532265780493617,0.43333333333333335,-0.05415099002479959,0.016284409069935286
1000_1pp_without_baseline_gate,both_active,weighted_voting_29,weighted_voting_29,32,-0.0864403024315834,-0.09944753721356392,-0.05619201809167862,-0.07077260757796466,0.125,-1.576683932943841,1.0
1000_1pp_without_baseline_gate,both_active,weighted_voting_29,hamming_weight_square_wave_29_4,17,-0.014520024880766869,-0.024205923080444336,-0.012561582028865814,-0.01826090946355287,0.0,-0.5466181617763841,0.24415870614778573
1000_1pp_without_baseline_gate,both_active,hamming_weight_square_wave_29_4,tribe_5_5,10,-0.04469592124223709,-0.062423622235655785,-0.015828166157007217,-0.03859428763389587,0.2,-0.444883574465001,-0.09325374047789012
1000_1pp_without_baseline_gate,both_active,hamming_weight_square_wave_29_4,tribe_5_4,13,-0.05045345425605774,-0.07201175391674042,-0.00554029643535614,-0.04293746014054005,0.0,-0.6764685668162438,-0.08837210118471042
1000_1pp_without_baseline_gate,both_active,hamming_weight_square_wave_29_4,majority,22,-0.013178818859159946,-0.03154675895348191,-0.002645473927259445,-0.013152534819462082,0.22727272727272727,-0.5984811631009812,0.12017652874420379
1000_1pp_without_baseline_gate,both_active,hamming_weight_square_wave_29_4,parity,17,-0.012758195400238037,-0.016509607434272766,-0.005089506506919861,-0.015089186675408307,0.11764705882352941,-0.055744062802992954,0.21636781371917158
1000_1pp_without_baseline_gate,both_active,hamming_weight_square_wave_29_4,parity_10,0,,,,,,,
1000_1pp_without_baseline_gate,both_active,hamming_weight_square_wave_29_4,Majority_10,16,-0.012998074293136597,-0.017026908695697784,-0.0009564924985170364,-0.010041053406894207,0.125,-0.08144377332699818,-0.06594740519473073
1000_1pp_without_baseline_gate,both_active,hamming_weight_square_wave_29_4,weighted_voting_29,17,-0.008822046220302582,-0.030647389590740204,0.0003389120101928711,-0.01699219359194531,0.29411764705882354,-0.11708343308368487,0.24415870614778573
1000_1pp_without_baseline_gate,both_active,hamming_weight_square_wave_29_4,hamming_weight_square_wave_29_4,22,-0.020518667995929718,-0.03017416037619114,-0.014284782577306032,-0.023225433108481495,0.045454545454545456,-0.5442692468727592,1.0
