task,step,accuracy,gain,slope_per_1000_steps,above_constant_baseline,increasing_below_one,selected
tribe_5_5,100,0.84375,0.15416666666666667,2.742424242424244,False,False,False
tribe_5_5,200,0.85625,0.08333333333333326,0.7474154135338351,False,True,False
tribe_5_5,300,0.865625,0.05906250000000002,0.3674916573971102,False,True,False
tribe_5_5,400,0.88125,0.059855769230769185,0.2646869136960577,False,True,False
tribe_5_5,500,0.85625,0.05527343750000002,0.18819027611044456,False,True,False
tribe_5_5,600,0.88125,0.047812500000000036,0.14014309530425206,False,True,False
tribe_5_5,700,0.865625,0.042934782608695876,0.10709911643775763,False,True,False
tribe_5_5,800,0.875,0.044471153846153966,0.09086014416315047,False,True,False
tribe_5_5,900,0.8875,0.042708333333333126,0.07866197472939018,False,True,False
tribe_5_5,1000,0.884375,0.04251893939393936,0.0688268826882692,False,True,False
tribe_5_5,1100,0.875,0.018560606060605833,0.027664641464146322,False,True,False
tribe_5_5,1200,0.884375,0.010700757575757613,0.016799804980497466,False,True,False
tribe_5_5,1300,0.878125,0.002556818181818188,0.004267926792678818,False,False,False
tribe_5_5,1400,0.878125,0.0023674242424243097,0.00360598559855926,False,False,False
tribe_5_5,1500,0.88125,0.0021780303030303205,0.0034147164716460546,False,False,False
tribe_5_5,1600,0.884375,0.0002840909090909838,0.001511401140113335,False,False,False
tribe_5_5,1700,0.88125,-0.0017992424242424532,-0.0019726972697274897,False,False,False
tribe_5_5,1800,0.88125,0.0,9.375937593749605e-05,False,False,False
tribe_5_5,1900,0.88125,0.002556818181818299,0.0030134263426336958,False,False,False
tribe_5_5,2000,0.88125,0.005681818181818121,0.007641389138913368,False,False,False
tribe_5_5,2100,0.884375,0.005018939393939381,0.007343234323431943,False,False,False
tribe_5_5,2200,0.88125,0.003882575757575668,0.006287503750374281,False,False,False
tribe_5_5,2300,0.890625,0.002746212121212066,0.0046429642964291125,False,False,False
tribe_5_5,2400,0.884375,0.0018939393939394478,0.0021677167716770474,False,False,False
tribe_5_5,2500,0.8875,0.0019886363636363313,0.002861536153614983,False,False,False
tribe_5_5,2600,0.8875,0.0017992424242424532,0.003247824782477746,False,False,False
tribe_5_5,2700,0.884375,0.0019886363636363313,0.0029309180918085133,False,False,False
tribe_5_5,2800,0.884375,0.0023674242424241987,0.0033153315331527124,False,False,False
tribe_5_5,2900,0.884375,0.002083333333333326,0.0030903090309027216,False,False,False
tribe_5_5,3000,0.884375,0.0019886363636362203,0.0033153315331531773,False,False,False
tribe_5_5,3100,0.8875,0.002746212121211955,0.0038628862886285567,False,False,False
tribe_5_5,3200,0.884375,0.0026515151515149604,0.0034934743474342644,False,False,False
tribe_5_5,3300,0.88125,0.002556818181818188,0.0037785028502843455,False,False,False
tribe_5_5,3400,0.890625,0.001136363636363602,0.0016407890789072656,False,False,False
tribe_5_5,3500,0.89375,0.0015151515151516914,0.0029871737173710108,False,False,False
tribe_5_5,3600,0.884375,0.002083333333333326,0.003184068406838978,False,False,False
tribe_5_5,3700,0.884375,0.0030303030303028278,0.0035216021602153583,False,False,False
tribe_5_5,3800,0.8875,0.003219696969696817,0.00490924092409247,False,False,False
tribe_5_5,3900,0.890625,0.0037878787878788955,0.006550030003000356,False,False,False
tribe_5_5,4000,0.896875,0.005303030303030365,0.00770702070206915,False,False,False
tribe_5_5,4100,0.89375,0.005965909090909327,0.008063306330632564,False,False,False
tribe_5_5,4200,0.8875,0.004640151515151403,0.007331983198319631,False,False,False
tribe_5_5,4300,0.8875,0.0024621212121210823,0.004241674167416134,False,False,False
tribe_5_5,4400,0.884375,0.0014204545454544748,0.000997599759975361,False,False,False
tribe_5_5,4500,0.890625,0.0,0.00023627362736245903,False,False,False
tribe_5_5,4600,0.884375,-0.0021780303030304315,-0.0035122262226230036,False,False,False
tribe_5_5,4700,0.884375,-0.005018939393939492,-0.007624512451245673,False,False,False
tribe_5_5,4800,0.884375,-0.0062500000000002,-0.009173417341734935,False,False,False
tribe_5_5,4900,0.890625,-0.005776515151515338,-0.007378862886289153,False,False,False
tribe_5_5,5000,0.8625,-0.0053977272727272485,-0.008834008400840455,False,False,False
tribe_5_5,5100,0.86875,-0.005018939393939381,-0.00845522052205319,False,False,False
tribe_5_5,5200,0.8875,-0.0037878787878787845,-0.004800480048005222,False,False,False
tribe_5_5,5300,0.89375,-0.0009469696969696129,0.0006694419441930397,False,False,False
tribe_5_5,5400,0.890625,0.004071969696969768,0.005443669366936353,False,False,False
tribe_5_5,5500,0.89375,0.0074810606060606855,0.010576057605759939,False,False,False
tribe_5_5,5600,0.89375,0.007575757575757458,0.011821182118211931,False,False,False
tribe_5_5,5700,0.890625,0.008333333333333415,0.01191306630662978,False,False,False
tribe_5_5,5800,0.89375,0.007670454545454675,0.009445319531952745,False,False,False
tribe_5_5,5900,0.884375,0.005681818181818232,0.007750150015000925,False,False,False
tribe_5_5,6000,0.8875,0.00028409090909087276,0.0010107260726071683,False,False,False
tribe_5_5,6100,0.890625,-0.003693181818181901,-0.005021752175218085,False,False,False
tribe_5_5,6200,0.8875,-0.0060606060606061,-0.008661491149115836,False,False,False
tribe_5_5,6300,0.8875,-0.006439393939393967,-0.009430318031803614,False,False,False
tribe_5_5,6400,0.8875,-0.006439393939393967,-0.009563456345635293,False,False,False
tribe_5_5,6500,0.884375,-0.0042613636363636465,-0.005843084308431697,False,False,False
tribe_5_5,6600,0.884375,-0.0028409090909090606,-0.0045229522952298625,False,False,False
tribe_5_5,6700,0.890625,-0.0009469696969696129,-0.001991449144914369,False,False,False
tribe_5_5,6800,0.878125,-0.001136363636363713,-0.0016614161416145688,False,False,False
tribe_5_5,6900,0.8875,-0.0017045454545455696,-0.002392739273928123,False,False,False
tribe_5_5,7000,0.890625,-0.0007575757575757347,-0.0010726072607267528,False,False,False
tribe_5_5,7100,0.8875,-9.469696969699459e-05,0.0006169366936685999,False,False,False
tribe_5_5,7200,0.8875,0.0010416666666666075,0.0007331983198310331,False,False,False
tribe_5_5,7300,0.8875,-0.00037878787878786735,-0.0015507800780086025,False,False,False
tribe_5_5,7400,0.8875,-0.0026515151515151825,-0.0029440444044412507,False,False,False
tribe_5_5,7500,0.89375,0.0,0.0010088508850876743,False,False,False
tribe_5_5,7600,0.89375,0.0029356060606062773,0.004361686168616779,False,False,False
tribe_5_5,7700,0.88125,0.005681818181818343,0.007193219321932261,False,False,False
tribe_5_5,7800,0.890625,0.004829545454545614,0.008055805580557844,False,False,False
tribe_5_5,7900,0.875,0.00435606060606053,0.006274377437743095,False,False,False
tribe_5_5,8000,0.890625,0.004166666666666652,0.0050667566756674946,False,False,False
tribe_5_5,8100,0.878125,0.003693181818181901,0.00495237023702316,False,False,False
tribe_5_5,8200,0.890625,0.0024621212121211933,0.004746099609960668,False,False,False
tribe_5_5,8300,0.890625,0.00037878787878797837,0.0005381788178816303,False,False,False
tribe_5_5,8400,0.890625,-0.0008522727272728403,-0.0006675667566763358,False,False,False
tribe_5_5,8500,0.9,0.0007575757575756237,0.0020327032703269603,False,False,False
tribe_5_5,8600,0.890625,0.002556818181818188,0.0026927692769273355,False,False,False
tribe_5_5,8700,0.8875,0.00435606060606053,0.005357410741073577,False,False,False
tribe_5_5,8800,0.896875,0.004166666666666874,0.0053667866786668616,False,False,False
tribe_5_5,8900,0.890625,0.004356060606060641,0.006711296129611888,False,False,False
tribe_5_5,9000,0.8875,0.0031249999999999334,0.004869861986198132,False,False,False
tribe_5_5,9100,0.890625,0.00113636363636338,0.0009038403840377099,False,False,False
tribe_5_5,9200,0.884375,-0.0015151515151514694,-0.0012901290129017126,False,False,False
tribe_5_5,9300,0.884375,-0.002746212121212177,-0.0031821932193219636,False,False,False
tribe_5_5,9400,0.89375,-0.00047348484848486194,-0.0012695019501956495,False,False,False
tribe_5_5,9500,0.9,0.0012310606060605966,0.0019033153315327195,False,False,False
tribe_5_5,9600,0.9,0.0008522727272726183,0.0013557605760571847,False,False,False
tribe_5_5,9700,0.890625,0.001609848484848575,0.0032834533453344906,False,False,False
tribe_5_5,9800,0.890625,0.0035984848484849064,0.004451695169516838,False,False,False
tribe_5_5,9900,0.89375,0.004356060606060641,0.005198019801979679,False,False,False
tribe_5_5,10000,0.890625,0.002272727272727204,0.003360336033602741,False,False,False
tribe_5_5,10100,0.9,0.00037878787878786735,0.0015807830783068654,False,False,False
tribe_5_5,10200,0.89375,-0.0012310606060605966,-0.0010219771977197918,False,False,False
tribe_5_5,10300,0.896875,-0.0007575757575757347,-0.0016182868286835686,False,False,False
tribe_5_5,10400,0.9,-0.0002840909090909838,-0.0010726072607262877,False,False,False
tribe_5_5,10500,0.89375,-0.0015151515151515804,-0.001307005700570648,False,False,False
tribe_5_5,10600,0.9,-0.0021780303030303205,-0.0027565256525657936,False,False,False
tribe_5_5,10700,0.9,0.0,-0.001376387638764798,False,False,False
tribe_5_5,10800,0.9,0.0006628787878787401,0.0018601860186017196,False,False,False
tribe_5_5,10900,0.890625,0.0014204545454545858,0.001421392139213277,False,False,False
tribe_5_5,11000,0.9,0.0009469696969696129,0.0016089108910884243,False,False,False
tribe_5_5,11100,0.9,0.0012310606060604856,0.0032872037203722382,False,False,False
tribe_5_5,11200,0.9,0.00303030303030305,0.003838508850884281,False,False,False
tribe_5_5,11300,0.8875,0.0035037878787878007,0.004256675667565886,False,False,False
tribe_5_5,11400,0.9,0.0013257575757577023,0.0018920642064200962,False,False,False
tribe_5_5,11500,0.9,0.0006628787878788511,0.002319606960695295,False,False,False
tribe_5_5,11600,0.903125,0.0006628787878788511,0.0014251425142510247,True,False,False
tribe_5_5,11700,0.89375,0.0007575757575757347,-6.000600060024547e-05,False,False,False
tribe_5_5,11800,0.89375,0.0006628787878787401,0.0006994449444937826,False,False,False
tribe_5_5,11900,0.903125,-0.0003787878787877563,4.875487548669194e-05,True,False,False
tribe_5_5,12000,0.9,0.0009469696969696129,0.001895814581457689,False,False,False
tribe_5_5,12100,0.903125,0.0021780303030303205,0.0027321482148205877,True,False,False
tribe_5_5,12200,0.903125,0.002746212121212066,0.0044535703570354026,True,False,False
tribe_5_5,12300,0.89375,0.001609848484848464,0.002465871587158471,False,False,False
tribe_5_5,12400,0.9,0.00028409090909087276,-0.0008719621962194882,False,False,False
tribe_5_5,12500,0.9,-0.0014204545454545858,-0.0020008250825088937,False,False,False
tribe_5_5,12600,0.903125,-0.0013257575757575912,-0.001185118511851748,True,False,False
tribe_5_5,12700,0.89375,-0.0023674242424241987,-0.004294179417942743,False,False,False
tribe_5_5,12800,0.890625,-0.003030303030302939,-0.004348559855986368,False,False,False
tribe_5_5,12900,0.89375,-0.0026515151515151825,-0.0026383888388846416,False,False,False
tribe_5_5,13000,0.90625,-0.0003787878787877563,-0.00019501950195064278,True,False,False
tribe_5_5,13100,0.90625,0.00369318181818179,0.0049542454245418786,True,False,False
tribe_5_5,13200,0.903125,0.006818181818181834,0.010941719171916794,True,False,False
tribe_5_5,13300,0.9125,0.008712121212121171,0.012719396939693485,True,False,False
tribe_5_5,13400,0.90625,0.010890151515151492,0.015659690969096213,True,True,True
tribe_5_5,13500,0.909375,0.011553030303030454,0.016426642664265426,True,True,True
tribe_5_5,13600,0.903125,0.011647727272727226,0.017636138613860368,True,True,True
tribe_5_5,13700,0.915625,0.010984848484848375,0.016119111911190406,True,True,True
tribe_5_5,13800,0.91875,0.010511363636363624,0.016977947794778864,True,True,True
tribe_5_5,13900,0.915625,0.010700757575757502,0.017345484548454283,True,True,True
tribe_5_5,14000,0.915625,0.011931818181818099,0.016979822982297738,True,True,True
tribe_5_5,14100,0.921875,0.012405303030302961,0.018624362436243682,True,True,True
tribe_5_5,14200,0.925,0.012121212121212088,0.01792116711671153,True,True,True
tribe_5_5,14300,0.928125,0.013541666666666674,0.01987136213621331,True,True,True
tribe_5_5,14400,0.93125,0.014204545454545525,0.021122112211220685,True,True,True
tribe_5_5,14500,0.928125,0.014772727272727382,0.02221909690969063,True,True,True
tribe_5_5,14600,0.940625,0.015151515151515138,0.0232391989198917,True,True,True
tribe_5_5,14700,0.928125,0.014962121212121371,0.02175967596759566,True,True,True
tribe_5_5,14800,0.94375,0.015530303030303227,0.022680393039303852,True,True,True
tribe_5_5,14900,0.940625,0.016098484848484862,0.02385051005100492,True,True,True
tribe_5_5,15000,0.94375,0.01562500000000011,0.02373237323732315,True,True,True
tribe_5_5,15100,0.940625,0.014772727272727493,0.021138988898889467,True,True,True
tribe_5_5,15200,0.940625,0.011458333333333348,0.016841059105910213,True,True,True
tribe_5_5,15300,0.94375,0.009753787878788,0.01570657065706589,True,False,False
tribe_5_5,15400,0.940625,0.008522727272727404,0.012940669066906349,True,False,False
tribe_5_5,15500,0.94375,0.00823863636363642,0.011530528052805075,True,False,False
tribe_5_5,15600,0.946875,0.007765151515151336,0.011620537053705133,True,False,False
tribe_5_5,15700,0.946875,0.006249999999999867,0.010064131413141148,True,False,False
tribe_5_5,15800,0.95,0.006060606060605878,0.008942769276927394,True,False,False
tribe_5_5,15900,0.940625,0.005492424242424243,0.008020177017701564,True,False,False
tribe_5_5,16000,0.946875,0.00501893939393927,0.007376987698769659,True,False,False
tribe_5_5,16100,0.94375,0.0033143939393940336,0.005070507050705242,True,False,False
tribe_5_5,16200,0.946875,0.0019886363636363313,0.0031165616561647865,True,False,False
tribe_5_5,16300,0.946875,0.0012310606060604856,0.0017964296429638813,True,False,False
tribe_5_5,16400,0.946875,9.469696969699459e-05,0.00025877587758832605,True,False,False
tribe_5_5,16500,0.946875,9.469696969688357e-05,0.0005081758175818175,True,False,False
tribe_5_5,16600,0.946875,0.0007575757575757347,0.001111986198619695,True,False,False
tribe_5_5,16700,0.94375,0.0005681818181819676,0.0001781428142810875,True,False,False
tribe_5_5,16800,0.946875,0.00047348484848486194,0.0009300930093005498,True,False,False
tribe_5_5,16900,0.946875,9.469696969688357e-05,0.0005044254425432947,True,False,False
tribe_5_5,17000,0.946875,0.0009469696969696129,0.0010501050105007307,True,False,False
tribe_5_5,17100,0.946875,0.0010416666666668295,0.0011682418241817276,True,False,False
tribe_5_5,17200,0.946875,0.0010416666666666075,0.0018826882688265016,True,False,False
tribe_5_5,17300,0.95,0.0012310606060605966,0.0021639663966392998,True,False,False
tribe_5_5,17400,0.95,0.002272727272727204,0.0032234473447345546,True,False,False
tribe_5_5,17500,0.953125,0.003882575757575668,0.006004350435043075,True,False,False
tribe_5_5,17600,0.953125,0.005965909090908994,0.008922142214221485,True,False,False
tribe_5_5,17700,0.959375,0.007765151515151558,0.011883063306329811,True,False,False
tribe_5_5,17800,0.95625,0.010511363636363624,0.015652190219022113,True,True,True
tribe_5_5,17900,0.9625,0.012784090909090717,0.01894314431443148,True,True,True
tribe_5_5,18000,0.9625,0.014015151515151425,0.020640189018902327,True,True,True
tribe_5_5,18100,0.9625,0.01410984848484842,0.020508925892588126,True,True,True
tribe_5_5,18200,0.965625,0.013636363636363558,0.02033078307830673,True,True,True
tribe_5_5,18300,0.965625,0.012026515151515094,0.01779927992799201,True,True,True
tribe_5_5,18400,0.965625,0.010037878787878762,0.01500337533753281,True,True,True
tribe_5_5,18500,0.965625,0.007765151515151447,0.011699294929492877,True,False,False
tribe_5_5,18600,0.965625,0.00520833333333337,0.008020177017700634,True,False,False
tribe_5_5,18700,0.965625,0.0037878787878787845,0.005610561056104816,True,False,False
tribe_5_5,18800,0.965625,0.002556818181818188,0.0037128712871282534,True,False,False
tribe_5_5,18900,0.965625,0.0017045454545454586,0.0027752775277518978,True,False,False
tribe_5_5,19000,0.965625,0.0008522727272726183,0.0014626462646267983,True,False,False
tribe_5_5,19100,0.965625,0.00028409090909087276,0.00040316531653107797,True,False,False
tribe_5_5,19200,0.965625,0.00018939393939398919,0.00030378037803742517,True,False,False
tribe_5_5,19300,0.965625,9.469696969699459e-05,0.00017439243924333964,True,False,False
tribe_5_5,19400,0.965625,0.0,-9.300000178140034e-16,True,False,False
tribe_5_5,19500,0.965625,0.0,-9.300000178140034e-16,True,False,False
tribe_5_5,19600,0.965625,0.0,-9.300000178140034e-16,True,False,False
tribe_5_5,19700,0.965625,0.0,-9.300000178140034e-16,True,False,False
tribe_5_5,19800,0.965625,0.0,-9.300000178140034e-16,True,False,False
tribe_5_5,19900,0.965625,0.0,-9.300000178140034e-16,True,False,False
tribe_5_5,20000,0.965625,0.0,-9.300000178140034e-16,True,False,False
tribe_5_5,20100,0.965625,0.0,-9.300000178140034e-16,True,False,False
tribe_5_5,20200,0.965625,0.0,-9.300000178140034e-16,True,False,False
tribe_5_5,20300,0.965625,0.0,-9.300000178140034e-16,True,False,False
tribe_5_5,20400,0.965625,0.0,-9.300000178140034e-16,True,False,False
tribe_5_5,20500,0.965625,-0.00018939393939398919,-0.0003525352535261321,True,False,False
tribe_5_5,20600,0.965625,-0.00018939393939398919,-0.0002775277527759803,True,False,False
tribe_5_5,20700,0.959375,-0.00037878787878786735,-0.0005738073807388398,True,False,False
tribe_5_5,20800,0.965625,-0.00028409090909087276,-0.0004237923792394661,True,False,False
tribe_5_5,20900,0.965625,-0.00018939393939398919,-0.00027377737773900745,True,False,False
tribe_5_5,21000,0.965625,-0.00028409090909087276,-0.0002944044404446056,True,False,False
tribe_5_5,21100,0.965625,-0.00018939393939398919,-0.00026627662766335675,True,False,False
tribe_5_5,21200,0.965625,-9.469696969688357e-05,-0.00022314731473173656,True,False,False
tribe_5_5,21300,0.965625,-0.00018939393939387816,-0.00030940594059420193,True,False,False
tribe_5_5,21400,0.965625,0.0,-0.00015001500150061366,True,False,False
tribe_5_5,21500,0.965625,-9.469696969688357e-05,-1.6876687669555287e-05,True,False,False
tribe_5_5,21600,0.96875,0.0002840909090909838,0.00043129312931248175,True,False,False
tribe_5_5,21700,0.965625,0.00028409090909087276,0.0002775277527753603,True,False,False
tribe_5_5,21800,0.965625,0.00047348484848486194,0.0007650765076504946,True,False,False
tribe_5_5,21900,0.96875,0.0007575757575757347,0.0011813681368133802,True,False,False
tribe_5_5,22000,0.965625,0.0008522727272727293,0.0011551155115505404,True,False,False
tribe_5_5,22100,0.965625,0.0005681818181817455,0.0007050705070502493,True,False,False
tribe_5_5,22200,0.965625,0.0005681818181819676,0.0009600960096009825,True,False,False
tribe_5_5,22300,0.96875,0.0008522727272728403,0.001517026702670577,True,False,False
tribe_5_5,22400,0.96875,0.0015151515151513584,0.0022821032103209167,True,False,False
tribe_5_5,22500,0.965625,0.0017992424242424532,0.0025990099009889096,True,False,False
tribe_5_5,22600,0.965625,0.0021780303030302095,0.0031615661566145054,True,False,False
tribe_5_5,22700,0.96875,0.0017045454545454586,0.002593384338433218,True,False,False
tribe_5_5,22800,0.971875,0.0024621212121213043,0.00329282928292793,True,False,False
tribe_5_5,22900,0.971875,0.002746212121212177,0.00462983798379839,True,False,False
tribe_5_5,23000,0.971875,0.0035984848484850174,0.005537428742874469,True,False,False
tribe_5_5,23100,0.96875,0.0035037878787879118,0.004852985298529817,True,False,False
tribe_5_5,23200,0.971875,0.003219696969696817,0.004811731173116761,True,False,False
tribe_5_5,23300,0.975,0.0035037878787879118,0.005604935493548815,True,False,False
tribe_5_5,23400,0.9875,0.006155303030302983,0.009102160216021447,True,False,False
tribe_5_5,23500,0.98125,0.007765151515151447,0.011811806180617716,True,False,False
tribe_5_5,23600,0.971875,0.01022727272727253,0.015001500150014092,True,True,True
tribe_5_5,23700,0.984375,0.012121212121211977,0.01831308130812999,True,True,True
tribe_5_5,23800,0.984375,0.012689393939393834,0.018541854185418035,True,True,True
tribe_5_5,23900,0.99375,0.014678030303030165,0.021354635463545706,True,True,True
tribe_5_5,24000,0.99375,0.01477272727272716,0.023497974797479254,True,True,True
tribe_5_5,24100,0.971875,0.015624999999999778,0.022438493849384306,True,True,True
tribe_5_5,24200,0.996875,0.014488636363636509,0.021268376837682932,True,True,True
tribe_5_5,24300,0.99375,0.011742424242424332,0.017881788178817505,True,True,True
tribe_5_5,24400,0.996875,0.010511363636363846,0.015837833783378077,True,True,True
tribe_5_5,24500,0.996875,0.008522727272727293,0.012597509750974121,True,False,False
tribe_5_5,24600,0.996875,0.0062500000000002,0.009743474347433858,True,False,False
tribe_5_5,24700,0.996875,0.0058712121212122215,0.009263426342633755,True,False,False
tribe_5_5,24800,0.996875,0.0033143939393939226,0.005068631863185593,True,False,False
tribe_5_5,24900,0.99375,0.0026515151515150714,0.003193444344433192,True,False,False
tribe_5_5,25000,0.996875,0.002083333333333326,0.003562856285627795,True,False,False
tribe_5_5,25100,0.99375,0.0010416666666664964,0.002775277527752208,True,False,False
tribe_5_5,25200,0.99375,0.0024621212121210823,0.002608385838584054,True,False,False
tribe_5_5,25300,0.996875,0.002272727272727315,0.0034559705970597316,True,False,False
tribe_5_5,25400,0.996875,0.0019886363636364424,0.0035909840984088884,True,False,False
tribe_5_5,25500,0.99375,0.0024621212121210823,0.003229072907290557,True,False,False
tribe_5_5,25600,0.996875,0.0019886363636363313,0.002557755775577558,True,False,False
tribe_5_5,25700,0.996875,0.0015151515151514694,0.002460246024601694,True,False,False
tribe_5_5,25800,0.996875,0.0012310606060605966,0.0022896039603950173,True,False,False
tribe_5_5,25900,0.996875,0.0005681818181817455,0.00036378637863689566,True,False,False
tribe_5_5,26000,0.996875,0.0004734848484846399,0.0007913291329130247,True,False,False
tribe_5_5,26100,0.996875,0.0005681818181819676,0.0013332583258324027,True,False,False
tribe_5_5,26200,0.996875,0.00047348484848486194,0.0003506600660061732,True,False,False
tribe_5_5,26300,0.996875,0.0007575757575757347,0.0008663366336628665,True,False,False
tribe_5_5,26400,0.996875,0.00047348484848486194,0.0009207170717064902,True,False,False
tribe_5_5,26500,0.996875,0.0007575757575759567,0.0007031953195312203,True,False,False
tribe_5_5,26600,0.996875,0.0006628787878788511,0.0006375637563763681,True,False,False
tribe_5_5,26700,0.996875,0.0005681818181817455,0.0009132163216309945,True,False,False
tribe_5_5,26800,1.0,0.0006628787878788511,0.001329507950794655,True,False,False
tribe_5_5,26900,1.0,0.0003787878787877563,0.000615061506150501,True,False,False
tribe_5_5,27000,0.996875,0.00047348484848486194,0.0006150615061503461,True,False,False
tribe_5_5,27100,0.996875,0.0009469696969696129,0.0012526252625259392,True,False,False
tribe_5_5,27200,0.996875,0.0007575757575757347,0.0008832133213313367,True,False,False
tribe_5_5,27300,0.996875,0.00047348484848486194,0.0005100510051010015,True,False,False
tribe_5_5,27400,1.0,0.00037878787878797837,0.0008832133213314917,True,False,False
tribe_5_5,27500,0.996875,0.0005681818181817455,0.0009094659465938666,True,False,False
tribe_5_5,27600,0.996875,0.00018939393939376714,8.06330633053786e-05,True,False,False
tribe_5_5,27700,1.0,0.00037878787878786735,0.0005025502550247308,True,False,False
tribe_5_5,27800,0.996875,-0.00018939393939398919,6.188118811834439e-05,True,False,False
tribe_5_5,27900,1.0,0.00018939393939376714,0.00016689168916846395,True,False,False
tribe_5_5,28000,0.996875,0.00018939393939398919,-5.813081308168155e-05,True,False,False
tribe_5_5,28100,0.996875,-9.469696969688357e-05,0.00017439243924364964,True,False,False
tribe_5_5,28200,0.978125,-0.0006628787878788511,-0.0010707320732081889,True,False,False
tribe_5_5,28300,0.996875,-0.0006628787878786291,-0.0012863786378638096,True,False,False
tribe_5_5,28400,0.996875,-0.00047348484848486194,-0.0004706720672072841,True,False,False
tribe_5_5,28500,0.984375,-0.00047348484848486194,-0.0005606810681073424,True,False,False
tribe_5_5,28600,0.996875,9.469696969688357e-05,-0.00021939693969507375,True,False,False
tribe_5_5,28700,0.996875,0.0003787878787880894,0.0007444494449447415,True,False,False
tribe_5_5,28800,0.996875,0.0005681818181818565,0.0013032553255324351,True,False,False
tribe_5_5,28900,1.0,0.001609848484848464,0.002087083708369964,True,False,False
tribe_5_5,29000,1.0,0.0017045454545455696,0.0026683918391838344,True,False,False
tribe_5_5,29100,1.0,0.0018939393939395588,0.0029721722172214144,True,False,False
tribe_5_5,29200,1.0,0.0017045454545453476,0.002111461146114085,True,False,False
tribe_5_5,29300,1.0,0.0017045454545453476,0.0023346084608447362,True,False,False
tribe_5_5,29400,1.0,0.0013257575757577023,0.0020214521452140265,True,False,False
tribe_5_5,29500,0.996875,0.0005681818181819676,0.0005569306930683545,True,False,False
tribe_5_5,29600,1.0,-0.00028409090909087276,-0.0004594209420946606,True,False,False
tribe_5_5,29700,1.0,-0.0009469696969699459,-0.001063231323133313,True,False,False
tribe_5_5,29800,1.0,-0.0008522727272728403,-0.0009469696969691751,True,False,False
tribe_5_5,29900,1.0,-0.00037878787878797837,-0.0005794329432959266,True,False,False
tribe_5_5,30000,1.0,-9.469696969688357e-05,-4.50045004506491e-05,True,False,False
tribe_5_4,100,0.7625,0.055208333333333304,1.4602272727272712,False,False,False
tribe_5_4,200,0.8125,0.05312499999999998,0.4849624060150378,False,True,False
tribe_5_4,300,0.834375,0.061562500000000075,0.3419076751946612,False,True,False
tribe_5_4,400,0.86875,0.08389423076923075,0.33346036585365746,False,True,False
tribe_5_4,500,0.8625,0.09179687500000011,0.2798619447779116,False,True,False
tribe_5_4,600,0.878125,0.08671875000000007,0.2233606557377065,False,True,False
tribe_5_4,700,0.865625,0.08152173913043492,0.17936422885136877,False,True,False
tribe_5_4,800,0.878125,0.07944711538461535,0.14957659399906315,False,True,False
tribe_5_4,900,0.875,0.07833333333333325,0.13268098942256257,False,True,False
tribe_5_4,1000,0.86875,0.07670454545454541,0.11673042304230395,False,True,False
tribe_5_4,1100,0.86875,0.04952651515151507,0.07484248424842443,False,True,False
tribe_5_4,1200,0.878125,0.028787878787878807,0.04703907890788982,False,True,False
tribe_5_4,1300,0.878125,0.015340909090909127,0.02458183318331801,False,True,False
tribe_5_4,1400,0.88125,0.014867424242424376,0.02085583558355671,False,True,False
tribe_5_4,1500,0.878125,0.013446969696969568,0.018427467746774166,False,True,False
tribe_5_4,1600,0.884375,0.008333333333333304,0.014009525952594267,False,False,False
tribe_5_4,1700,0.875,0.0042613636363636465,0.007716396639664449,False,False,False
tribe_5_4,1800,0.878125,0.0017045454545456806,0.0018433093309327842,False,False,False
tribe_5_4,1900,0.88125,0.0018939393939395588,0.002173342334233204,False,False,False
tribe_5_4,2000,0.88125,0.0008522727272726183,0.0015207770777072398,False,False,False
tribe_5_4,2100,0.88125,-0.0003787878787877563,-0.0004331683168319757,False,False,False
tribe_5_4,2200,0.88125,-0.0003787878787877563,-0.00030003000300107233,False,False,False
tribe_5_4,2300,0.8875,0.0006628787878787401,0.0008007050705061542,False,False,False
tribe_5_4,2400,0.884375,0.0013257575757573692,0.002040204020401836,False,False,False
tribe_5_4,2500,0.884375,0.0017992424242423422,0.0022539753975392026,False,False,False
tribe_5_4,2600,0.884375,0.0021780303030302095,0.0033509600960086815,False,False,False
tribe_5_4,2700,0.8875,0.0030303030303028278,0.005258025802579924,False,False,False
tribe_5_4,2800,0.8875,0.004640151515151403,0.00673192319231981,False,False,False
tribe_5_4,2900,0.890625,0.0058712121212121104,0.008963396339632992,False,False,False
tribe_5_4,3000,0.8875,0.006439393939393967,0.01019914491449108,False,False,False
tribe_5_4,3100,0.884375,0.006060606060605989,0.008250825082507712,False,False,False
tribe_5_4,3200,0.8875,0.0058712121212121104,0.00842896789678942,False,False,False
tribe_5_4,3300,0.8875,0.006439393939393856,0.010296654665465706,False,False,False
tribe_5_4,3400,0.8875,0.006439393939393967,0.009302805280527472,False,False,False
tribe_5_4,3500,0.8875,0.0053977272727272485,0.006836933693368226,False,False,False
tribe_5_4,3600,0.878125,0.0017992424242424532,0.0028915391539149514,False,False,False
tribe_5_4,3700,0.8875,-0.0006628787878787401,-0.0009769726972702277,False,False,False
tribe_5_4,3800,0.884375,-0.003030303030302939,-0.004905490549056582,False,False,False
tribe_5_4,3900,0.88125,-0.006534090909090962,-0.009767851785178909,False,False,False
tribe_5_4,4000,0.875,-0.00890151515151516,-0.012297479747975373,False,False,False
tribe_5_4,4100,0.871875,-0.011647727272727226,-0.01671542154215527,False,False,False
tribe_5_4,4200,0.875,-0.012310606060605966,-0.017958670867087616,False,False,False
tribe_5_4,4300,0.884375,-0.010321969696969746,-0.014609585958596412,False,False,False
tribe_5_4,4400,0.86875,-0.00738636363636358,-0.011828682868287272,False,False,False
tribe_5_4,4500,0.884375,-0.004640151515151625,-0.00659503450345023,False,False,False
tribe_5_4,4600,0.878125,-0.0018939393939393367,-0.00398852385238505,False,False,False
tribe_5_4,4700,0.884375,-0.00037878787878797837,4.3129312930690183e-05,False,False,False
tribe_5_4,4800,0.8875,0.00369318181818179,0.005923717371736302,False,False,False
tribe_5_4,4900,0.9,0.008522727272727404,0.012936918691868755,True,False,False
tribe_5_4,5000,0.884375,0.010700757575757613,0.015284653465346075,False,True,False
tribe_5_4,5100,0.884375,0.0121212121212122,0.01683543354335359,False,True,False
tribe_5_4,5200,0.89375,0.011742424242424332,0.018618736873686908,False,True,False
tribe_5_4,5300,0.8875,0.011742424242424221,0.016826057605760152,False,True,False
tribe_5_4,5400,0.8875,0.009753787878787779,0.01268001800179946,False,False,False
tribe_5_4,5500,0.89375,0.005492424242424243,0.00853022802280179,False,False,False
tribe_5_4,5600,0.88125,0.00018939393939398919,0.0008569606960691169,False,False,False
tribe_5_4,5700,0.890625,-0.003882575757575668,-0.0054699219921996575,False,False,False
tribe_5_4,5800,0.89375,-0.0060606060606061,-0.009030903090309973,False,False,False
tribe_5_4,5900,0.89375,-0.004734848484848619,-0.005276777677768663,False,False,False
tribe_5_4,6000,0.88125,-0.004166666666666652,-0.007875787578758502,False,False,False
tribe_5_4,6100,0.896875,-0.003409090909090806,-0.005891839183918854,False,False,False
tribe_5_4,6200,0.896875,-0.0019886363636363313,-0.002207095709571695,False,False,False
tribe_5_4,6300,0.88125,0.0005681818181818565,0.0009732223222320149,False,False,False
tribe_5_4,6400,0.89375,0.002083333333333437,0.0030209270927087266,False,False,False
tribe_5_4,6500,0.884375,0.0017992424242424532,0.0019314431443139687,False,False,False
tribe_5_4,6600,0.884375,0.00028409090909087276,0.0017101710171012609,False,False,False
tribe_5_4,6700,0.8875,0.00018939393939387816,-9.188418841939713e-05,False,False,False
tribe_5_4,6800,0.890625,-0.0009469696969696129,-0.0022370987098713525,False,False,False
tribe_5_4,6900,0.890625,-0.0015151515151514694,-0.0013182568256834262,False,False,False
tribe_5_4,7000,0.8875,-0.002556818181818188,-0.004594209420942266,False,False,False
tribe_5_4,7100,0.8875,-0.0035037878787879118,-0.004641089108911944,False,False,False
tribe_5_4,7200,0.884375,-0.004356060606060752,-0.006383138313832356,False,False,False
tribe_5_4,7300,0.896875,-0.0042613636363637575,-0.006244374437444057,False,False,False
tribe_5_4,7400,0.884375,-0.0029356060606060552,-0.004065406540655315,False,False,False
tribe_5_4,7500,0.884375,-0.0035984848484849064,-0.004862361236123722,False,False,False
tribe_5_4,7600,0.8875,0.0009469696969696129,0.0018133063306317316,False,False,False
tribe_5_4,7700,0.884375,0.005303030303030143,0.008153315331533089,False,False,False
tribe_5_4,7800,0.878125,0.00672348484848484,0.009224047404740346,False,False,False
tribe_5_4,7900,0.878125,0.007954545454545547,0.010279777977798474,False,False,False
tribe_5_4,8000,0.878125,0.006155303030303205,0.009495949594958,False,False,False
tribe_5_4,8100,0.884375,0.005776515151515227,0.009272802280227815,False,False,False
tribe_5_4,8200,0.884375,0.005113636363636376,0.00601935193519298,False,False,False
tribe_5_4,8300,0.875,1.1102230246251565e-16,0.00011438643864402418,False,False,False
tribe_5_4,8400,0.890625,-0.003977272727272663,-0.004183543354335692,False,False,False
tribe_5_4,8500,0.89375,-0.006439393939393856,-0.00926905190519146,False,False,False
tribe_5_4,8600,0.878125,-0.005965909090908994,-0.010613561356136022,False,False,False
tribe_5_4,8700,0.875,-0.004545454545454519,-0.007667641764176828,False,False,False
tribe_5_4,8800,0.89375,-0.004356060606060641,-0.006199369936994027,False,False,False
tribe_5_4,8900,0.8875,-0.0012310606060605966,-0.00035628562856387995,False,False,False
tribe_5_4,9000,0.878125,0.0010416666666667185,0.0016895439543956627,False,False,False
tribe_5_4,9100,0.884375,0.0023674242424240877,0.0003600360035999228,False,False,False
tribe_5_4,9200,0.88125,0.00037878787878797837,0.0012920042004196566,False,False,False
tribe_5_4,9300,0.88125,-0.0008522727272727293,-0.00015939093909436326,False,False,False
tribe_5_4,9400,0.890625,0.00303030303030305,0.003564731473146514,False,False,False
tribe_5_4,9500,0.896875,0.0035037878787878007,0.0055430543054300055,False,False,False
tribe_5_4,9600,0.884375,-0.0007575757575759567,-0.000733198319831653,False,False,False
tribe_5_4,9700,0.89375,-0.0010416666666666075,-1.5001500150991367e-05,False,False,False
tribe_5_4,9800,0.88125,-9.469696969677255e-05,-0.0004762976297632859,False,False,False
tribe_5_4,9900,0.878125,0.0035037878787878007,0.003362211221121925,False,False,False
tribe_5_4,10000,0.88125,0.00303030303030305,0.002765901590158303,False,False,False
tribe_5_4,10100,0.890625,0.00028409090909087276,0.003431593159315765,False,False,False
tribe_5_4,10200,0.890625,0.0007575757575757347,0.0037972547254724646,False,False,False
tribe_5_4,10300,0.896875,0.004640151515151625,0.0045585808580855215,False,False,False
tribe_5_4,10400,0.89375,0.004924242424242498,0.006173117311731033,False,False,False
tribe_5_4,10500,0.878125,0.003219696969697039,0.006171242124211383,False,False,False
tribe_5_4,10600,0.89375,-0.0014204545454543638,-0.0017457995799587804,False,False,False
tribe_5_4,10700,0.8875,0.00028409090909087276,-0.0015976597659775054,False,False,False
tribe_5_4,10800,0.890625,-0.0017045454545456806,-0.0009019651965200759,False,False,False
tribe_5_4,10900,0.878125,-0.0023674242424241987,-0.004866111611161935,False,False,False
tribe_5_4,11000,0.890625,-0.004640151515151403,-0.0053986648664866325,False,False,False
tribe_5_4,11100,0.89375,-0.002272727272727204,-0.0013576357635765237,False,False,False
tribe_5_4,11200,0.884375,0.0006628787878786291,-0.0004219171917188872,False,False,False
tribe_5_4,11300,0.884375,0.0042613636363637575,0.005064881488148775,False,False,False
tribe_5_4,11400,0.8875,0.0018939393939394478,0.0024677467746768798,False,False,False
tribe_5_4,11500,0.9,0.0018939393939393367,0.004866111611160229,True,False,False
tribe_5_4,11600,0.9,0.002083333333333215,0.0034728472847278913,True,False,False
tribe_5_4,11700,0.871875,0.0008522727272726183,-0.00010688568856992348,False,False,False
tribe_5_4,11800,0.878125,-0.00018939393939376714,-0.000331908190819759,False,False,False
tribe_5_4,11900,0.903125,-0.0007575757575757347,-0.0009132163216326994,True,False,False
tribe_5_4,12000,0.8875,0.0003787878787877563,0.0025952595259519365,False,False,False
tribe_5_4,12100,0.903125,0.005492424242424021,0.006570657065705798,True,False,False
tribe_5_4,12200,0.890625,0.003882575757575779,0.005336783678367669,False,False,False
tribe_5_4,12300,0.8875,0.0026515151515150714,0.005325532553254425,False,False,False
tribe_5_4,12400,0.89375,0.0019886363636363313,0.0018283078307821028,False,False,False
tribe_5_4,12500,0.9,0.0017045454545453476,0.0010388538853887271,True,False,False
tribe_5_4,12600,0.9,0.001609848484848353,0.0029890489048905048,True,False,False
tribe_5_4,12700,0.875,-0.0012310606060607077,-0.0011626162616254158,False,False,False
tribe_5_4,12800,0.8875,-0.0033143939393939226,-0.003992274227423728,False,False,False
tribe_5_4,12900,0.884375,0.0,-0.0002231473147322016,False,False,False
tribe_5_4,13000,0.90625,0.0017045454545453476,0.004054155415541297,True,False,False
tribe_5_4,13100,0.903125,0.008049242424242431,0.011554905490548576,True,False,False
tribe_5_4,13200,0.8875,0.009375000000000022,0.013863261326132643,False,False,False
tribe_5_4,13300,0.909375,0.009943181818181768,0.015348409840983759,True,False,False
tribe_5_4,13400,0.890625,0.01325757575757569,0.01924879987998716,False,True,False
tribe_5_4,13500,0.9125,0.013541666666666674,0.020036378637863984,True,True,True
tribe_5_4,13600,0.9,0.015719696969696995,0.023522352235222286,True,True,True
tribe_5_4,13700,0.9125,0.015909090909090873,0.02443931893189227,True,True,True
tribe_5_4,13800,0.925,0.019128787878787912,0.02934293429342936,True,True,True
tribe_5_4,13900,0.934375,0.02301136363636358,0.035313531353135336,True,True,True
tribe_5_4,14000,0.928125,0.026136363636363846,0.038850135013500445,True,True,True
tribe_5_4,14100,0.93125,0.029166666666666563,0.041252250225023254,True,True,True
tribe_5_4,14200,0.940625,0.026136363636363624,0.03821819681968132,True,True,True
tribe_5_4,14300,0.9375,0.024147727272727293,0.03623799879987911,True,True,True
tribe_5_4,14400,0.940625,0.022253787878787956,0.032448244824482296,True,True,True
tribe_5_4,14500,0.94375,0.019602272727272885,0.029530453045303884,True,True,True
tribe_5_4,14600,0.94375,0.016761363636363713,0.026239498949894365,True,True,True
tribe_5_4,14700,0.9375,0.013636363636363669,0.020120762076206493,True,True,True
tribe_5_4,14800,0.95,0.014299242424242409,0.021330258025802205,True,True,True
tribe_5_4,14900,0.946875,0.014678030303030276,0.022247224722471568,True,True,True
tribe_5_4,15000,0.953125,0.015530303030303005,0.02317356735673468,True,True,True
tribe_5_4,15100,0.95625,0.015435606060606233,0.021823432343234427,True,True,True
tribe_5_4,15200,0.95625,0.013352272727272685,0.0198901140114005,True,True,True
tribe_5_4,15300,0.959375,0.01278409090909094,0.020055130513051328,True,True,True
tribe_5_4,15400,0.9625,0.012878787878787823,0.018326207620761172,True,True,True
tribe_5_4,15500,0.959375,0.01259469696969695,0.018470597059704545,True,True,True
tribe_5_4,15600,0.965625,0.012878787878787934,0.01933130813081265,True,True,True
tribe_5_4,15700,0.965625,0.011931818181818099,0.017544254425442673,True,True,True
tribe_5_4,15800,0.96875,0.011174242424242475,0.016182868286827936,True,True,True
tribe_5_4,15900,0.96875,0.011742424242424221,0.01780865586558607,True,True,True
tribe_5_4,16000,0.971875,0.011553030303030343,0.01807680768076691,True,True,True
tribe_5_4,16100,0.96875,0.010795454545454608,0.015316531653165226,True,True,True
tribe_5_4,16200,0.9625,0.009280303030303139,0.013703870387038434,True,False,False
tribe_5_4,16300,0.971875,0.007765151515151558,0.011965571557154685,True,False,False
tribe_5_4,16400,0.96875,0.006534090909090962,0.0090984098409837,True,False,False
tribe_5_4,16500,0.978125,0.005492424242424243,0.008841509150914403,True,False,False
tribe_5_4,16600,0.971875,0.005113636363636376,0.008333333333332586,True,False,False
tribe_5_4,16700,0.978125,0.00454545454545463,0.0064675217521747074,True,False,False
tribe_5_4,16800,0.971875,0.0035037878787876897,0.005001125112510472,True,False,False
tribe_5_4,16900,0.975,0.0053977272727273595,0.008586483648365064,True,False,False
tribe_5_4,17000,0.98125,0.008238636363636531,0.012085583558355486,True,False,False
tribe_5_4,17100,0.984375,0.009753787878788,0.013897014701469429,True,False,False
tribe_5_4,17200,0.978125,0.009943181818181768,0.014755850585057727,True,False,False
tribe_5_4,17300,0.9875,0.010037878787878651,0.015655940594059396,True,True,True
tribe_5_4,17400,0.98125,0.010037878787878984,0.014828982898289163,True,True,True
tribe_5_4,17500,0.9875,0.010890151515151492,0.016023477347733885,True,True,True
tribe_5_4,17600,0.9875,0.010795454545454497,0.015549054905490092,True,True,True
tribe_5_4,17700,0.9875,0.008996212121212155,0.013964521452143927,True,False,False
tribe_5_4,17800,0.98125,0.008617424242424399,0.012921917191718695,True,False,False
tribe_5_4,17900,0.9875,0.008996212121212155,0.012753150315030425,True,False,False
tribe_5_4,18000,0.990625,0.00890151515151505,0.013401965196518489,True,False,False
tribe_5_4,18100,0.99375,0.008996212121212044,0.013683243324332059,True,False,False
tribe_5_4,18200,0.996875,0.008996212121211933,0.014099534953495103,True,False,False
tribe_5_4,18300,0.996875,0.009753787878788,0.014247674767475755,True,False,False
tribe_5_4,18400,0.996875,0.009659090909091006,0.01416141614161422,True,False,False
tribe_5_4,18500,0.996875,0.008996212121212155,0.013276327632761995,True,False,False
tribe_5_4,18600,0.996875,0.007670454545454453,0.011309255925591902,True,False,False
tribe_5_4,18700,0.996875,0.006723484848485062,0.009767851785178598,True,False,False
tribe_5_4,18800,0.996875,0.0053977272727271375,0.008123312331232655,True,False,False
tribe_5_4,18900,0.996875,0.003977272727272774,0.006171242124211693,True,False,False
tribe_5_4,19000,0.996875,0.0026515151515150714,0.004191044104409174,True,False,False
tribe_5_4,19100,1.0,0.0017045454545455696,0.0025933843384338376,True,False,False
tribe_5_4,19200,1.0,0.0019886363636364424,0.003069681968196039,True,False,False
tribe_5_4,19300,1.0,0.0021780303030302095,0.00351972697269726,True,False,False
tribe_5_4,19400,0.996875,0.0024621212121210823,0.003075307530751885,True,False,False
tribe_5_4,19500,1.0,0.0017992424242424532,0.0026402640264022756,True,False,False
tribe_5_4,19600,1.0,0.0013257575757577023,0.002227722772276518,True,False,False
tribe_5_4,19700,1.0,0.0012310606060605966,0.0018789378937885985,True,False,False
tribe_5_4,19800,1.0,0.0013257575757577023,0.001608910891089199,True,False,False
tribe_5_4,19900,1.0,0.0007575757575757347,0.0011588658865879782,True,False,False
tribe_5_4,20000,1.0,0.00047348484848486194,0.0010969846984687037,True,False,False
tribe_5_4,20100,1.0,0.00047348484848486194,0.0004575457545750117,True,False,False
tribe_5_4,20200,1.0,0.0005681818181817455,0.0006825682568251572,True,False,False
tribe_5_4,20300,1.0,0.0005681818181817455,0.0009075907590748377,True,False,False
tribe_5_4,20400,1.0,0.00018939393939398919,0.00035253525352473713,True,False,False
tribe_5_4,20500,1.0,0.0,-1.550000029690006e-16,True,False,False
tribe_5_4,20600,1.0,0.0,-1.550000029690006e-16,True,False,False
tribe_5_4,20700,1.0,0.0,-1.550000029690006e-16,True,False,False
tribe_5_4,20800,1.0,0.0,-1.550000029690006e-16,True,False,False
tribe_5_4,20900,1.0,0.0,-1.550000029690006e-16,True,False,False
tribe_5_4,21000,1.0,0.0,-1.550000029690006e-16,True,False,False
tribe_5_4,21100,1.0,0.0,-1.550000029690006e-16,True,False,False
tribe_5_4,21200,1.0,0.0,-1.550000029690006e-16,True,False,False
tribe_5_4,21300,1.0,0.0,-1.550000029690006e-16,True,False,False
tribe_5_4,21400,1.0,0.0,-1.550000029690006e-16,True,False,False
tribe_5_4,21500,1.0,0.0,-1.550000029690006e-16,True,False,False
tribe_5_4,21600,1.0,0.0,-1.550000029690006e-16,True,False,False
tribe_5_4,21700,1.0,0.0,-1.550000029690006e-16,True,False,False
tribe_5_4,21800,1.0,0.0,-1.550000029690006e-16,True,False,False
tribe_5_4,21900,1.0,0.0,-1.550000029690006e-16,True,False,False
tribe_5_4,22000,1.0,0.0,-1.550000029690006e-16,True,False,False
tribe_5_4,22100,1.0,0.0,-1.550000029690006e-16,True,False,False
tribe_5_4,22200,1.0,0.0,-1.550000029690006e-16,True,False,False
tribe_5_4,22300,1.0,0.0,-1.550000029690006e-16,True,False,False
tribe_5_4,22400,1.0,0.0,-1.550000029690006e-16,True,False,False
tribe_5_4,22500,1.0,0.0,-1.550000029690006e-16,True,False,False
tribe_5_4,22600,1.0,0.0,-1.550000029690006e-16,True,False,False
tribe_5_4,22700,1.0,0.0,-1.550000029690006e-16,True,False,False
tribe_5_4,22800,1.0,0.0,-1.550000029690006e-16,True,False,False
tribe_5_4,22900,1.0,0.0,-1.550000029690006e-16,True,False,False
tribe_5_4,23000,1.0,0.0,-1.550000029690006e-16,True,False,False
tribe_5_4,23100,1.0,0.0,-1.550000029690006e-16,True,False,False
tribe_5_4,23200,1.0,0.0,-1.550000029690006e-16,True,False,False
tribe_5_4,23300,1.0,0.0,-1.550000029690006e-16,True,False,False
tribe_5_4,23400,1.0,0.0,-1.550000029690006e-16,True,False,False
tribe_5_4,23500,1.0,0.0,-1.550000029690006e-16,True,False,False
tribe_5_4,23600,1.0,0.0,-1.550000029690006e-16,True,False,False
tribe_5_4,23700,1.0,0.0,-1.550000029690006e-16,True,False,False
tribe_5_4,23800,1.0,0.0,-1.550000029690006e-16,True,False,False
tribe_5_4,23900,1.0,0.0,-1.550000029690006e-16,True,False,False
tribe_5_4,24000,1.0,0.0,-1.550000029690006e-16,True,False,False
tribe_5_4,24100,1.0,0.0,-1.550000029690006e-16,True,False,False
tribe_5_4,24200,1.0,0.0,-1.550000029690006e-16,True,False,False
tribe_5_4,24300,1.0,0.0,-1.550000029690006e-16,True,False,False
tribe_5_4,24400,1.0,0.0,-1.550000029690006e-16,True,False,False
tribe_5_4,24500,1.0,0.0,-1.550000029690006e-16,True,False,False
tribe_5_4,24600,1.0,0.0,-1.550000029690006e-16,True,False,False
tribe_5_4,24700,1.0,0.0,-1.550000029690006e-16,True,False,False
tribe_5_4,24800,1.0,0.0,-1.550000029690006e-16,True,False,False
tribe_5_4,24900,1.0,0.0,-1.550000029690006e-16,True,False,False
tribe_5_4,25000,1.0,0.0,-1.550000029690006e-16,True,False,False
tribe_5_4,25100,1.0,0.0,-1.550000029690006e-16,True,False,False
tribe_5_4,25200,1.0,0.0,-1.550000029690006e-16,True,False,False
tribe_5_4,25300,1.0,0.0,-1.550000029690006e-16,True,False,False
tribe_5_4,25400,1.0,0.0,-1.550000029690006e-16,True,False,False
tribe_5_4,25500,1.0,0.0,-1.550000029690006e-16,True,False,False
tribe_5_4,25600,1.0,0.0,-1.550000029690006e-16,True,False,False
tribe_5_4,25700,1.0,0.0,-1.550000029690006e-16,True,False,False
tribe_5_4,25800,1.0,0.0,-1.550000029690006e-16,True,False,False
tribe_5_4,25900,1.0,0.0,-1.550000029690006e-16,True,False,False
tribe_5_4,26000,1.0,0.0,-1.550000029690006e-16,True,False,False
tribe_5_4,26100,1.0,0.0,-1.550000029690006e-16,True,False,False
tribe_5_4,26200,1.0,0.0,-1.550000029690006e-16,True,False,False
tribe_5_4,26300,1.0,0.0,-1.550000029690006e-16,True,False,False
tribe_5_4,26400,0.996875,-9.469696969688357e-05,-0.00018564356435704817,True,False,False
tribe_5_4,26500,1.0,-9.469696969688357e-05,-0.00014813981398251476,True,False,False
tribe_5_4,26600,1.0,-9.469696969688357e-05,-0.00011063606360674132,True,False,False
tribe_5_4,26700,1.0,-9.469696969688357e-05,-7.313231323220792e-05,True,False,False
tribe_5_4,26800,1.0,0.0,-3.5628562857519495e-05,True,False,False
tribe_5_4,26900,1.0,0.0,1.8751875180989206e-06,True,False,False
tribe_5_4,27000,1.0,0.0,3.937893789325234e-05,True,False,False
tribe_5_4,27100,1.0,9.469696969688357e-05,7.688268826778576e-05,True,False,False
tribe_5_4,27200,1.0,9.469696969688357e-05,0.00011438643864402418,True,False,False
tribe_5_4,27300,1.0,9.469696969688357e-05,0.0001518901890188676,True,False,False
tribe_5_4,27400,1.0,0.0,-1.550000029690006e-16,True,False,False
tribe_5_4,27500,1.0,0.0,-1.550000029690006e-16,True,False,False
tribe_5_4,27600,1.0,0.0,-1.550000029690006e-16,True,False,False
tribe_5_4,27700,1.0,0.0,-1.550000029690006e-16,True,False,False
tribe_5_4,27800,1.0,0.0,-1.550000029690006e-16,True,False,False
tribe_5_4,27900,1.0,0.0,-1.550000029690006e-16,True,False,False
tribe_5_4,28000,1.0,0.0,-1.550000029690006e-16,True,False,False
tribe_5_4,28100,1.0,0.0,-1.550000029690006e-16,True,False,False
tribe_5_4,28200,1.0,0.0,-1.550000029690006e-16,True,False,False
tribe_5_4,28300,1.0,0.0,-1.550000029690006e-16,True,False,False
tribe_5_4,28400,1.0,0.0,-1.550000029690006e-16,True,False,False
tribe_5_4,28500,1.0,0.0,-1.550000029690006e-16,True,False,False
tribe_5_4,28600,1.0,0.0,-1.550000029690006e-16,True,False,False
tribe_5_4,28700,1.0,0.0,-1.550000029690006e-16,True,False,False
tribe_5_4,28800,1.0,0.0,-1.550000029690006e-16,True,False,False
tribe_5_4,28900,1.0,0.0,-1.550000029690006e-16,True,False,False
tribe_5_4,29000,1.0,0.0,-1.550000029690006e-16,True,False,False
tribe_5_4,29100,1.0,0.0,-1.550000029690006e-16,True,False,False
tribe_5_4,29200,1.0,0.0,-1.550000029690006e-16,True,False,False
tribe_5_4,29300,1.0,0.0,-1.550000029690006e-16,True,False,False
tribe_5_4,29400,1.0,0.0,-1.550000029690006e-16,True,False,False
tribe_5_4,29500,1.0,0.0,-1.550000029690006e-16,True,False,False
tribe_5_4,29600,1.0,0.0,-1.550000029690006e-16,True,False,False
tribe_5_4,29700,1.0,0.0,-1.550000029690006e-16,True,False,False
tribe_5_4,29800,1.0,0.0,-1.550000029690006e-16,True,False,False
tribe_5_4,29900,1.0,0.0,-1.550000029690006e-16,True,False,False
tribe_5_4,30000,1.0,0.0,-1.550000029690006e-16,True,False,False
majority,100,0.815625,0.33125,4.310606060606062,True,False,False
majority,200,0.821875,0.22291666666666665,1.651080827067671,True,True,True
majority,300,0.903125,0.19624999999999992,1.0707035595105685,True,True,True
majority,400,0.88125,0.19399038461538431,0.7557164634146338,True,True,True
majority,500,0.975,0.2037109374999999,0.6414165666266515,True,True,True
majority,600,0.903125,0.20187500000000003,0.5193803834398454,True,True,True
majority,700,0.965625,0.19483695652173905,0.4278551745254131,True,True,True
majority,800,0.959375,0.17163461538461533,0.339439023675575,True,True,True
majority,900,0.928125,0.15645833333333325,0.27791239659217204,True,True,True
majority,1000,0.953125,0.1454545454545454,0.23392964296429591,True,True,True
majority,1100,0.959375,0.0768939393939394,0.11728735373537284,True,True,True
majority,1200,0.95625,0.04147727272727286,0.06841059105910585,True,True,True
majority,1300,0.959375,0.02452651515151527,0.04303367836783691,True,True,True
majority,1400,0.9625,0.013162878787878807,0.020550180018001338,True,True,True
majority,1500,0.98125,0.018844696969696928,0.027784653465346032,True,True,True
majority,1600,0.978125,0.027651515151515094,0.039272052205219496,True,True,True
majority,1700,0.984375,0.033522727272727204,0.04926117611761158,True,True,True
majority,1800,0.975,0.031344696969696884,0.0461764926492647,True,True,True
majority,1900,0.99375,0.027840909090909083,0.04225547554755461,True,True,True
majority,2000,0.984375,0.025946969696969635,0.039249549954995175,True,True,True
majority,2100,0.9875,0.023295454545454453,0.03381900690068908,True,True,True
majority,2200,0.990625,0.02168560606060621,0.029699219921991534,True,True,True
majority,2300,0.990625,0.01893939393939381,0.029982373237323206,True,True,True
majority,2400,0.996875,0.016382575757575735,0.025733198319831264,True,True,True
majority,2500,1.0,0.01780303030303032,0.02555130513051336,True,False,False
majority,2600,0.996875,0.01742424242424223,0.026813306330632582,True,True,True
majority,2700,1.0,0.015625,0.024191794179417032,True,False,False
majority,2800,1.0,0.014299242424242409,0.020870837083707232,True,False,False
majority,2900,1.0,0.012215909090909083,0.017367986798679062,True,False,False
majority,3000,0.996875,0.010795454545454608,0.016511026102609638,True,True,True
majority,3100,0.996875,0.008522727272727404,0.012753150315030892,True,False,False
majority,3200,1.0,0.004640151515151514,0.007024452445242753,True,False,False
majority,3300,1.0,0.0029356060606061662,0.0052092709270923025,True,False,False
majority,3400,1.0,0.0015151515151515804,0.002372112211220355,True,False,False
majority,3500,1.0,0.0013257575757575912,0.001757050705070164,True,False,False
majority,3600,1.0,0.0013257575757577023,0.0019858235823574373,True,False,False
majority,3700,1.0,0.0015151515151514694,0.002330858085807764,True,False,False
majority,3800,0.996875,0.001136363636363713,0.0014401440144006213,True,False,False
majority,3900,1.0,0.001136363636363713,0.0016951695169516645,True,False,False
majority,4000,1.0,0.0010416666666666075,0.0015939093909383628,True,False,False
majority,4100,1.0,0.00028409090909087276,0.0004594209420937306,True,False,False
majority,4200,1.0,0.00018939393939398919,0.00047067206720619915,True,False,False
majority,4300,1.0,0.00018939393939376714,0.0003694119411925874,True,False,False
majority,4400,1.0,9.469696969688357e-05,-3.0003000301207736e-05,True,False,False
majority,4500,1.0,0.0,8.625862586262037e-05,True,False,False
majority,4600,1.0,0.00018939393939398919,0.00032440744074271335,True,False,False
majority,4700,1.0,0.0005681818181817455,0.0007369486948689359,True,False,False
majority,4800,1.0,0.0006628787878788511,0.0007894539453941506,True,False,False
majority,4900,1.0,0.0005681818181819676,0.0009938493849380781,True,False,False
majority,5000,1.0,0.0002840909090910948,0.0007181968196803517,True,False,False
majority,5100,1.0,0.00018939393939398919,0.00014063906390577907,True,False,False
majority,5200,1.0,0.00018939393939398919,0.0002531503150307743,True,False,False
majority,5300,1.0,0.00018939393939398919,0.0003656615661571646,True,False,False
majority,5400,1.0,0.0,5.438043804315871e-05,True,False,False
majority,5500,1.0,9.469696969688357e-05,9.188418841831212e-05,True,False,False
majority,5600,1.0,9.469696969688357e-05,0.00012938793879377553,True,False,False
majority,5700,1.0,9.469696969688357e-05,0.00016689168916877395,True,False,False
majority,5800,1.0,0.0,-1.550000029690006e-16,True,False,False
majority,5900,1.0,0.0,-1.550000029690006e-16,True,False,False
majority,6000,1.0,0.0,-1.550000029690006e-16,True,False,False
majority,6100,1.0,0.0,-1.550000029690006e-16,True,False,False
majority,6200,1.0,0.0,-1.550000029690006e-16,True,False,False
majority,6300,1.0,0.0,-1.550000029690006e-16,True,False,False
majority,6400,1.0,0.0,-1.550000029690006e-16,True,False,False
majority,6500,1.0,0.0,-1.550000029690006e-16,True,False,False
majority,6600,1.0,0.0,-1.550000029690006e-16,True,False,False
majority,6700,1.0,0.0,-1.550000029690006e-16,True,False,False
majority,6800,1.0,0.0,-1.550000029690006e-16,True,False,False
majority,6900,1.0,0.0,-1.550000029690006e-16,True,False,False
majority,7000,1.0,0.0,-1.550000029690006e-16,True,False,False
majority,7100,1.0,0.0,-1.550000029690006e-16,True,False,False
majority,7200,1.0,0.0,-1.550000029690006e-16,True,False,False
majority,7300,1.0,0.0,-1.550000029690006e-16,True,False,False
majority,7400,1.0,0.0,-1.550000029690006e-16,True,False,False
majority,7500,1.0,0.0,-1.550000029690006e-16,True,False,False
majority,7600,1.0,0.0,-1.550000029690006e-16,True,False,False
majority,7700,1.0,0.0,-1.550000029690006e-16,True,False,False
majority,7800,1.0,0.0,-1.550000029690006e-16,True,False,False
majority,7900,1.0,-9.469696969688357e-05,-0.00015939093909389827,True,False,False
majority,8000,1.0,-9.469696969688357e-05,-0.00012188718871889985,True,False,False
majority,8100,1.0,-9.469696969688357e-05,-8.438343834421144e-05,True,False,False
majority,8200,1.0,0.0,-4.687968796890302e-05,True,False,False
majority,8300,1.0,0.0,-9.375937594524605e-06,True,False,False
majority,8400,1.0,0.0,2.8127812780628815e-05,True,False,False
majority,8500,1.0,9.469696969688357e-05,6.563156315609223e-05,True,False,False
majority,8600,1.0,9.469696969688357e-05,0.00010313531353062565,True,False,False
majority,8700,1.0,9.469696969688357e-05,0.00014063906390593406,True,False,False
majority,8800,1.0,9.469696969688357e-05,0.0001781428142810875,True,False,False
majority,8900,1.0,0.0,-1.550000029690006e-16,True,False,False
majority,9000,1.0,0.0,-1.550000029690006e-16,True,False,False
majority,9100,1.0,0.0,-1.550000029690006e-16,True,False,False
majority,9200,1.0,0.0,-1.550000029690006e-16,True,False,False
majority,9300,1.0,0.0,-1.550000029690006e-16,True,False,False
majority,9400,1.0,0.0,-1.550000029690006e-16,True,False,False
majority,9500,1.0,0.0,-1.550000029690006e-16,True,False,False
majority,9600,1.0,0.0,-1.550000029690006e-16,True,False,False
majority,9700,1.0,0.0,-1.550000029690006e-16,True,False,False
majority,9800,1.0,0.0,-1.550000029690006e-16,True,False,False
majority,9900,1.0,0.0,-1.550000029690006e-16,True,False,False
majority,10000,1.0,0.0,-1.550000029690006e-16,True,False,False
majority,10100,1.0,0.0,-1.550000029690006e-16,True,False,False
majority,10200,1.0,0.0,-1.550000029690006e-16,True,False,False
majority,10300,1.0,0.0,-1.550000029690006e-16,True,False,False
majority,10400,1.0,0.0,-1.550000029690006e-16,True,False,False
majority,10500,1.0,0.0,-1.550000029690006e-16,True,False,False
majority,10600,1.0,0.0,-1.550000029690006e-16,True,False,False
majority,10700,1.0,0.0,-1.550000029690006e-16,True,False,False
majority,10800,1.0,0.0,-1.550000029690006e-16,True,False,False
majority,10900,1.0,0.0,-1.550000029690006e-16,True,False,False
majority,11000,1.0,0.0,-1.550000029690006e-16,True,False,False
majority,11100,1.0,0.0,-1.550000029690006e-16,True,False,False
majority,11200,1.0,0.0,-1.550000029690006e-16,True,False,False
majority,11300,1.0,0.0,-1.550000029690006e-16,True,False,False
majority,11400,1.0,0.0,-1.550000029690006e-16,True,False,False
majority,11500,1.0,0.0,-1.550000029690006e-16,True,False,False
majority,11600,1.0,0.0,-1.550000029690006e-16,True,False,False
majority,11700,1.0,0.0,-1.550000029690006e-16,True,False,False
majority,11800,1.0,0.0,-1.550000029690006e-16,True,False,False
majority,11900,1.0,0.0,-1.550000029690006e-16,True,False,False
majority,12000,1.0,0.0,-1.550000029690006e-16,True,False,False
majority,12100,1.0,0.0,-1.550000029690006e-16,True,False,False
majority,12200,1.0,0.0,-1.550000029690006e-16,True,False,False
majority,12300,1.0,0.0,-1.550000029690006e-16,True,False,False
majority,12400,1.0,0.0,-1.550000029690006e-16,True,False,False
majority,12500,1.0,0.0,-1.550000029690006e-16,True,False,False
majority,12600,1.0,0.0,-1.550000029690006e-16,True,False,False
majority,12700,1.0,0.0,-1.550000029690006e-16,True,False,False
majority,12800,1.0,0.0,-1.550000029690006e-16,True,False,False
majority,12900,1.0,0.0,-1.550000029690006e-16,True,False,False
majority,13000,1.0,0.0,-1.550000029690006e-16,True,False,False
majority,13100,1.0,0.0,-1.550000029690006e-16,True,False,False
majority,13200,1.0,0.0,-1.550000029690006e-16,True,False,False
majority,13300,1.0,0.0,-1.550000029690006e-16,True,False,False
majority,13400,1.0,0.0,-1.550000029690006e-16,True,False,False
majority,13500,1.0,0.0,-1.550000029690006e-16,True,False,False
majority,13600,1.0,0.0,-1.550000029690006e-16,True,False,False
majority,13700,1.0,0.0,-1.550000029690006e-16,True,False,False
majority,13800,1.0,0.0,-1.550000029690006e-16,True,False,False
majority,13900,1.0,0.0,-1.550000029690006e-16,True,False,False
majority,14000,1.0,0.0,-1.550000029690006e-16,True,False,False
majority,14100,1.0,0.0,-1.550000029690006e-16,True,False,False
majority,14200,1.0,0.0,-1.550000029690006e-16,True,False,False
majority,14300,1.0,0.0,-1.550000029690006e-16,True,False,False
majority,14400,1.0,0.0,-1.550000029690006e-16,True,False,False
majority,14500,1.0,0.0,-1.550000029690006e-16,True,False,False
majority,14600,1.0,0.0,-1.550000029690006e-16,True,False,False
majority,14700,1.0,0.0,-1.550000029690006e-16,True,False,False
majority,14800,1.0,0.0,-1.550000029690006e-16,True,False,False
majority,14900,1.0,0.0,-1.550000029690006e-16,True,False,False
majority,15000,1.0,0.0,-1.550000029690006e-16,True,False,False
majority,15100,1.0,0.0,-1.550000029690006e-16,True,False,False
majority,15200,1.0,0.0,-1.550000029690006e-16,True,False,False
majority,15300,1.0,0.0,-1.550000029690006e-16,True,False,False
majority,15400,1.0,0.0,-1.550000029690006e-16,True,False,False
majority,15500,1.0,0.0,-1.550000029690006e-16,True,False,False
majority,15600,1.0,0.0,-1.550000029690006e-16,True,False,False
majority,15700,1.0,0.0,-1.550000029690006e-16,True,False,False
majority,15800,1.0,0.0,-1.550000029690006e-16,True,False,False
majority,15900,1.0,0.0,-1.550000029690006e-16,True,False,False
majority,16000,1.0,0.0,-1.550000029690006e-16,True,False,False
majority,16100,1.0,0.0,-1.550000029690006e-16,True,False,False
majority,16200,1.0,0.0,-1.550000029690006e-16,True,False,False
majority,16300,1.0,-9.469696969688357e-05,-0.0001781428142820175,True,False,False
majority,16400,1.0,-9.469696969688357e-05,-0.00014063906390779406,True,False,False
majority,16500,1.0,-9.469696969688357e-05,-0.00010313531353202065,True,False,False
majority,16600,1.0,-9.469696969688357e-05,-6.563156315671223e-05,True,False,False
majority,16700,1.0,0.0,-2.812781278171381e-05,True,False,False
majority,16800,1.0,0.0,9.375937593284605e-06,True,False,False
majority,16900,1.0,0.0,4.687968796797302e-05,True,False,False
majority,17000,1.0,9.469696969688357e-05,8.438343834328144e-05,True,False,False
majority,17100,1.0,9.469696969688357e-05,0.00012188718871874485,True,False,False
majority,17200,1.0,9.469696969688357e-05,0.00015939093909343326,True,False,False
majority,17300,1.0,0.0,-1.550000029690006e-16,True,False,False
majority,17400,1.0,0.0,-1.550000029690006e-16,True,False,False
majority,17500,1.0,0.0,-1.550000029690006e-16,True,False,False
majority,17600,0.996875,-9.469696969688357e-05,-0.00018564356435704817,True,False,False
majority,17700,1.0,-9.469696969688357e-05,-0.00014813981398251476,True,False,False
majority,17800,1.0,-9.469696969688357e-05,-0.00011063606360674132,True,False,False
majority,17900,1.0,-9.469696969688357e-05,-7.313231323220792e-05,True,False,False
majority,18000,1.0,0.0,-3.5628562857519495e-05,True,False,False
majority,18100,1.0,0.0,1.8751875180989206e-06,True,False,False
majority,18200,1.0,0.0,3.937893789325234e-05,True,False,False
majority,18300,1.0,9.469696969688357e-05,7.688268826778576e-05,True,False,False
majority,18400,1.0,9.469696969688357e-05,0.00011438643864402418,True,False,False
majority,18500,1.0,9.469696969688357e-05,0.0001518901890188676,True,False,False
majority,18600,1.0,0.0,-1.550000029690006e-16,True,False,False
majority,18700,1.0,-9.469696969688357e-05,-0.00018189318931945532,True,False,False
majority,18800,1.0,-0.00018939393939398919,-0.00031128112811369587,True,False,False
majority,18900,1.0,-0.00018939393939398919,-0.00023627362736292404,True,False,False
majority,19000,1.0,-0.00018939393939398919,-0.0001612661266135472,True,False,False
majority,19100,1.0,-9.469696969688357e-05,-0.00026440144014479284,True,False,False
majority,19200,1.0,-9.469696969688357e-05,-0.00015189018901948757,True,False,False
majority,19300,1.0,-9.469696969688357e-05,-3.937893789495734e-05,True,False,False
majority,19400,1.0,0.0,7.313231322988291e-05,True,False,False
majority,19500,1.0,0.00018939393939398919,0.00018564356435580816,True,False,False
majority,19600,1.0,0.00018939393939398919,0.0002981548154806484,True,False,False
majority,19700,1.0,0.0,6.563156315547223e-05,True,False,False
majority,19800,1.0,-9.469696969710562e-05,-0.00020064506450679953,True,False,False
majority,19900,1.0,-9.469696969710562e-05,-8.813381338180428e-05,True,False,False
majority,20000,1.0,0.0,2.437743774334597e-05,True,False,False
majority,20100,1.0,0.0,-6.0006000600400475e-05,True,False,False
majority,20200,1.0,0.0,1.5001500149751368e-05,True,False,False
majority,20300,1.0,9.469696969688357e-05,9.00090008999032e-05,True,False,False
majority,20400,1.0,9.469696969688357e-05,0.00016501650164912502,True,False,False
majority,20500,1.0,0.00018939393939398919,0.00024002400239958688,True,False,False
majority,20600,1.0,0.00018939393939398919,0.0003150315031498937,True,False,False
majority,20700,1.0,9.469696969688357e-05,0.00016689168916877395,True,False,False
majority,20800,1.0,-9.469696969688357e-05,-0.00017439243924457964,True,False,False
majority,20900,1.0,-9.469696969688357e-05,-0.00013688868886989122,True,False,False
majority,21000,1.0,-9.469696969688357e-05,-9.938493849427281e-05,True,False,False
majority,21100,1.0,-9.469696969688357e-05,-0.00021377137713814197,True,False,False
majority,21200,1.0,-9.469696969688357e-05,-0.00013876387638752513,True,False,False
majority,21300,1.0,-9.469696969688357e-05,-6.37563756379933e-05,True,False,False
majority,21400,1.0,0.0,1.1251125112003526e-05,True,False,False
majority,21500,1.0,9.469696969688357e-05,8.625862586215537e-05,True,False,False
majority,21600,1.0,9.469696969688357e-05,0.00016126612661246218,True,False,False
majority,21700,1.0,0.00018939393939398919,0.00023627362736152902,True,False,False
majority,21800,1.0,9.469696969688357e-05,0.00011063606360534633,True,False,False
majority,21900,1.0,9.469696969688357e-05,0.00014813981398065476,True,False,False
majority,22000,1.0,9.469696969688357e-05,0.00018564356435611816,True,False,False
majority,22100,1.0,0.0,-1.550000029690006e-16,True,False,False
majority,22200,1.0,0.0,-1.550000029690006e-16,True,False,False
majority,22300,1.0,0.0,-1.550000029690006e-16,True,False,False
majority,22400,1.0,0.0,-1.550000029690006e-16,True,False,False
majority,22500,1.0,0.0,-1.550000029690006e-16,True,False,False
majority,22600,1.0,0.0,-1.550000029690006e-16,True,False,False
majority,22700,1.0,0.0,-1.550000029690006e-16,True,False,False
majority,22800,1.0,0.0,-1.550000029690006e-16,True,False,False
majority,22900,1.0,0.0,-1.550000029690006e-16,True,False,False
majority,23000,1.0,-9.469696969688357e-05,-0.0001781428142820175,True,False,False
majority,23100,1.0,-9.469696969688357e-05,-0.00014063906390779406,True,False,False
majority,23200,1.0,-9.469696969688357e-05,-0.00010313531353202065,True,False,False
majority,23300,1.0,-9.469696969688357e-05,-6.563156315671223e-05,True,False,False
majority,23400,1.0,0.0,-2.812781278171381e-05,True,False,False
majority,23500,1.0,0.0,9.375937593284605e-06,True,False,False
majority,23600,1.0,0.0,4.687968796797302e-05,True,False,False
majority,23700,1.0,9.469696969688357e-05,8.438343834328144e-05,True,False,False
majority,23800,1.0,9.469696969688357e-05,0.00012188718871874485,True,False,False
majority,23900,1.0,9.469696969688357e-05,0.00015939093909343326,True,False,False
majority,24000,1.0,0.0,-1.550000029690006e-16,True,False,False
majority,24100,1.0,0.0,-1.550000029690006e-16,True,False,False
majority,24200,1.0,0.0,-1.550000029690006e-16,True,False,False
majority,24300,1.0,0.0,-1.550000029690006e-16,True,False,False
majority,24400,1.0,0.0,-1.550000029690006e-16,True,False,False
majority,24500,1.0,-9.469696969688357e-05,-0.0001781428142820175,True,False,False
majority,24600,1.0,-9.469696969688357e-05,-0.00014063906390779406,True,False,False
majority,24700,1.0,-9.469696969688357e-05,-0.00010313531353202065,True,False,False
majority,24800,1.0,-9.469696969688357e-05,-6.563156315671223e-05,True,False,False
majority,24900,1.0,0.0,-2.812781278171381e-05,True,False,False
majority,25000,1.0,0.0,9.375937593284605e-06,True,False,False
majority,25100,1.0,0.0,4.687968796797302e-05,True,False,False
majority,25200,1.0,9.469696969688357e-05,8.438343834328144e-05,True,False,False
majority,25300,1.0,9.469696969688357e-05,0.00012188718871874485,True,False,False
majority,25400,1.0,9.469696969688357e-05,0.00015939093909343326,True,False,False
majority,25500,1.0,-9.469696969688357e-05,-0.00015939093909389827,True,False,False
majority,25600,1.0,-9.469696969688357e-05,-0.00012188718871889985,True,False,False
majority,25700,1.0,-9.469696969688357e-05,-8.438343834421144e-05,True,False,False
majority,25800,1.0,0.0,-4.687968796890302e-05,True,False,False
majority,25900,1.0,0.0,-9.375937594524605e-06,True,False,False
majority,26000,1.0,0.0,2.8127812780628815e-05,True,False,False
majority,26100,1.0,9.469696969688357e-05,6.563156315609223e-05,True,False,False
majority,26200,1.0,9.469696969688357e-05,0.00010313531353062565,True,False,False
majority,26300,1.0,9.469696969688357e-05,0.00014063906390593406,True,False,False
majority,26400,1.0,9.469696969688357e-05,0.0001781428142810875,True,False,False
majority,26500,1.0,0.0,-1.550000029690006e-16,True,False,False
majority,26600,1.0,0.0,-1.550000029690006e-16,True,False,False
majority,26700,1.0,0.0,-1.550000029690006e-16,True,False,False
majority,26800,1.0,-9.469696969688357e-05,-0.00016689168916923894,True,False,False
majority,26900,1.0,-9.469696969688357e-05,-0.00012938793879393055,True,False,False
majority,27000,1.0,-9.469696969688357e-05,-9.188418841970713e-05,True,False,False
majority,27100,1.0,0.0,-5.4380438044398705e-05,True,False,False
majority,27200,1.0,0.0,-1.6876687669245287e-05,True,False,False
majority,27300,1.0,-9.469696969688357e-05,-0.0001612661266135472,True,False,False
majority,27400,1.0,-9.469696969688357e-05,-8.625862586308537e-05,True,False,False
majority,27500,1.0,0.0,-1.1251125112623527e-05,True,False,False
majority,27600,1.0,0.0,6.375637563752832e-05,True,False,False
majority,27700,1.0,9.469696969688357e-05,0.00013876387638737014,True,False,False
majority,27800,1.0,0.0,5.625562555381763e-06,True,False,False
majority,27900,1.0,0.0,4.3129312930690183e-05,True,False,False
majority,28000,1.0,9.469696969688357e-05,8.06330633061536e-05,True,False,False
majority,28100,1.0,9.469696969688357e-05,0.00011813681368161701,True,False,False
majority,28200,1.0,9.469696969688357e-05,0.00015564056405615041,True,False,False
majority,28300,1.0,0.0,-1.550000029690006e-16,True,False,False
majority,28400,1.0,0.0,-1.550000029690006e-16,True,False,False
majority,28500,1.0,0.0,-1.550000029690006e-16,True,False,False
majority,28600,1.0,-9.469696969688357e-05,-0.0001706420642071418,True,False,False
majority,28700,1.0,-9.469696969688357e-05,-0.0001331383138321434,True,False,False
majority,28800,1.0,-9.469696969688357e-05,-9.563456345698997e-05,True,False,False
majority,28900,1.0,0.0,-5.813081308183655e-05,True,False,False
majority,29000,1.0,0.0,-2.062706270714813e-05,True,False,False
majority,29100,1.0,0.0,1.687668766816029e-05,True,False,False
majority,29200,1.0,0.0,5.438043804315871e-05,True,False,False
majority,29300,1.0,9.469696969688357e-05,9.188418841831212e-05,True,False,False
majority,29400,1.0,9.469696969688357e-05,0.00012938793879377553,True,False,False
majority,29500,1.0,0.0,1.1251125111693525e-05,True,False,False
majority,29600,1.0,-9.469696969688357e-05,-0.00011813681368192702,True,False,False
majority,29700,1.0,-9.469696969688357e-05,-8.06330633070836e-05,True,False,False
majority,29800,1.0,0.0,-4.312931293162018e-05,True,False,False
majority,29900,1.0,-9.469696969688357e-05,-0.00017626762676329857,True,False,False
majority,30000,1.0,-9.469696969688357e-05,-0.00010126012601330171,True,False,False
parity,100,0.4625,-0.016666666666666774,-0.22159090909090878,False,False,False
parity,200,0.475,-0.01666666666666672,-0.16212406015037584,False,False,False
parity,300,0.5,-0.014375000000000082,-0.04664905450500414,False,False,False
parity,400,0.49375,0.007932692307692224,0.012429643527204055,False,False,False
parity,500,0.45625,0.01894531250000009,0.039255702280912644,False,True,False
parity,600,0.56875,0.01890625000000007,0.04462176993609398,True,True,True
parity,700,0.434375,-0.011277173913043392,-0.03389357886449113,False,False,False
parity,800,0.5125,-0.02055288461538468,-0.043714105719643764,False,False,False
parity,900,0.540625,-0.012708333333333377,-0.002371691978433326,False,False,False
parity,1000,0.553125,0.01723484848484852,0.030848709870986923,True,True,True
parity,1100,0.54375,0.048958333333333326,0.06687293729372898,False,True,False
parity,1200,0.575,0.05407196969696959,0.07876537653765363,True,True,True
parity,1300,0.55,0.05681818181818188,0.0917923042304229,False,True,False
parity,1400,0.58125,0.08371212121212124,0.11580783078307796,True,True,True
parity,1500,0.59375,0.10350378787878789,0.146122112211221,True,True,True
parity,1600,0.64375,0.11297348484848485,0.17307980798079808,True,True,True
parity,1700,0.6375,0.0974431818181819,0.14987811281128072,True,True,True
parity,1800,0.575,0.07263257575757565,0.10663441344134394,True,True,True
parity,1900,0.615625,0.07196969696969702,0.10417229222922206,True,True,True
parity,2000,0.659375,0.07443181818181832,0.11136363636363598,True,True,True
parity,2100,0.690625,0.0778409090909089,0.11428142814281401,True,True,True
parity,2200,0.6625,0.07604166666666656,0.11394764476447647,True,True,True
parity,2300,0.715625,0.06969696969696959,0.10514176417641657,True,True,True
parity,2400,0.709375,0.06344696969696983,0.09573207320732033,True,True,True
parity,2500,0.7375,0.06884469696969708,0.0993980648064803,True,True,True
parity,2600,0.765625,0.07471590909090908,0.11744674467446728,True,True,True
parity,2700,0.784375,0.08560606060606057,0.13015864086408582,True,True,True
parity,2800,0.75,0.08882575757575739,0.12445432043204266,True,True,True
parity,2900,0.75625,0.09289772727272727,0.14050405040504,True,True,True
parity,3000,0.765625,0.10606060606060608,0.16015789078907952,True,True,True
parity,3100,0.83125,0.11202651515151518,0.1584120912091208,True,True,True
parity,3200,0.846875,0.11628787878787883,0.17176342634263372,True,True,True
parity,3300,0.846875,0.10975378787878787,0.16899752475247465,True,True,True
parity,3400,0.884375,0.10596590909090886,0.15582058205820568,True,True,True
parity,3500,0.8,0.09535984848484835,0.13778877887788762,True,True,True
parity,3600,0.825,0.08238636363636365,0.12586071107110633,True,True,True
parity,3700,0.89375,0.08352272727272714,0.13323019801980104,True,True,True
parity,3800,0.940625,0.0891098484848486,0.1399021152115206,True,True,True
parity,3900,0.953125,0.10861742424242427,0.15314843984398394,True,True,True
parity,4000,0.946875,0.10871212121212104,0.16258250825082476,True,True,True
parity,4100,0.93125,0.09905303030303025,0.14605835583558308,True,True,True
parity,4200,0.94375,0.09810606060606075,0.14438381338133732,True,True,True
parity,4300,0.96875,0.09782196969696966,0.1358873387338731,True,True,True
parity,4400,0.953125,0.07831439393939399,0.11748987398739874,True,True,True
parity,4500,0.9625,0.05492424242424232,0.08749249924992517,True,True,True
parity,4600,0.953125,0.0323863636363636,0.04755100510050969,True,True,True
parity,4700,0.96875,0.021590909090908994,0.03358648364836421,True,True,True
parity,4800,0.946875,0.01979166666666654,0.027743399339933597,True,True,True
parity,4900,0.95625,0.012878787878787934,0.020891464146414383,True,True,True
parity,5000,0.9375,0.0033143939393939226,0.0045529552955289,True,False,False
parity,5100,0.9375,-0.005965909090909105,-0.009023402340234942,True,False,False
parity,5200,0.9375,-0.010700757575757613,-0.015104635463547043,True,False,False
parity,5300,0.94375,-0.008996212121212155,-0.012500000000001201,True,False,False
parity,5400,0.946875,-0.010037878787878873,-0.015172142214221545,True,False,False
parity,5500,0.940625,-0.009280303030303139,-0.01197119711971239,True,False,False
parity,5600,0.9625,-0.0008522727272728403,0.0018151815181516903,True,False,False
parity,5700,0.96875,0.005587121212121238,0.005304905490549137,True,False,False
parity,5800,0.94375,0.007386363636363691,0.007043204320431337,True,False,False
parity,5900,0.946875,0.006439393939393745,0.010394164416441722,True,False,False
parity,6000,0.96875,0.004071969696969546,0.007196969696969078,True,False,False
parity,6100,0.959375,0.004166666666666652,0.005438043804379575,True,False,False
parity,6200,0.959375,0.003409090909090917,0.004009150915090802,True,False,False
parity,6300,0.96875,0.004166666666666763,0.0077295229522942425,True,False,False
parity,6400,0.965625,0.0028409090909090606,0.00722884788478823,True,False,False
parity,6500,0.975,0.009185606060606033,0.011065481548154413,True,False,False
parity,6600,0.971875,0.014962121212121149,0.021228997899789215,True,True,True
parity,6700,0.971875,0.01695075757575759,0.024688718871885916,True,True,True
parity,6800,0.975,0.015340909090909127,0.022699144914491196,True,True,True
parity,6900,0.984375,0.01676136363636349,0.0239161416141607,True,True,True
parity,7000,0.975,0.015530303030302894,0.02374924992499224,True,True,True
parity,7100,0.978125,0.01325757575757569,0.020368286828681883,True,True,True
parity,7200,0.978125,0.010511363636363513,0.01471834683468304,True,True,True
parity,7300,0.9875,0.007670454545454453,0.013360711071107447,True,False,False
parity,7400,0.978125,0.007765151515151447,0.011787428742873597,True,False,False
parity,7500,0.9875,0.008712121212121282,0.011669291929191826,True,False,False
parity,7600,0.9875,0.008428030303030187,0.013225697569756119,True,False,False
parity,7700,0.984375,0.007954545454545325,0.01326507650764999,True,False,False
parity,7800,0.978125,0.007765151515151336,0.010401665166515979,True,False,False
parity,7900,0.984375,0.008901515151515271,0.012162466246624357,True,False,False
parity,8000,0.9875,0.008617424242424176,0.013580108010800503,True,False,False
parity,8100,0.9875,0.007859848484848442,0.013062556255625092,True,False,False
parity,8200,0.9875,0.008049242424242431,0.010581683168315939,True,False,False
parity,8300,0.9875,0.005303030303030476,0.008196444644463468,True,False,False
parity,8400,0.990625,0.004829545454545503,0.008717746774676629,True,False,False
parity,8500,0.990625,0.004071969696969879,0.005419291929191766,True,False,False
parity,8600,0.9875,0.004450757575757414,0.005876837683767553,True,False,False
parity,8700,0.9875,0.0037878787878787845,0.005183018301829927,True,False,False
parity,8800,0.990625,0.0017992424242424532,0.003731623162316063,True,False,False
parity,8900,0.9875,0.0019886363636362203,0.003236573657365123,True,False,False
parity,9000,0.990625,0.0024621212121213043,0.0028502850285029796,True,False,False
parity,9100,0.990625,0.002083333333333437,0.0030884338433835377,True,False,False
parity,9200,0.9875,0.0003787878787877563,0.0011419891989190429,True,False,False
parity,9300,0.990625,0.0002840909090910948,0.00045379537953741886,True,False,False
parity,9400,0.990625,0.0013257575757577023,0.0016332883288322352,True,False,False
parity,9500,0.990625,0.0010416666666666075,0.0014570207020698665,True,False,False
parity,9600,0.990625,0.0012310606060608187,0.0017626762676257006,True,False,False
parity,9700,0.990625,0.0009469696969697239,0.0019539453945389054,True,False,False
parity,9800,0.990625,0.0009469696969697239,0.0014176417641763041,True,False,False
parity,9900,0.990625,0.0015151515151514694,0.0016951695169507344,True,False,False
parity,10000,0.990625,0.0009469696969697239,0.001610786078607763,True,False,False
parity,10100,0.990625,0.0007575757575757347,0.001710171017101106,True,False,False
parity,10200,0.9875,0.0005681818181817455,0.0006113111311130632,True,False,False
parity,10300,0.990625,0.0006628787878787401,0.0006694419441938148,True,False,False
parity,10400,0.9875,9.469696969688357e-05,0.000496924692468729,True,False,False
parity,10500,0.990625,0.00037878787878797837,0.0005025502550245758,True,False,False
parity,10600,0.990625,0.0,-0.00016501650165083001,True,False,False
parity,10700,0.990625,0.0,0.00015189018901809258,True,False,False
parity,10800,0.9875,-0.00028409090909087276,-8.813381338180428e-05,True,False,False
parity,10900,0.990625,9.469696969688357e-05,-6.563156315624723e-05,True,False,False
parity,11000,0.990625,0.0,6.375637563659831e-05,True,False,False
parity,11100,0.990625,0.00028409090909087276,0.0003937893789370184,True,False,False
parity,11200,0.990625,0.00037878787878786735,0.0005381788178808553,True,False,False
parity,11300,0.990625,0.0004734848484847509,0.0006225622562247567,True,False,False
parity,11400,0.990625,0.0003787878787876453,0.00035441044104345603,True,False,False
parity,11500,0.990625,0.0005681818181816345,0.0009169666966690524,True,False,False
parity,11600,0.990625,0.00037878787878786735,0.0006244374437431656,True,False,False
parity,11700,0.990625,9.469696969710562e-05,9.000900089866321e-05,True,False,False
parity,11800,0.990625,9.469696969710562e-05,8.250825082487253e-05,True,False,False
parity,11900,0.9875,0.0,0.0001968946894682767,True,False,False
parity,12000,0.990625,0.00037878787878786735,0.00033378337833723793,True,False,False
parity,12100,0.990625,0.00018939393939398919,0.00022877287728680833,True,False,False
parity,12200,0.990625,0.00018939393939398919,0.0004537953795372638,True,False,False
parity,12300,0.990625,0.0,-7.500750075139184e-05,True,False,False
parity,12400,0.990625,0.0,-6.938193819461507e-05,True,False,False
parity,12500,0.990625,0.0,0.00011813681368037702,True,False,False
parity,12600,0.990625,0.00018939393939398919,0.0001537653765374315,True,False,False
parity,12700,0.990625,0.0,-4.125412541321126e-05,True,False,False
parity,12800,0.990625,0.0,0.00010876087608709241,True,False,False
parity,12900,0.990625,0.0,6.938193819322007e-05,True,False,False
parity,13000,0.990625,0.0,-0.00016689168917032396,True,False,False
parity,13100,0.990625,0.0,2.062706270621813e-05,True,False,False
parity,13200,0.9875,-9.469696969688357e-05,-0.00015939093909389827,True,False,False
parity,13300,0.990625,-0.00037878787878786735,-0.000639438943894002,True,False,False
parity,13400,0.990625,-0.0005681818181818565,-0.0009075907590762328,True,False,False
parity,13500,0.9875,-0.0017992424242424532,-0.002702145214522945,True,False,False
parity,13600,0.9875,-0.0021780303030302095,-0.0032722022202221765,True,False,False
parity,13700,0.9875,-0.0029356060606061662,-0.00400540054005383,True,False,False
parity,13800,0.9875,-0.003219696969697039,-0.004886738673867533,True,False,False
parity,13900,0.9875,-0.0035984848484850174,-0.005224272427242828,True,False,False
parity,14000,0.984375,-0.0035984848484847953,-0.005248649864986794,True,False,False
parity,14100,0.9875,-0.003030303030303161,-0.004447944794479865,True,False,False
parity,14200,0.984375,-0.002556818181818188,-0.004102910291029383,True,False,False
parity,14300,0.984375,-0.0015151515151514694,-0.0026177617761779584,True,False,False
parity,14400,0.984375,-0.0010416666666667185,-0.0010651065106521871,True,False,False
parity,14500,0.984375,-0.0009469696969696129,-0.0017720522052211553,True,False,False
parity,14600,0.9875,9.469696969688357e-05,0.00012938793879331055,True,False,False
parity,14700,0.990625,0.001136363636363602,0.001922067206720529,True,False,False
parity,14800,0.9875,0.0013257575757574802,0.0020683318331824645,True,False,False
parity,14900,0.9875,0.0010416666666666075,0.00135576057605703,True,False,False
parity,15000,0.9875,0.0008522727272727293,0.001352010201019437,True,False,False
parity,15100,0.9875,0.0007575757575758457,0.0013913891389131542,True,False,False
parity,15200,0.9875,0.0012310606060605966,0.0013107560756073107,True,False,False
parity,15300,0.9875,0.0009469696969697239,0.0010688568856873,True,False,False
parity,15400,0.9875,0.0006628787878788511,0.0014888988898877783,True,False,False
parity,15500,0.990625,-0.00018939393939376714,-0.0003131563156322598,True,False,False
parity,15600,0.990625,0.0008522727272728403,0.0007500750074998134,True,False,False
parity,15700,0.9875,0.001136363636363713,0.002227722772276363,True,False,False
parity,15800,0.9875,0.0019886363636361093,0.0025090009000897813,True,False,False
parity,15900,0.9875,0.0015151515151514694,0.002015826582657715,True,False,False
parity,16000,0.990625,0.001136363636363713,0.0021358385838578958,True,False,False
parity,16100,0.990625,0.0009469696969697239,0.0020008250825070332,True,False,False
parity,16200,0.9875,0.0019886363636365534,0.0023833633363328235,True,False,False
parity,16300,0.9875,0.0012310606060605966,0.0016051605160511413,True,False,False
parity,16400,0.990625,0.0006628787878788511,0.0012207470747066325,True,False,False
parity,16500,0.990625,0.00018939393939398919,0.00010313531353093565,True,False,False
parity,16600,0.990625,0.00018939393939398919,0.00043129312931201684,True,False,False
parity,16700,0.990625,0.0006628787878788511,0.0008925892589255514,True,False,False
parity,16800,0.990625,0.0006628787878788511,0.0009882238223814562,True,False,False
parity,16900,0.990625,0.00047348484848497296,0.0009150915091497134,True,False,False
parity,17000,0.990625,0.0007575757575756237,0.0013201320132005953,True,False,False
parity,17100,0.990625,0.001136363636363602,0.001445769576957398,True,False,False
parity,17200,0.990625,0.0012310606060607077,0.0018414341434139104,True,False,False
parity,17300,0.990625,0.001136363636363602,0.0015976597659750256,True,False,False
parity,17400,0.990625,0.00018939393939376714,0.00045379537953710883,True,False,False
parity,17500,0.99375,0.0002840909090909838,0.0007969546954693364,True,False,False
parity,17600,0.9875,0.00037878787878786735,0.000403165316531233,True,False,False
parity,17700,0.990625,0.00047348484848486194,0.0005175517551749471,True,False,False
parity,17800,0.990625,0.00018939393939376714,0.00025690069006821216,True,False,False
parity,17900,0.971875,-0.0007575757575758457,-0.0010951095109518448,True,False,False
parity,18000,0.990625,-0.0004734848484846399,-0.0009563456345644746,True,False,False
parity,18100,0.990625,-0.0005681818181818565,-0.0006244374437451807,True,False,False
parity,18200,0.990625,-0.0004734848484847509,-0.00013688868887020122,True,False,False
parity,18300,0.9875,0.0,-0.00024752475247570257,True,False,False
parity,18400,0.990625,-0.00037878787878797837,-0.0005625562556259063,True,False,False
parity,18500,0.9875,-9.469696969688357e-05,9.563456345559497e-05,True,False,False
parity,18600,0.9875,0.0003787878787877563,0.000283153315331207,True,False,False
parity,18700,0.990625,0.0005681818181816345,0.0005119261926191004,True,False,False
parity,18800,0.990625,0.00037878787878786735,0.0007557005700562802,True,False,False
parity,18900,0.990625,-0.00028409090909087276,-0.0002156465646568609,True,False,False
parity,19000,0.990625,9.469696969710562e-05,6.188118811880939e-05,True,False,False
parity,19100,0.990625,0.00028409090909087276,0.00030190519051855123,True,False,False
parity,19200,0.990625,0.0003787878787877563,0.0005644314431441603,True,False,False
parity,19300,0.990625,0.00037878787878786735,0.00046317131713147843,True,False,False
parity,19400,0.990625,0.00047348484848486194,0.0006506900690064706,True,False,False
parity,19500,0.990625,0.00047348484848486194,0.0008963396339629892,True,False,False
parity,19600,0.990625,0.0009469696969697239,0.0013932643264318732,True,False,False
parity,19700,0.990625,0.00047348484848486194,0.0007894539453939956,True,False,False
parity,19800,0.990625,0.0005681818181819676,0.0008607110711065547,True,False,False
parity,19900,0.990625,0.00047348484848486194,0.0006900690069001879,True,False,False
parity,20000,0.990625,0.00047348484848486194,0.0004631713171308585,True,False,False
parity,20100,0.990625,9.469696969688357e-05,7.313231323127791e-05,True,False,False
parity,20200,0.990625,-9.469696969710562e-05,-5.625562556776762e-06,True,False,False
parity,20300,0.990625,-0.0005681818181819676,-0.0006938193819382457,True,False,False
parity,20400,0.990625,-0.00037878787878797837,-0.0008175817581766395,True,False,False
parity,20500,0.990625,-0.0005681818181819676,-0.0008438343834393244,True,False,False
parity,20600,0.996875,-0.00018939393939398919,-3.3753375338490574e-05,True,False,False
parity,20700,0.9875,-9.469696969710562e-05,-0.00020064506450757452,True,False,False
parity,20800,0.990625,9.469696969710562e-05,3.375337533694058e-05,True,False,False
parity,20900,0.990625,0.00047348484848486194,0.0005944344434436629,True,False,False
parity,21000,0.990625,0.00018939393939398919,0.0004387938793870475,True,False,False
parity,21100,0.990625,0.00037878787878797837,0.00038253825382423987,True,False,False
parity,21200,0.990625,0.00037878787878797837,0.0005044254425432947,True,False,False
parity,21300,0.990625,9.469696969688357e-05,0.00024377437743733474,True,False,False
parity,21400,0.990625,0.00018939393939398919,0.0004612961296127595,True,False,False
parity,21500,0.990625,-0.00018939393939398919,-0.00013876387638814513,True,False,False
parity,21600,0.990625,-9.469696969688357e-05,-0.00036003600360100783,True,False,False
parity,21700,0.990625,-0.00028409090909087276,-0.0003131563156321048,True,False,False
parity,21800,0.996875,0.00018939393939398919,0.0005344284428435725,True,False,False
parity,21900,0.990625,0.0008522727272728403,0.00125075007500691,True,False,False
parity,22000,0.990625,0.0008522727272726183,0.0010857335733559252,True,False,False
parity,22100,0.990625,0.00047348484848486194,0.0007350735073499069,True,False,False
parity,22200,0.990625,9.469696969710562e-05,0.00022127212721177766,True,False,False
parity,22300,0.99375,9.469696969688357e-05,5.625562556172263e-05,True,False,False
parity,22400,0.99375,0.00037878787878797837,0.000592559255924944,True,False,False
parity,22500,0.99375,0.00028409090909087276,0.0004669216921690713,True,False,False
parity,22600,0.99375,0.00018939393939398919,0.00032815781578092614,True,False,False
parity,22700,0.99375,0.0005681818181817455,0.0010444794479437989,True,False,False
parity,22800,0.996875,0.0017045454545456806,0.0025015001500147504,True,False,False
parity,22900,1.0,0.0035037878787879118,0.005136138613860559,True,False,False
parity,23000,0.99375,0.0029356060606060552,0.0044404440444035945,True,False,False
parity,23100,0.990625,0.0019886363636365534,0.002366486648664663,True,False,False
parity,23200,0.99375,0.0005681818181817455,0.0013088808880887468,True,False,False
parity,23300,0.99375,9.469696969688357e-05,0.000568181818181753,True,False,False
parity,23400,0.990625,-0.00047348484848486194,-0.0011757425742583085,True,False,False
parity,23500,0.990625,-0.0015151515151516914,-0.0028071557155713595,True,False,False
parity,23600,0.99375,-0.0031249999999999334,-0.003724122412241652,True,False,False
parity,23700,0.996875,-0.0024621212121211933,-0.0031878187818784303,True,False,False
parity,23800,0.99375,-0.001136363636363713,-0.002246474647464327,True,False,False
parity,23900,0.990625,0.0006628787878788511,0.0008963396339626791,True,False,False
parity,24000,0.990625,0.0002840909090910948,0.0005625562556249763,True,False,False
parity,24100,0.990625,0.0008522727272728403,0.0014663966396631512,True,False,False
parity,24200,0.996875,0.0023674242424243097,0.0033509600960088368,True,False,False
parity,24300,0.99375,0.003693181818181679,0.005087383738372782,True,False,False
parity,24400,0.99375,0.0019886363636363313,0.003146564656465064,True,False,False
parity,24500,0.990625,0.0018939393939392257,0.0024321182118210655,True,False,False
parity,24600,1.0,0.0014204545454545858,0.0028090309030896136,True,False,False
parity,24700,1.0,0.0031249999999999334,0.004882988298829319,True,False,False
parity,24800,1.0,0.0035984848484847953,0.005072382238222566,True,False,False
parity,24900,0.996875,0.0029356060606060552,0.004262301230122662,True,False,False
parity,25000,0.996875,0.0009469696969699459,0.0016107860786079183,True,False,False
parity,25100,0.990625,0.001136363636363491,0.001397014701469466,True,False,False
parity,25200,1.0,0.001609848484848464,0.0017626762676267857,True,False,False
parity,25300,0.996875,0.0010416666666668295,0.0015001500150010217,True,False,False
parity,25400,0.99375,-0.001136363636363713,-0.0006731923192326477,True,False,False
parity,25500,1.0,-0.0008522727272726183,-0.0009863486348638223,True,False,False
parity,25600,0.996875,-0.0004734848484846399,-0.0005719321932199658,True,False,False
parity,25700,0.99375,0.0009469696969695018,0.0009807230723070457,True,False,False
parity,25800,0.99375,0.0009469696969697239,0.0005288028802874156,True,False,False
parity,25900,0.996875,-0.00028409090909087276,0.0003975397539744562,True,False,False
parity,26000,0.996875,-9.469696969688357e-05,5.625562556311763e-06,True,False,False
parity,26100,0.996875,-9.469696969710562e-05,-0.0007538253825388013,True,False,False
parity,26200,0.99375,-0.0005681818181817455,-0.0005644314431441603,True,False,False
parity,26300,0.996875,-0.0014204545454545858,-0.0017139213921388537,True,False,False
parity,26400,0.996875,-0.0009469696969695018,-0.0015526552655274765,True,False,False
parity,26500,0.996875,-9.469696969688357e-05,-0.0003506600660074132,True,False,False
parity,26600,1.0,0.0007575757575757347,0.0012019951995194433,True,False,False
parity,26700,0.996875,0.0012310606060605966,0.0017551755175506702,True,False,False
parity,26800,0.996875,0.0009469696969697239,0.0015039003900381496,True,False,False
parity,26900,0.996875,0.001136363636363491,0.0016070357035697052,True,False,False
parity,27000,0.996875,0.0012310606060605966,0.00182455745574513,True,False,False
parity,27100,0.996875,0.0010416666666666075,0.0012094959495943189,True,False,False
parity,27200,0.996875,0.0008522727272728403,0.0014551455145500626,True,False,False
parity,27300,0.996875,0.0005681818181817455,0.0012376237623763428,True,False,False
parity,27400,0.996875,0.00018939393939398919,0.00010501050104949958,True,False,False
parity,27500,0.996875,0.00028409090909087276,0.00039003900389896054,True,False,False
parity,27600,1.0,-0.00018939393939398919,9.938493849303282e-05,True,False,False
parity,27700,0.996875,0.0005681818181819676,0.0006769426942693105,True,False,False
parity,27800,0.996875,0.0008522727272728403,0.0011307380738070393,True,False,False
parity,27900,0.996875,0.0008522727272728403,0.001141989198919508,True,False,False
parity,28000,0.996875,0.00028409090909087276,0.0008925892589255514,True,False,False
parity,28100,0.996875,0.00037878787878797837,0.0003825382538247049,True,False,False
parity,28200,1.0,0.00018939393939376714,3.562856285534949e-05,True,False,False
parity,28300,1.0,0.0008522727272726183,0.0014813981398133676,True,False,False
parity,28400,0.996875,0.0005681818181819676,0.0010463546354625179,True,False,False
parity,28500,0.996875,0.0010416666666667185,0.0010182268226820441,True,False,False
parity,28600,1.0,0.00018939393939398919,0.0003244074407439533,True,False,False
parity,28700,1.0,0.0005681818181817455,0.0010894839483944479,True,False,False
parity,28800,0.996875,0.0007575757575757347,0.0010707320732067937,True,False,False
parity,28900,0.996875,0.00047348484848486194,0.0005175517551744822,True,False,False
parity,29000,0.996875,-0.00018939393939398919,-0.00023252325232471117,True,False,False
parity,29100,0.996875,-0.0007575757575757347,-0.0009825982598262297,True,False,False
parity,29200,0.996875,-0.0009469696969697239,-0.001755175517552375,True,False,False
parity,29300,1.0,-0.0008522727272728403,-0.0011888688868893409,True,False,False
parity,29400,0.996875,-0.00047348484848486194,-0.00043316831683166566,True,False,False
parity,29500,0.996875,-0.0007575757575757347,-0.001186993699370157,True,False,False
parity,29600,0.996875,0.0,-0.00028127812781341815,True,False,False
parity,29700,0.996875,9.469696969688357e-05,0.00045379537953757384,True,False,False
parity,29800,0.996875,0.0005681818181817455,0.0005438043804371671,True,False,False
parity,29900,0.996875,0.0005681818181819676,0.0008269576957688392,True,False,False
parity,30000,0.996875,9.469696969688357e-05,0.0004894239423936983,True,False,False
parity_10,100,0.496875,-0.013541666666666619,-0.23106060606060452,False,False,False
parity_10,200,0.509375,-0.0005208333333334147,-0.008928571428570457,False,False,False
parity_10,300,0.509375,0.00374999999999992,0.00973303670745358,False,False,False
parity_10,400,0.490625,-0.0007211538461538991,-0.0067424953095686765,False,False,False
parity_10,500,0.496875,-0.0005859374999999112,-0.004621848739495479,False,False,False
parity_10,600,0.48125,-0.005156249999999918,-0.017183592664628503,False,False,False
parity_10,700,0.5125,-0.00611413043478265,-0.012203656722946356,False,False,False
parity_10,800,0.509375,-0.005528846153846134,-0.005841977262072495,False,False,False
parity_10,900,0.496875,-0.0009375000000000355,-0.0014610857307483117,False,False,False
parity_10,1000,0.515625,0.0018939393939394478,0.0016782928292822642,False,False,False
parity_10,1100,0.5125,0.0023674242424241987,0.0026158865886586197,False,False,False
parity_10,1200,0.525,0.004734848484848508,0.009240924092409127,True,False,False
parity_10,1300,0.496875,0.008428030303030132,0.010199144914491313,False,False,False
parity_10,1400,0.496875,0.0064393939393940225,0.006068106810680836,False,False,False
parity_10,1500,0.503125,0.003219696969696928,0.005634938493849247,False,False,False
parity_10,1600,0.484375,-0.00037878787878786735,0.002229597959795547,False,False,False
parity_10,1700,0.478125,-0.002746212121212066,-0.004824857485748956,False,False,False
parity_10,1800,0.515625,9.469696969699459e-05,-0.0011832433243328742,False,False,False
parity_10,1900,0.525,-0.0008522727272727293,0.003161566156615281,True,False,False
parity_10,2000,0.49375,0.005113636363636376,0.007270102010200899,False,False,False
parity_10,2100,0.509375,0.006344696969696972,0.0074444944494444715,False,False,False
parity_10,2200,0.51875,0.009090909090909038,0.013315706570656642,False,False,False
parity_10,2300,0.4875,0.004166666666666652,0.004425442544254076,False,False,False
parity_10,2400,0.534375,0.004450757575757636,0.006655040504050087,True,False,False
parity_10,2500,0.50625,0.006723484848484951,0.012246849684968334,False,False,False
parity_10,2600,0.478125,0.010984848484848486,0.014343309330933134,False,True,False
parity_10,2700,0.58125,0.01041666666666674,0.012454995499549544,True,True,True
parity_10,2800,0.5,0.007575757575757569,0.018189318931892833,False,False,False
parity_10,2900,0.51875,0.011363636363636354,0.016415391539153577,False,True,False
parity_10,3000,0.55,0.017045454545454475,0.02086146114611403,True,True,True
parity_10,3100,0.5625,0.012026515151515094,0.022220972097209194,True,True,True
parity_10,3200,0.553125,0.017897727272727204,0.02821969696969673,True,True,True
parity_10,3300,0.5125,0.01392045454545443,0.02605198019801976,False,True,False
parity_10,3400,0.546875,0.01647727272727273,0.020606435643563837,True,True,True
parity_10,3500,0.534375,0.021117424242424243,0.025358160816081436,True,True,True
parity_10,3600,0.559375,0.0035037878787878007,0.010844209420942169,True,False,False
parity_10,3700,0.525,0.0014204545454543638,-0.0016295379537954948,True,False,False
parity_10,3800,0.603125,0.003882575757575668,0.0072007200720072915,True,False,False
parity_10,3900,0.546875,0.0037878787878788955,0.011706795679567521,True,False,False
parity_10,4000,0.625,0.022443181818181834,0.036037353735373166,True,True,True
parity_10,4100,0.59375,0.036742424242424354,0.055423042304230674,True,True,True
parity_10,4200,0.578125,0.05615530303030314,0.0854391689168916,True,True,True
parity_10,4300,0.703125,0.08238636363636376,0.1224066156615661,True,True,True
parity_10,4400,0.678125,0.11164772727272743,0.1610373537353733,True,True,True
parity_10,4500,0.715625,0.1371212121212121,0.20748574857485727,True,True,True
parity_10,4600,0.70625,0.15710227272727273,0.2310493549354932,True,True,True
parity_10,4700,0.825,0.1658143939393939,0.24726597659765928,True,True,True
parity_10,4800,0.78125,0.17746212121212124,0.2677786528652862,True,True,True
parity_10,4900,0.83125,0.19090909090909092,0.28656990699069845,True,True,True
parity_10,5000,0.8625,0.20909090909090922,0.30547742274227424,True,True,True
parity_10,5100,0.8875,0.20492424242424234,0.3047892289228918,True,True,True
parity_10,5200,0.921875,0.19763257575757587,0.2973391089108912,True,True,True
parity_10,5300,0.9,0.18721590909090902,0.27236723672367197,True,True,True
parity_10,5400,0.934375,0.17575757575757567,0.25886588658865806,True,True,True
parity_10,5500,0.94375,0.16022727272727288,0.2378056555655561,True,True,True
parity_10,5600,0.94375,0.134848484848485,0.20290654065406502,True,True,True
parity_10,5700,0.94375,0.1154356060606061,0.17421054605460515,True,True,True
parity_10,5800,0.96875,0.09469696969696972,0.14233048304830415,True,True,True
parity_10,5900,0.95,0.07774621212121202,0.1162316231623154,True,True,True
parity_10,6000,0.965625,0.06325757575757585,0.09343496849684897,True,True,True
parity_10,6100,0.965625,0.0456439393939394,0.06954507950795048,True,True,True
parity_10,6200,0.96875,0.03342803030303032,0.05128262826282576,True,True,True
parity_10,6300,0.953125,0.02367424242424232,0.0334645964596447,True,True,True
parity_10,6400,0.965625,0.016856060606060597,0.024253675367536306,True,True,True
parity_10,6500,0.9625,0.008712121212121282,0.01490961596159578,True,False,False
parity_10,6600,0.95625,0.002083333333333437,0.004378562856285561,True,False,False
parity_10,6700,0.96875,0.0024621212121210823,0.0038403840384037746,True,False,False
parity_10,6800,0.984375,0.006155303030302872,0.010285403540354012,True,False,False
parity_10,6900,0.990625,0.012500000000000067,0.020563306330632837,True,True,True
parity_10,7000,0.9875,0.021117424242424243,0.03012676267626766,True,True,True
parity_10,7100,0.990625,0.02556818181818199,0.036914941494149194,True,True,True
parity_10,7200,0.990625,0.02907196969696957,0.04188981398139791,True,True,True
parity_10,7300,0.990625,0.027840909090909194,0.040997224722470964,True,True,True
parity_10,7400,0.990625,0.025189393939394122,0.036419891989198254,True,True,True
parity_10,7500,0.984375,0.01865530303030316,0.02805843084308365,True,True,True
parity_10,7600,0.990625,0.011647727272727226,0.018056180618061,True,True,True
parity_10,7700,0.990625,0.004829545454545392,0.008258325832582123,True,False,False
parity_10,7800,0.990625,0.0012310606060605966,0.00234585958595829,True,False,False
parity_10,7900,0.990625,0.0009469696969697239,0.0011738673867381945,True,False,False
parity_10,8000,0.990625,9.469696969688357e-05,0.00023627362736199404,True,False,False
parity_10,8100,0.990625,9.469696969710562e-05,0.00023064806480707726,True,False,False
parity_10,8200,0.990625,0.00047348484848486194,0.0005400540053994192,True,False,False
parity_10,8300,0.990625,0.00018939393939398919,0.0002062706270618713,True,False,False
parity_10,8400,0.990625,0.0007575757575756237,0.0010313531353126114,True,False,False
parity_10,8500,0.990625,0.0003787878787876453,0.0006488148814875966,True,False,False
parity_10,8600,0.990625,0.0002840909090909838,0.0006356885688553242,True,False,False
parity_10,8700,0.990625,0.0004734848484847509,0.0006375637563746632,True,False,False
parity_10,8800,0.990625,9.469696969688357e-05,5.250525052459478e-05,True,False,False
parity_10,8900,0.990625,0.00018939393939398919,0.00040316531653045797,True,False,False
parity_10,9000,0.990625,9.469696969699459e-05,0.00016689168916846395,True,False,False
parity_10,9100,0.990625,0.0,3.7503750369728417e-06,True,False,False
parity_10,9200,0.990625,0.00018939393939398919,0.000378787878786802,True,False,False
parity_10,9300,0.990625,0.0,-4.875487548824195e-05,True,False,False
parity_10,9400,0.990625,0.00018939393939398919,0.0002512751275126754,True,False,False
parity_10,9500,0.990625,0.00037878787878786735,0.0005513051305132827,True,False,False
parity_10,9600,0.9875,0.00028409090909076173,0.00046129612961182955,True,False,False
parity_10,9700,0.990625,9.469696969688357e-05,3.375337533709557e-05,True,False,False
parity_10,9800,0.990625,-9.469696969710562e-05,-7.1257125713489e-05,True,False,False
parity_10,9900,0.990625,-0.00018939393939398919,-4.687968796952302e-05,True,False,False
parity_10,10000,0.990625,-9.469696969710562e-05,-0.0003150315031512887,True,False,False
parity_10,10100,0.990625,-0.00028409090909087276,-0.00040129012901359907,True,False,False
parity_10,10200,0.990625,-0.0003787878787877563,-0.0002831533153316721,True,False,False
parity_10,10300,0.9875,0.0,-0.00032815781578139115,True,False,False
parity_10,10400,0.990625,9.469696969710562e-05,9.375937593284605e-06,True,False,False
parity_10,10500,0.990625,9.469696969710562e-05,0.0003469096909688904,True,False,False
parity_10,10600,0.990625,0.00037878787878786735,0.0004950495049493901,True,False,False
parity_10,10700,0.990625,0.00018939393939398919,0.00018189318931837034,True,False,False
parity_10,10800,0.990625,0.00028409090909087276,0.00044441944194351427,True,False,False
parity_10,10900,0.990625,0.00037878787878786735,0.0007069456945692781,True,False,False
parity_10,11000,0.990625,9.469696969710562e-05,0.0001256375637563377,True,False,False
parity_10,11100,0.990625,9.469696969688357e-05,0.00010501050104903458,True,False,False
parity_10,11200,0.990625,-9.469696969688357e-05,-9.375937593842604e-05,True,False,False
parity_10,11300,0.99375,0.00037878787878797837,0.0007088208820881521,True,False,False
parity_10,11400,0.990625,0.00047348484848486194,0.0006525652565253445,True,False,False
parity_10,11500,0.990625,0.0005681818181819676,0.0005775577557753476,True,False,False
parity_10,11600,0.990625,0.00037878787878797837,0.00052130213021223,True,False,False
parity_10,11700,0.990625,0.0007575757575757347,0.0013801380138013057,True,False,False
parity_10,11800,0.996875,0.0015151515151514694,0.0022145964596448652,True,False,False
parity_10,11900,0.990625,0.002272727272727426,0.0031090609060897556,True,False,False
parity_10,12000,0.990625,0.002083333333333215,0.0032834533453343353,True,False,False
parity_10,12100,0.996875,0.002272727272727426,0.003347209720971709,True,False,False
parity_10,12200,0.99375,0.0024621212121211933,0.0032140714071398754,True,False,False
parity_10,12300,0.99375,0.0028409090909091717,0.004933618361835661,True,False,False
parity_10,12400,0.996875,0.003219696969697039,0.004417941794178658,True,False,False
parity_10,12500,1.0,0.003409090909090806,0.005348034803479828,True,False,False
parity_10,12600,1.0,0.003977272727272774,0.006405640564055898,True,False,False
parity_10,12700,1.0,0.004829545454545392,0.006917566756674689,True,False,False
parity_10,12800,1.0,0.005303030303030365,0.007436993699368975,True,False,False
parity_10,12900,1.0,0.004166666666666763,0.006188118811881093,True,False,False
parity_10,13000,1.0,0.004166666666666652,0.006099984998499754,True,False,False
parity_10,13100,1.0,0.003409090909091028,0.004882988298829319,True,False,False
parity_10,13200,1.0,0.002746212121211955,0.0036641164116406316,True,False,False
parity_10,13300,1.0,0.0014204545454544748,0.0025746324632454085,True,False,False
parity_10,13400,1.0,0.00018939393939421123,0.0009675967596755482,True,False,False
parity_10,13500,0.996875,0.0005681818181819676,0.0008382088208811526,True,False,False
parity_10,13600,1.0,0.0013257575757575912,0.0016632913291322027,True,False,False
parity_10,13700,1.0,0.0010416666666666075,0.001610786078607453,True,False,False
parity_10,13800,1.0,0.0004734848484846399,0.0009582208220819536,True,False,False
parity_10,13900,1.0,0.0,-9.00090009011432e-05,True,False,False
parity_10,14000,1.0,-0.00018939393939398919,0.00017814281428124248,True,False,False
parity_10,14100,1.0,0.0007575757575759567,0.0008063306330621559,True,False,False
parity_10,14200,1.0,0.0003787878787877563,0.00037128712871239137,True,False,False
parity_10,14300,1.0,0.00018939393939398919,0.00026627662766196176,True,False,False
parity_10,14400,1.0,0.00028409090909087276,8.625862586277536e-05,True,False,False
parity_10,14500,0.99375,0.0003787878787877563,-0.0001443894389450769,True,False,False
parity_10,14600,1.0,-0.00028409090909087276,-0.00027377737773776745,True,False,False
parity_10,14700,1.0,0.00018939393939376714,0.000570057005701247,True,False,False
parity_10,14800,1.0,-0.00047348484848486194,-0.00018939393939479602,True,False,False
parity_10,14900,1.0,0.00018939393939398919,-0.00022502250225092047,True,False,False
parity_10,15000,0.996875,-0.00018939393939376714,-0.00023064806480738726,True,False,False
parity_10,15100,0.996875,9.469696969710562e-05,0.0001875187518742171,True,False,False
parity_10,15200,1.0,0.0005681818181817455,0.0004800480047997937,True,False,False
parity_10,15300,0.996875,0.0008522727272728403,0.0013651365136507795,True,False,False
parity_10,15400,1.0,0.0003787878787877563,0.0005606810681067224,True,False,False
parity_10,15500,1.0,-0.00018939393939398919,-0.00038816381638210164,True,False,False
parity_10,15600,0.996875,-0.001136363636363491,-0.001560156015602352,True,False,False
parity_10,15700,0.996875,-0.0014204545454544748,-0.001976447644765238,True,False,False
parity_10,15800,1.0,-0.0008522727272727293,-0.0014326432643271406,True,False,False
parity_10,15900,0.996875,-0.0014204545454544748,-0.00192019201920274,True,False,False
parity_10,16000,0.996875,-0.0013257575757577023,-0.0017195469546964054,True,False,False
parity_10,16100,1.0,-0.0006628787878788511,-0.001113861386138879,True,False,False
parity_10,16200,1.0,0.0,-0.00015939093909389827,True,False,False
parity_10,16300,1.0,0.0010416666666666075,0.0012976297629758132,True,False,False
parity_10,16400,1.0,0.001609848484848464,0.002323357335732578,True,False,False
parity_10,16500,1.0,0.0017045454545455696,0.0025483798379825682,True,False,False
parity_10,16600,0.996875,0.0015151515151514694,0.0020627062706267732,True,False,False
parity_10,16700,1.0,0.001136363636363713,0.0015901590159007697,True,False,False
parity_10,16800,0.996875,0.0005681818181817455,0.0011344884488444771,True,False,False
parity_10,16900,1.0,0.0003787878787877563,0.000592559255924789,True,False,False
parity_10,17000,0.996875,2.220446049250313e-16,-0.00011813681368146202,True,False,False
parity_10,17100,1.0,-9.469696969710562e-05,-0.00011251125112546024,True,False,False
parity_10,17200,1.0,-0.00018939393939376714,-0.00016689168916923894,True,False,False
parity_10,17300,1.0,-0.00037878787878797837,-0.0006600660066011501,True,False,False
parity_10,17400,1.0,0.00018939393939398919,0.0002400240023997419,True,False,False
parity_10,17500,0.996875,0.00018939393939398919,0.00018564356435580816,True,False,False
parity_10,17600,1.0,0.0,-0.00014626462646317583,True,False,False
parity_10,17700,1.0,-0.00018939393939376714,-0.00040316531653154303,True,False,False
parity_10,17800,0.996875,-0.0007575757575757347,-0.0008194569456955133,True,False,False
parity_10,17900,0.996875,-0.0008522727272728403,-0.0010126012601266623,True,False,False
parity_10,18000,1.0,-0.0006628787878788511,-0.0013820132013204897,True,False,False
parity_10,18100,1.0,-0.0008522727272728403,-0.0008682118211826703,True,False,False
parity_10,18200,1.0,-0.00037878787878797837,-0.00013126312631326948,True,False,False
parity_10,18300,0.996875,-0.0002840909090910948,-0.0009863486348638223,True,False,False
parity_10,18400,1.0,-9.469696969710562e-05,-3.937893789480234e-05,True,False,False
parity_10,18500,1.0,9.469696969688357e-05,0.00041066606660579864,True,False,False
parity_10,18600,1.0,0.0006628787878788511,0.0009450945094509212,True,False,False
parity_10,18700,1.0,0.00047348484848486194,0.0002944044404429006,True,False,False
parity_10,18800,1.0,0.00047348484848486194,0.0009432193219315822,True,False,False
parity_10,18900,0.99375,0.00037878787878797837,0.0008700870086998393,True,False,False
parity_10,19000,0.996875,0.0005681818181819676,0.00027190219021858353,True,False,False
parity_10,19100,1.0,0.0006628787878788511,0.0008175817581755545,True,False,False
parity_10,19200,1.0,0.00037878787878797837,0.0009657215721563643,True,False,False
parity_10,19300,1.0,0.00018939393939376714,0.0004594209420934206,True,False,False
parity_10,19400,1.0,0.00047348484848486194,0.0005006750675060119,True,False,False
parity_10,19500,1.0,0.0002840909090906507,0.0005194269426935111,True,False,False
parity_10,19600,1.0,0.0006628787878786291,0.0010276027602750188,True,False,False
parity_10,19700,1.0,0.00018939393939398919,0.00014251425142480797,True,False,False
parity_10,19800,1.0,0.00047348484848486194,0.0006675667566746309,True,False,False
parity_10,19900,1.0,2.220446049250313e-16,-2.062706270683813e-05,True,False,False
parity_10,20000,1.0,-9.469696969688357e-05,-0.0001443894389453869,True,False,False
parity_10,20100,1.0,-9.469696969688357e-05,1.687668766816029e-05,True,False,False
parity_10,20200,1.0,9.469696969688357e-05,0.00010688568856837349,True,False,False
parity_10,20300,0.996875,0.0,-0.00023064806480614726,True,False,False
parity_10,20400,1.0,-0.00018939393939398919,-0.0002737773777374574,True,False,False
parity_10,20500,1.0,-0.00037878787878797837,-0.00030190519051932627,True,False,False
parity_10,20600,1.0,-0.00028409090909087276,-0.00039566456645682226,True,False,False
parity_10,20700,1.0,-0.00018939393939398919,-0.00045567056705675776,True,False,False
parity_10,20800,1.0,-0.00018939393939398919,-5.813081308183655e-05,True,False,False
parity_10,20900,1.0,-0.00047348484848486194,-0.0006413141314131859,True,False,False
parity_10,21000,1.0,-0.00028409090909087276,-0.0003412841284139736,True,False,False
parity_10,21100,1.0,-0.00018939393939398919,-0.0004856735673571905,True,False,False
parity_10,21200,0.996875,-0.00047348484848486194,-0.0008138313831390466,True,False,False
parity_10,21300,1.0,-0.0006628787878788511,-0.0007725772577266104,True,False,False
parity_10,21400,0.996875,-0.00028409090909087276,-0.0005869336933697172,True,False,False
parity_10,21500,1.0,-0.0002840909090910948,-0.00036378637863891065,True,False,False
parity_10,21600,1.0,-9.469696969710562e-05,-0.0003487848784883843,True,False,False
parity_10,21700,1.0,2.220446049250313e-16,0.00037128712871285633,True,False,False
parity_10,21800,1.0,0.0005681818181817455,0.0008044554455437471,True,False,False
parity_10,21900,1.0,0.0005681818181819676,0.0005738073807379098,True,False,False
parity_10,22000,1.0,0.0005681818181817455,0.0008044554455443672,True,False,False
parity_10,22100,1.0,-9.469696969688357e-05,0.0002812781278120231,True,False,False
parity_10,22200,1.0,-0.00018939393939398919,-0.00043129312931341183,True,False,False
parity_10,22300,0.996875,-0.00018939393939398919,-0.0005063006300634087,True,False,False
parity_10,22400,0.996875,-0.0005681818181817455,-0.0005700570057014019,True,False,False
parity_10,22500,0.996875,-0.0007575757575757347,-0.0013088808880898318,True,False,False
parity_10,22600,1.0,-0.0011363636363639351,-0.001845184518452123,True,False,False
parity_10,22700,0.996875,-0.0010416666666666075,-0.001277002700270215,True,False,False
parity_10,22800,0.996875,-0.00047348484848486194,-0.0007219471947202695,True,False,False
parity_10,22900,0.996875,-0.0005681818181817455,-0.0010313531353144715,True,False,False
parity_10,23000,0.996875,-0.0008522727272728403,-0.0012620012001207737,True,False,False
parity_10,23100,0.996875,-0.001136363636363602,-0.0013351335133511217,True,False,False
parity_10,23200,0.996875,-0.0008522727272727293,-0.0014626462646275733,True,False,False
parity_10,23300,0.996875,-0.0009469696969693908,-0.0015207770777072398,True,False,False
parity_10,23400,0.996875,-0.001136363636363602,-0.0016576657665768211,True,False,False
parity_10,23500,0.996875,-0.0013257575757573692,-0.0017664266426646884,True,False,False
parity_10,23600,0.996875,-0.0014204545454546968,-0.0018826882688272764,True,False,False
parity_10,23700,1.0,-0.0007575757575756237,-0.0012845034503454007,True,False,False
parity_10,23800,0.996875,-0.0003787878787877563,-0.0006300630063010275,True,False,False
parity_10,23900,0.996875,-0.0002840909090910948,-0.0003975397539763162,True,False,False
parity_10,24000,0.996875,0.0,-0.00020814581458167525,True,False,False
parity_10,24100,0.996875,0.0002840909090910948,0.0005869336933690973,True,False,False
parity_10,24200,0.996875,9.469696969710562e-05,0.00010876087608693741,True,False,False
parity_10,24300,0.996875,0.00018939393939398919,0.0002250225022498355,True,False,False
parity_10,24400,0.996875,-0.00018939393939376714,2.0627062706063128e-05,True,False,False
parity_10,24500,0.996875,-0.00028409090909087276,-0.0006263126312634345,True,False,False
parity_10,24600,0.996875,-0.00018939393939398919,-0.000570057005701092,True,False,False
parity_10,24700,0.996875,-0.0007575757575757347,-0.001018226822682664,True,False,False
parity_10,24800,0.996875,-0.0006628787878788511,-0.0005175517551760322,True,False,False
parity_10,24900,1.0,-0.00018939393939398919,-0.0002437743774384197,True,False,False
parity_10,25000,1.0,0.0006628787878788511,0.001115736573656668,True,False,False
parity_10,25100,0.996875,0.0012310606060604856,0.0019014401440138457,True,False,False
parity_10,25200,1.0,0.0012310606060607077,0.0013201320132015253,True,False,False
parity_10,25300,1.0,0.0013257575757573692,0.0022408490849081704,True,False,False
parity_10,25400,0.996875,0.0015151515151515804,0.0023177317731767314,True,False,False
parity_10,25500,1.0,0.001136363636363713,0.001136363636363041,True,False,False
parity_10,25600,0.996875,0.0010416666666664964,0.0017382988298825096,True,False,False
parity_10,25700,1.0,0.00018939393939376714,0.001089483948394293,True,False,False
parity_10,25800,0.99375,0.0009469696969697239,0.0009900990099004853,True,False,False
parity_10,25900,1.0,0.00047348484848486194,0.000403165316530923,True,False,False
parity_10,26000,0.996875,0.0008522727272728403,0.001612661266126792,True,False,False
parity_10,26100,1.0,0.0012310606060604856,0.002042079207920245,True,False,False
parity_10,26200,1.0,0.0017045454545454586,0.0019820732073195344,True,False,False
parity_10,26300,1.0,0.0017045454545454586,0.0026702670267020885,True,False,False
parity_10,26400,0.984375,0.00018939393939398919,4.1254125412281256e-05,True,False,False
parity_10,26500,1.0,-0.0007575757575759567,-0.001513276327633604,True,False,False
parity_10,26600,1.0,-0.0006628787878788511,-0.0005400540054014342,True,False,False
parity_10,26700,1.0,-0.0006628787878788511,-4.687968796998802e-05,True,False,False
parity_10,26800,1.0,0.00028409090909087276,-0.0002625262526262289,True,False,False
parity_10,26900,1.0,-0.00037878787878797837,-0.0005494299429948739,True,False,False
parity_10,27000,1.0,-0.0005681818181819676,6.938193819337507e-05,True,False,False
parity_10,27100,1.0,0.001136363636363713,0.0007875787578752767,True,False,False
parity_10,27200,1.0,0.0013257575757574802,0.001353885388537536,True,False,False
parity_10,27300,1.0,0.0014204545454545858,0.0023289828982891994,True,False,False
parity_10,27400,1.0,0.00028409090909087276,0.0010051005100503916,True,False,False
parity_10,27500,1.0,0.00047348484848486194,0.0004669216921690713,True,False,False
parity_10,27600,1.0,0.0005681818181819676,0.0006488148814879066,True,False,False
parity_10,27700,1.0,9.469696969710562e-05,0.00020064506450617956,True,False,False
parity_10,27800,1.0,-0.00028409090909087276,-0.00026252625262483393,True,False,False
parity_10,27900,1.0,-0.0003787878787877563,-0.0004594209420951256,True,False,False
parity_10,28000,1.0,9.469696969710562e-05,-0.00012188718871936485,True,False,False
parity_10,28100,0.996875,-0.00018939393939376714,-0.0003225322532250794,True,False,False
parity_10,28200,1.0,-0.00018939393939398919,-0.0002887788778879838,True,False,False
parity_10,28300,1.0,-0.00018939393939398919,8.625862586200035e-05,True,False,False
parity_10,28400,1.0,0.00028409090909087276,0.0002944044404439856,True,False,False
parity_10,28500,1.0,0.00037878787878797837,0.0003844134413432688,True,False,False
parity_10,28600,1.0,9.469696969688357e-05,0.0003337833783377029,True,False,False
parity_10,28700,1.0,-0.0002840909090910948,-0.00019314431443145886,True,False,False
parity_10,28800,1.0,0.00018939393939398919,0.0001443894389439919,True,False,False
parity_10,28900,1.0,0.0,-0.00019314431443192382,True,False,False
parity_10,29000,1.0,0.0,0.00021939693969398873,True,False,False
parity_10,29100,1.0,-9.469696969688357e-05,4.50045004497191e-05,True,False,False
parity_10,29200,1.0,0.00037878787878797837,0.0003450345034498614,True,False,False
parity_10,29300,1.0,0.00047348484848486194,0.0006450645064498487,True,False,False
parity_10,29400,0.996875,0.0002840909090910948,0.0005513051305132827,True,False,False
parity_10,29500,0.996875,9.469696969710562e-05,-9.563456345652497e-05,True,False,False
parity_10,29600,1.0,-0.00047348484848486194,-0.0008344584458452648,True,False,False
parity_10,29700,1.0,-0.00047348484848486194,-0.0004219171917196622,True,False,False
parity_10,29800,1.0,-0.00028409090909087276,-9.375937594369605e-06,True,False,False
parity_10,29900,1.0,0.0,-0.00026252625262483393,True,False,False
parity_10,30000,1.0,-0.00018939393939398919,-0.00031128112811385086,True,False,False
Majority_10,100,0.709375,0.16770833333333335,2.407196969696972,True,False,False
Majority_10,200,0.715625,0.08697916666666672,0.7058270676691734,True,True,True
Majority_10,300,0.715625,0.06093750000000009,0.35622914349276974,True,True,True
Majority_10,400,0.696875,0.03629807692307696,0.16841580675422105,True,True,True
Majority_10,500,0.665625,0.012109375000000089,0.056767707082834074,True,True,True
Majority_10,600,0.63125,-0.018124999999999947,-0.03217039455404166,True,False,False
Majority_10,700,0.65625,-0.039673913043478226,-0.06792384743242028,True,False,False
Majority_10,800,0.64375,-0.054086538461538436,-0.08445777660571886,True,False,False
Majority_10,900,0.740625,-0.051562499999999956,-0.06921636416018358,True,False,False
Majority_10,1000,0.7625,-0.019791666666666763,-0.008117686768677196,True,False,False
Majority_10,1100,0.759375,0.009090909090909038,0.02492874287428721,True,False,False
Majority_10,1200,0.76875,0.06278409090909098,0.08230948094809423,True,True,True
Majority_10,1300,0.790625,0.1020833333333333,0.14299804980497988,True,True,True
Majority_10,1400,0.796875,0.13124999999999987,0.19413816381638105,True,True,True
Majority_10,1500,0.815625,0.15833333333333333,0.22638201320131973,True,True,True
Majority_10,1600,0.8375,0.1588068181818182,0.2277096459645959,True,True,True
Majority_10,1700,0.834375,0.13418560606060603,0.20643376837683755,True,True,True
Majority_10,1800,0.834375,0.10170454545454544,0.15838583858385788,True,True,True
Majority_10,1900,0.825,0.07073863636363642,0.10294404440443992,True,True,True
Majority_10,2000,0.8625,0.06335227272727273,0.09471197119711887,True,True,True
Majority_10,2100,0.875,0.0613636363636364,0.09455445544554424,True,True,True
Majority_10,2200,0.878125,0.058238636363636354,0.08687556255625517,True,True,True
Majority_10,2300,0.89375,0.05710227272727264,0.08674804980498049,True,True,True
Majority_10,2400,0.90625,0.05833333333333335,0.08889513951395056,True,True,True
Majority_10,2500,0.915625,0.0626893939393941,0.09358498349835004,True,True,True
Majority_10,2600,0.9375,0.06657196969696966,0.09798979897989736,True,True,True
Majority_10,2700,0.921875,0.06960227272727282,0.1047442244224421,True,True,True
Majority_10,2800,0.95625,0.07367424242424236,0.10751387638763871,True,True,True
Majority_10,2900,0.9625,0.07291666666666663,0.10815519051905141,True,True,True
Majority_10,3000,0.953125,0.07045454545454555,0.10614123912391189,True,True,True
Majority_10,3100,0.9625,0.06666666666666654,0.09445694569456922,True,True,True
Majority_10,3200,0.946875,0.056060606060606144,0.08387151215121476,True,True,True
Majority_10,3300,0.9875,0.053030303030303094,0.08005175517551705,True,True,True
Majority_10,3400,0.9875,0.04782196969696961,0.07329732973297293,True,True,True
Majority_10,3500,0.990625,0.044318181818182034,0.06511401140113925,True,True,True
Majority_10,3600,0.978125,0.035700757575757636,0.05265714071407121,True,True,True
Majority_10,3700,0.9875,0.02840909090909083,0.04471009600960092,True,True,True
Majority_10,3800,0.984375,0.02386363636363642,0.03655115511551091,True,True,True
Majority_10,3900,0.9875,0.02604166666666674,0.03662241224122362,True,True,True
Majority_10,4000,0.990625,0.02357954545454566,0.035251650165015906,True,True,True
Majority_10,4100,0.99375,0.017424242424242453,0.02700082508250789,True,True,True
Majority_10,4200,0.99375,0.01581439393939399,0.022972922292228498,True,True,True
Majority_10,4300,0.996875,0.014583333333333393,0.02086708670867057,True,True,True
Majority_10,4400,0.996875,0.01477272727272716,0.021335883588358362,True,True,True
Majority_10,4500,1.0,0.01344696969696979,0.02065894089408952,True,False,False
Majority_10,4600,1.0,0.011363636363636465,0.01707358235823508,True,False,False
Majority_10,4700,1.0,0.009185606060606033,0.014041404140412798,True,False,False
Majority_10,4800,1.0,0.00738636363636358,0.010909840984097332,True,False,False
Majority_10,4900,1.0,0.006818181818181834,0.010045379537953338,True,False,False
Majority_10,5000,1.0,0.006155303030302983,0.00888838883888377,True,False,False
Majority_10,5100,1.0,0.004734848484848508,0.007146339633962892,True,False,False
Majority_10,5200,1.0,0.0035037878787879118,0.005318031803179085,True,False,False
Majority_10,5300,1.0,0.0018939393939394478,0.002887788778877513,True,False,False
Majority_10,5400,1.0,0.001136363636363491,0.0017889288928885406,True,False,False
Majority_10,5500,1.0,0.0007575757575759567,0.0013407590759074335,True,False,False
Majority_10,5600,1.0,0.0005681818181817455,0.0008832133213319568,True,False,False
Majority_10,5700,1.0,0.00037878787878797837,0.000521302130212075,True,False,False
Majority_10,5800,1.0,0.00028409090909087276,0.0004706720672063542,True,False,False
Majority_10,5900,1.0,9.469696969688357e-05,0.00016314131413056114,True,False,False
Majority_10,6000,1.0,0.0,-1.550000029690006e-16,True,False,False
Majority_10,6100,1.0,0.0,-1.550000029690006e-16,True,False,False
Majority_10,6200,1.0,0.0,-1.550000029690006e-16,True,False,False
Majority_10,6300,1.0,0.0,-1.550000029690006e-16,True,False,False
Majority_10,6400,1.0,0.0,-1.550000029690006e-16,True,False,False
Majority_10,6500,1.0,0.0,-1.550000029690006e-16,True,False,False
Majority_10,6600,1.0,0.0,-1.550000029690006e-16,True,False,False
Majority_10,6700,1.0,0.0,-1.550000029690006e-16,True,False,False
Majority_10,6800,1.0,0.0,-1.550000029690006e-16,True,False,False
Majority_10,6900,1.0,0.0,-1.550000029690006e-16,True,False,False
Majority_10,7000,1.0,0.0,-1.550000029690006e-16,True,False,False
Majority_10,7100,1.0,0.0,-1.550000029690006e-16,True,False,False
Majority_10,7200,1.0,0.0,-1.550000029690006e-16,True,False,False
Majority_10,7300,1.0,0.0,-1.550000029690006e-16,True,False,False
Majority_10,7400,1.0,0.0,-1.550000029690006e-16,True,False,False
Majority_10,7500,1.0,0.0,-1.550000029690006e-16,True,False,False
Majority_10,7600,1.0,0.0,-1.550000029690006e-16,True,False,False
Majority_10,7700,1.0,0.0,-1.550000029690006e-16,True,False,False
Majority_10,7800,1.0,0.0,-1.550000029690006e-16,True,False,False
Majority_10,7900,1.0,0.0,-1.550000029690006e-16,True,False,False
Majority_10,8000,1.0,0.0,-1.550000029690006e-16,True,False,False
Majority_10,8100,1.0,0.0,-1.550000029690006e-16,True,False,False
Majority_10,8200,1.0,0.0,-1.550000029690006e-16,True,False,False
Majority_10,8300,1.0,0.0,-1.550000029690006e-16,True,False,False
Majority_10,8400,1.0,0.0,-1.550000029690006e-16,True,False,False
Majority_10,8500,1.0,0.0,-1.550000029690006e-16,True,False,False
Majority_10,8600,1.0,0.0,-1.550000029690006e-16,True,False,False
Majority_10,8700,1.0,0.0,-1.550000029690006e-16,True,False,False
Majority_10,8800,1.0,0.0,-1.550000029690006e-16,True,False,False
Majority_10,8900,1.0,0.0,-1.550000029690006e-16,True,False,False
Majority_10,9000,1.0,0.0,-1.550000029690006e-16,True,False,False
Majority_10,9100,1.0,0.0,-1.550000029690006e-16,True,False,False
Majority_10,9200,1.0,0.0,-1.550000029690006e-16,True,False,False
Majority_10,9300,1.0,0.0,-1.550000029690006e-16,True,False,False
Majority_10,9400,1.0,0.0,-1.550000029690006e-16,True,False,False
Majority_10,9500,1.0,0.0,-1.550000029690006e-16,True,False,False
Majority_10,9600,1.0,0.0,-1.550000029690006e-16,True,False,False
Majority_10,9700,1.0,0.0,-1.550000029690006e-16,True,False,False
Majority_10,9800,1.0,0.0,-1.550000029690006e-16,True,False,False
Majority_10,9900,1.0,0.0,-1.550000029690006e-16,True,False,False
Majority_10,10000,1.0,-9.469696969688357e-05,-0.0001706420642071418,True,False,False
Majority_10,10100,1.0,-9.469696969688357e-05,-0.0001331383138321434,True,False,False
Majority_10,10200,1.0,-9.469696969688357e-05,-9.563456345698997e-05,True,False,False
Majority_10,10300,1.0,0.0,-5.813081308183655e-05,True,False,False
Majority_10,10400,1.0,0.0,-2.062706270714813e-05,True,False,False
Majority_10,10500,1.0,0.0,1.687668766816029e-05,True,False,False
Majority_10,10600,1.0,0.0,5.438043804315871e-05,True,False,False
Majority_10,10700,1.0,9.469696969688357e-05,9.188418841831212e-05,True,False,False
Majority_10,10800,1.0,9.469696969688357e-05,0.00012938793879377553,True,False,False
Majority_10,10900,1.0,9.469696969688357e-05,0.00016689168916877395,True,False,False
Majority_10,11000,1.0,0.0,-1.550000029690006e-16,True,False,False
Majority_10,11100,1.0,0.0,-1.550000029690006e-16,True,False,False
Majority_10,11200,1.0,0.0,-1.550000029690006e-16,True,False,False
Majority_10,11300,1.0,0.0,-1.550000029690006e-16,True,False,False
Majority_10,11400,1.0,0.0,-1.550000029690006e-16,True,False,False
Majority_10,11500,1.0,0.0,-1.550000029690006e-16,True,False,False
Majority_10,11600,1.0,0.0,-1.550000029690006e-16,True,False,False
Majority_10,11700,1.0,0.0,-1.550000029690006e-16,True,False,False
Majority_10,11800,1.0,0.0,-1.550000029690006e-16,True,False,False
Majority_10,11900,1.0,0.0,-1.550000029690006e-16,True,False,False
Majority_10,12000,1.0,0.0,-1.550000029690006e-16,True,False,False
Majority_10,12100,1.0,0.0,-1.550000029690006e-16,True,False,False
Majority_10,12200,1.0,0.0,-1.550000029690006e-16,True,False,False
Majority_10,12300,1.0,0.0,-1.550000029690006e-16,True,False,False
Majority_10,12400,1.0,0.0,-1.550000029690006e-16,True,False,False
Majority_10,12500,1.0,0.0,-1.550000029690006e-16,True,False,False
Majority_10,12600,1.0,0.0,-1.550000029690006e-16,True,False,False
Majority_10,12700,1.0,0.0,-1.550000029690006e-16,True,False,False
Majority_10,12800,1.0,0.0,-1.550000029690006e-16,True,False,False
Majority_10,12900,1.0,0.0,-1.550000029690006e-16,True,False,False
Majority_10,13000,1.0,0.0,-1.550000029690006e-16,True,False,False
Majority_10,13100,1.0,0.0,-1.550000029690006e-16,True,False,False
Majority_10,13200,1.0,0.0,-1.550000029690006e-16,True,False,False
Majority_10,13300,1.0,0.0,-1.550000029690006e-16,True,False,False
Majority_10,13400,1.0,0.0,-1.550000029690006e-16,True,False,False
Majority_10,13500,1.0,0.0,-1.550000029690006e-16,True,False,False
Majority_10,13600,1.0,0.0,-1.550000029690006e-16,True,False,False
Majority_10,13700,1.0,0.0,-1.550000029690006e-16,True,False,False
Majority_10,13800,1.0,0.0,-1.550000029690006e-16,True,False,False
Majority_10,13900,1.0,0.0,-1.550000029690006e-16,True,False,False
Majority_10,14000,1.0,0.0,-1.550000029690006e-16,True,False,False
Majority_10,14100,1.0,0.0,-1.550000029690006e-16,True,False,False
Majority_10,14200,1.0,0.0,-1.550000029690006e-16,True,False,False
Majority_10,14300,1.0,0.0,-1.550000029690006e-16,True,False,False
Majority_10,14400,1.0,0.0,-1.550000029690006e-16,True,False,False
Majority_10,14500,1.0,0.0,-1.550000029690006e-16,True,False,False
Majority_10,14600,1.0,0.0,-1.550000029690006e-16,True,False,False
Majority_10,14700,1.0,0.0,-1.550000029690006e-16,True,False,False
Majority_10,14800,1.0,0.0,-1.550000029690006e-16,True,False,False
Majority_10,14900,1.0,0.0,-1.550000029690006e-16,True,False,False
Majority_10,15000,1.0,0.0,-1.550000029690006e-16,True,False,False
Majority_10,15100,1.0,0.0,-1.550000029690006e-16,True,False,False
Majority_10,15200,1.0,0.0,-1.550000029690006e-16,True,False,False
Majority_10,15300,1.0,0.0,-1.550000029690006e-16,True,False,False
Majority_10,15400,1.0,0.0,-1.550000029690006e-16,True,False,False
Majority_10,15500,1.0,0.0,-1.550000029690006e-16,True,False,False
Majority_10,15600,1.0,0.0,-1.550000029690006e-16,True,False,False
Majority_10,15700,1.0,0.0,-1.550000029690006e-16,True,False,False
Majority_10,15800,1.0,0.0,-1.550000029690006e-16,True,False,False
Majority_10,15900,1.0,0.0,-1.550000029690006e-16,True,False,False
Majority_10,16000,1.0,0.0,-1.550000029690006e-16,True,False,False
Majority_10,16100,1.0,0.0,-1.550000029690006e-16,True,False,False
Majority_10,16200,1.0,0.0,-1.550000029690006e-16,True,False,False
Majority_10,16300,1.0,0.0,-1.550000029690006e-16,True,False,False
Majority_10,16400,1.0,0.0,-1.550000029690006e-16,True,False,False
Majority_10,16500,1.0,0.0,-1.550000029690006e-16,True,False,False
Majority_10,16600,1.0,0.0,-1.550000029690006e-16,True,False,False
Majority_10,16700,1.0,0.0,-1.550000029690006e-16,True,False,False
Majority_10,16800,1.0,0.0,-1.550000029690006e-16,True,False,False
Majority_10,16900,1.0,0.0,-1.550000029690006e-16,True,False,False
Majority_10,17000,1.0,0.0,-1.550000029690006e-16,True,False,False
Majority_10,17100,1.0,0.0,-1.550000029690006e-16,True,False,False
Majority_10,17200,1.0,0.0,-1.550000029690006e-16,True,False,False
Majority_10,17300,1.0,0.0,-1.550000029690006e-16,True,False,False
Majority_10,17400,1.0,0.0,-1.550000029690006e-16,True,False,False
Majority_10,17500,1.0,0.0,-1.550000029690006e-16,True,False,False
Majority_10,17600,1.0,0.0,-1.550000029690006e-16,True,False,False
Majority_10,17700,1.0,0.0,-1.550000029690006e-16,True,False,False
Majority_10,17800,1.0,0.0,-1.550000029690006e-16,True,False,False
Majority_10,17900,1.0,0.0,-1.550000029690006e-16,True,False,False
Majority_10,18000,1.0,0.0,-1.550000029690006e-16,True,False,False
Majority_10,18100,1.0,0.0,-1.550000029690006e-16,True,False,False
Majority_10,18200,1.0,0.0,-1.550000029690006e-16,True,False,False
Majority_10,18300,1.0,0.0,-1.550000029690006e-16,True,False,False
Majority_10,18400,1.0,0.0,-1.550000029690006e-16,True,False,False
Majority_10,18500,1.0,0.0,-1.550000029690006e-16,True,False,False
Majority_10,18600,1.0,0.0,-1.550000029690006e-16,True,False,False
Majority_10,18700,1.0,0.0,-1.550000029690006e-16,True,False,False
Majority_10,18800,1.0,0.0,-1.550000029690006e-16,True,False,False
Majority_10,18900,1.0,0.0,-1.550000029690006e-16,True,False,False
Majority_10,19000,1.0,0.0,-1.550000029690006e-16,True,False,False
Majority_10,19100,1.0,0.0,-1.550000029690006e-16,True,False,False
Majority_10,19200,1.0,0.0,-1.550000029690006e-16,True,False,False
Majority_10,19300,1.0,0.0,-1.550000029690006e-16,True,False,False
Majority_10,19400,1.0,0.0,-1.550000029690006e-16,True,False,False
Majority_10,19500,1.0,0.0,-1.550000029690006e-16,True,False,False
Majority_10,19600,1.0,0.0,-1.550000029690006e-16,True,False,False
Majority_10,19700,1.0,0.0,-1.550000029690006e-16,True,False,False
Majority_10,19800,1.0,0.0,-1.550000029690006e-16,True,False,False
Majority_10,19900,1.0,0.0,-1.550000029690006e-16,True,False,False
Majority_10,20000,1.0,0.0,-1.550000029690006e-16,True,False,False
Majority_10,20100,1.0,0.0,-1.550000029690006e-16,True,False,False
Majority_10,20200,1.0,0.0,-1.550000029690006e-16,True,False,False
Majority_10,20300,1.0,0.0,-1.550000029690006e-16,True,False,False
Majority_10,20400,1.0,0.0,-1.550000029690006e-16,True,False,False
Majority_10,20500,1.0,0.0,-1.550000029690006e-16,True,False,False
Majority_10,20600,1.0,0.0,-1.550000029690006e-16,True,False,False
Majority_10,20700,1.0,0.0,-1.550000029690006e-16,True,False,False
Majority_10,20800,1.0,0.0,-1.550000029690006e-16,True,False,False
Majority_10,20900,1.0,0.0,-1.550000029690006e-16,True,False,False
Majority_10,21000,1.0,0.0,-1.550000029690006e-16,True,False,False
Majority_10,21100,1.0,0.0,-1.550000029690006e-16,True,False,False
Majority_10,21200,1.0,0.0,-1.550000029690006e-16,True,False,False
Majority_10,21300,1.0,0.0,-1.550000029690006e-16,True,False,False
Majority_10,21400,1.0,0.0,-1.550000029690006e-16,True,False,False
Majority_10,21500,1.0,0.0,-1.550000029690006e-16,True,False,False
Majority_10,21600,1.0,0.0,-1.550000029690006e-16,True,False,False
Majority_10,21700,1.0,0.0,-1.550000029690006e-16,True,False,False
Majority_10,21800,1.0,0.0,-1.550000029690006e-16,True,False,False
Majority_10,21900,1.0,0.0,-1.550000029690006e-16,True,False,False
Majority_10,22000,1.0,0.0,-1.550000029690006e-16,True,False,False
Majority_10,22100,1.0,0.0,-1.550000029690006e-16,True,False,False
Majority_10,22200,1.0,0.0,-1.550000029690006e-16,True,False,False
Majority_10,22300,1.0,0.0,-1.550000029690006e-16,True,False,False
Majority_10,22400,1.0,0.0,-1.550000029690006e-16,True,False,False
Majority_10,22500,1.0,0.0,-1.550000029690006e-16,True,False,False
Majority_10,22600,1.0,0.0,-1.550000029690006e-16,True,False,False
Majority_10,22700,1.0,0.0,-1.550000029690006e-16,True,False,False
Majority_10,22800,1.0,0.0,-1.550000029690006e-16,True,False,False
Majority_10,22900,1.0,0.0,-1.550000029690006e-16,True,False,False
Majority_10,23000,1.0,0.0,-1.550000029690006e-16,True,False,False
Majority_10,23100,1.0,0.0,-1.550000029690006e-16,True,False,False
Majority_10,23200,1.0,0.0,-1.550000029690006e-16,True,False,False
Majority_10,23300,1.0,0.0,-1.550000029690006e-16,True,False,False
Majority_10,23400,1.0,0.0,-1.550000029690006e-16,True,False,False
Majority_10,23500,1.0,0.0,-1.550000029690006e-16,True,False,False
Majority_10,23600,1.0,0.0,-1.550000029690006e-16,True,False,False
Majority_10,23700,1.0,0.0,-1.550000029690006e-16,True,False,False
Majority_10,23800,1.0,0.0,-1.550000029690006e-16,True,False,False
Majority_10,23900,1.0,0.0,-1.550000029690006e-16,True,False,False
Majority_10,24000,1.0,0.0,-1.550000029690006e-16,True,False,False
Majority_10,24100,1.0,0.0,-1.550000029690006e-16,True,False,False
Majority_10,24200,1.0,0.0,-1.550000029690006e-16,True,False,False
Majority_10,24300,1.0,0.0,-1.550000029690006e-16,True,False,False
Majority_10,24400,1.0,0.0,-1.550000029690006e-16,True,False,False
Majority_10,24500,1.0,0.0,-1.550000029690006e-16,True,False,False
Majority_10,24600,1.0,0.0,-1.550000029690006e-16,True,False,False
Majority_10,24700,1.0,0.0,-1.550000029690006e-16,True,False,False
Majority_10,24800,1.0,0.0,-1.550000029690006e-16,True,False,False
Majority_10,24900,1.0,0.0,-1.550000029690006e-16,True,False,False
Majority_10,25000,1.0,0.0,-1.550000029690006e-16,True,False,False
Majority_10,25100,1.0,0.0,-1.550000029690006e-16,True,False,False
Majority_10,25200,1.0,0.0,-1.550000029690006e-16,True,False,False
Majority_10,25300,1.0,0.0,-1.550000029690006e-16,True,False,False
Majority_10,25400,1.0,0.0,-1.550000029690006e-16,True,False,False
Majority_10,25500,1.0,0.0,-1.550000029690006e-16,True,False,False
Majority_10,25600,1.0,0.0,-1.550000029690006e-16,True,False,False
Majority_10,25700,1.0,0.0,-1.550000029690006e-16,True,False,False
Majority_10,25800,1.0,0.0,-1.550000029690006e-16,True,False,False
Majority_10,25900,1.0,0.0,-1.550000029690006e-16,True,False,False
Majority_10,26000,1.0,0.0,-1.550000029690006e-16,True,False,False
Majority_10,26100,1.0,0.0,-1.550000029690006e-16,True,False,False
Majority_10,26200,1.0,0.0,-1.550000029690006e-16,True,False,False
Majority_10,26300,1.0,0.0,-1.550000029690006e-16,True,False,False
Majority_10,26400,1.0,-0.00018939393939398919,-0.00036378637863875566,True,False,False
Majority_10,26500,1.0,-0.00018939393939398919,-0.00028877887788860383,True,False,False
Majority_10,26600,1.0,-0.00018939393939398919,-0.00021377137713814197,True,False,False
Majority_10,26700,1.0,-0.00018939393939398919,-0.00013876387638752513,True,False,False
Majority_10,26800,1.0,0.0,-6.37563756379933e-05,True,False,False
Majority_10,26900,1.0,0.0,1.1251125112003526e-05,True,False,False
Majority_10,27000,1.0,0.0,8.625862586215537e-05,True,False,False
Majority_10,27100,1.0,0.00018939393939398919,0.00016126612661246218,True,False,False
Majority_10,27200,1.0,0.00018939393939398919,0.00023627362736152902,True,False,False
Majority_10,27300,1.0,0.00018939393939398919,0.00031128112811245587,True,False,False
Majority_10,27400,1.0,0.0,-1.550000029690006e-16,True,False,False
Majority_10,27500,1.0,0.0,-1.550000029690006e-16,True,False,False
Majority_10,27600,1.0,0.0,-1.550000029690006e-16,True,False,False
Majority_10,27700,1.0,0.0,-1.550000029690006e-16,True,False,False
Majority_10,27800,1.0,0.0,-1.550000029690006e-16,True,False,False
Majority_10,27900,1.0,0.0,-1.550000029690006e-16,True,False,False
Majority_10,28000,1.0,0.0,-1.550000029690006e-16,True,False,False
Majority_10,28100,1.0,0.0,-1.550000029690006e-16,True,False,False
Majority_10,28200,1.0,0.0,-1.550000029690006e-16,True,False,False
Majority_10,28300,1.0,0.0,-1.550000029690006e-16,True,False,False
Majority_10,28400,1.0,0.0,-1.550000029690006e-16,True,False,False
Majority_10,28500,1.0,0.0,-1.550000029690006e-16,True,False,False
Majority_10,28600,1.0,0.0,-1.550000029690006e-16,True,False,False
Majority_10,28700,1.0,0.0,-1.550000029690006e-16,True,False,False
Majority_10,28800,1.0,0.0,-1.550000029690006e-16,True,False,False
Majority_10,28900,1.0,0.0,-1.550000029690006e-16,True,False,False
Majority_10,29000,1.0,0.0,-1.550000029690006e-16,True,False,False
Majority_10,29100,1.0,0.0,-1.550000029690006e-16,True,False,False
Majority_10,29200,1.0,0.0,-1.550000029690006e-16,True,False,False
Majority_10,29300,1.0,0.0,-1.550000029690006e-16,True,False,False
Majority_10,29400,1.0,0.0,-1.550000029690006e-16,True,False,False
Majority_10,29500,1.0,0.0,-1.550000029690006e-16,True,False,False
Majority_10,29600,1.0,0.0,-1.550000029690006e-16,True,False,False
Majority_10,29700,1.0,0.0,-1.550000029690006e-16,True,False,False
Majority_10,29800,1.0,0.0,-1.550000029690006e-16,True,False,False
Majority_10,29900,1.0,0.0,-1.550000029690006e-16,True,False,False
Majority_10,30000,1.0,0.0,-1.550000029690006e-16,True,False,False
weighted_voting_29,100,0.8375,0.38749999999999984,5.094696969696972,True,False,False
weighted_voting_29,200,0.834375,0.21770833333333328,1.6703477443609018,True,True,True
weighted_voting_29,300,0.759375,0.09843750000000018,0.6070634037819809,True,True,True
weighted_voting_29,400,0.74375,0.023317307692307887,0.16296318011256924,True,True,True
weighted_voting_29,500,0.7,-0.01718749999999991,0.008163265306123416,True,False,False
weighted_voting_29,600,0.75625,-0.03062499999999979,-0.020543901083633558,True,False,False
weighted_voting_29,700,0.7375,-0.030434782608695254,-0.019273248184760675,True,False,False
weighted_voting_29,800,0.759375,-0.015504807692307887,0.004739510079700465,True,False,False
weighted_voting_29,900,0.809375,0.0008333333333333526,0.03272523356793049,True,False,False
weighted_voting_29,1000,0.815625,0.021401515151515227,0.05381038103810343,True,True,True
weighted_voting_29,1100,0.865625,0.03863636363636369,0.052914041404139814,True,True,True
weighted_voting_29,1200,0.875,0.09441287878787874,0.13263576357635753,True,True,True
weighted_voting_29,1300,0.8875,0.13030303030303014,0.1866917941794174,True,True,True
weighted_voting_29,1400,0.884375,0.14128787878787874,0.20584495949594878,True,True,True
weighted_voting_29,1500,0.884375,0.1320075757575757,0.19424504950494956,True,True,True
weighted_voting_29,1600,0.903125,0.11714015151515167,0.17358423342334212,True,True,True
weighted_voting_29,1700,0.903125,0.09924242424242413,0.1477403990399041,True,True,True
weighted_voting_29,1800,0.91875,0.08001893939393945,0.12248537353735336,True,True,True
weighted_voting_29,1900,0.925,0.06458333333333321,0.09848297329732843,True,True,True
weighted_voting_29,2000,0.91875,0.05094696969696977,0.07584758475847561,True,True,True
weighted_voting_29,2100,0.934375,0.04820075757575748,0.07430993099309958,True,True,True
weighted_voting_29,2200,0.915625,0.04498106060606066,0.06734173417341653,True,True,True
weighted_voting_29,2300,0.90625,0.04119318181818177,0.057883288328832765,True,True,True
weighted_voting_29,2400,0.934375,0.03626893939393927,0.05610561056105606,True,True,True
weighted_voting_29,2500,0.946875,0.031060606060606122,0.04986498649864898,True,True,True
weighted_voting_29,2600,0.95625,0.028125000000000067,0.0403465346534645,True,True,True
weighted_voting_29,2700,0.946875,0.02499999999999991,0.03670304530452977,True,True,True
weighted_voting_29,2800,0.95625,0.020738636363636487,0.03253262826282605,True,True,True
weighted_voting_29,2900,0.953125,0.0181818181818183,0.026095109510950686,True,True,True
weighted_voting_29,3000,0.921875,0.01344696969696968,0.016481023102310137,True,True,True
weighted_voting_29,3100,0.965625,0.011647727272727226,0.020822082208220388,True,True,True
weighted_voting_29,3200,0.946875,0.010132575757575868,0.01754237923792318,True,True,True
weighted_voting_29,3300,0.965625,0.011647727272727337,0.016152865286528588,True,True,True
weighted_voting_29,3400,0.965625,0.01041666666666663,0.01453645364536312,True,True,True
weighted_voting_29,3500,0.965625,0.010416666666666519,0.016951695169515717,True,True,True
weighted_voting_29,3600,0.9625,0.009659090909090895,0.012633138313830866,True,False,False
weighted_voting_29,3700,0.95,0.00909090909090915,0.011635538553855193,True,False,False
weighted_voting_29,3800,0.975,0.011363636363636465,0.018980648064805858,True,True,True
weighted_voting_29,3900,0.971875,0.013825757575757769,0.021289003900389614,True,True,True
weighted_voting_29,4000,0.95,0.008428030303030298,0.01251875187518715,True,False,False
weighted_voting_29,4100,0.984375,0.009280303030303139,0.0140939093909391,True,False,False
weighted_voting_29,4200,0.975,0.008996212121212266,0.01332883288328752,True,False,False
weighted_voting_29,4300,0.95,0.009753787878788,0.013996399639963547,True,False,False
weighted_voting_29,4400,0.971875,0.010700757575757502,0.012184968496849604,True,True,True
weighted_voting_29,4500,0.975,0.008806818181818055,0.014343309330931971,True,False,False
weighted_voting_29,4600,0.984375,0.003882575757575668,0.009240924092408507,True,False,False
weighted_voting_29,4700,0.96875,0.004450757575757525,0.0037747524752475272,True,False,False
weighted_voting_29,4800,0.98125,0.005113636363636487,0.008252700270027051,True,False,False
weighted_voting_29,4900,0.95625,0.0026515151515151825,0.0033922142214218927,True,False,False
weighted_voting_29,5000,0.971875,0.0005681818181817455,0.0021677167716759624,True,False,False
weighted_voting_29,5100,0.978125,0.0035984848484847953,0.0053030303030297985,True,False,False
weighted_voting_29,5200,0.984375,0.0049242424242422755,0.007135088508849805,True,False,False
weighted_voting_29,5300,0.975,0.0035984848484847953,0.00486611161116147,True,False,False
weighted_voting_29,5400,0.984375,0.0037878787878787845,0.006377512751274805,True,False,False
weighted_voting_29,5500,0.9875,0.0058712121212122215,0.011434893489348704,True,False,False
weighted_voting_29,5600,0.965625,0.007859848484848553,0.008057680768076407,True,False,False
weighted_voting_29,5700,0.984375,0.006912878787879051,0.009610336033602335,True,False,False
weighted_voting_29,5800,0.9875,0.006344696969697083,0.011907440744074087,True,False,False
weighted_voting_29,5900,0.965625,0.0005681818181819676,0.0009544704470432758,True,False,False
weighted_voting_29,6000,0.953125,-0.0013257575757577023,-0.0030209270927096564,True,False,False
weighted_voting_29,6100,0.984375,-0.00018939393939398919,0.00014813981398111974,True,False,False
weighted_voting_29,6200,0.98125,-0.0018939393939392257,-0.001608910891090594,True,False,False
weighted_voting_29,6300,0.990625,-0.004071969696969657,-0.008927767776778417,True,False,False
weighted_voting_29,6400,0.99375,-0.003882575757575668,-0.004320432043205274,True,False,False
weighted_voting_29,6500,0.96875,-0.0007575757575757347,0.002229597959795237,True,False,False
weighted_voting_29,6600,0.9875,0.0018939393939395588,0.0020927092709265857,True,False,False
weighted_voting_29,6700,0.975,0.005587121212121349,0.005494299429942383,True,False,False
weighted_voting_29,6800,0.984375,0.004734848484848508,0.008683993399339687,True,False,False
weighted_voting_29,6900,0.9875,0.0017045454545454586,0.0012695019501942544,True,False,False
weighted_voting_29,7000,0.95625,0.0024621212121213043,0.0003919141914179894,True,False,False
weighted_voting_29,7100,0.984375,0.0019886363636363313,0.0050761326132601585,True,False,False
weighted_voting_29,7200,0.990625,0.003409090909091028,0.005301155115511234,True,False,False
weighted_voting_29,7300,0.978125,-9.469696969710562e-05,0.0008963396339636092,True,False,False
weighted_voting_29,7400,0.9875,0.00018939393939398919,-0.0004162916291628855,True,False,False
weighted_voting_29,7500,0.975,0.0006628787878787401,0.0003975397539747662,True,False,False
weighted_voting_29,7600,0.984375,0.0021780303030302095,0.003907890789078121,True,False,False
weighted_voting_29,7700,0.984375,0.002272727272727426,0.0010482298229818568,True,False,False
weighted_voting_29,7800,0.990625,0.0023674242424241987,0.004076657665765149,True,False,False
weighted_voting_29,7900,0.984375,-0.0037878787878790066,-0.00394539453945436,True,False,False
weighted_voting_29,8000,0.990625,-0.0035984848484845733,-0.004667341734173544,True,False,False
weighted_voting_29,8100,0.965625,-0.002935606060605944,-0.005198019801981229,True,False,False
weighted_voting_29,8200,0.984375,-0.0007575757575756237,-0.0027321482148221377,True,False,False
weighted_voting_29,8300,0.9875,0.00018939393939376714,0.0022539753975390478,True,False,False
weighted_voting_29,8400,0.9625,0.0006628787878787401,0.00026065106510627,True,False,False
weighted_voting_29,8500,0.990625,0.0021780303030302095,0.0017401740174004534,True,False,False
weighted_voting_29,8600,0.978125,0.0030303030303028278,0.0055730573057298175,True,False,False
weighted_voting_29,8700,0.978125,-0.0009469696969693908,0.0005288028802872607,True,False,False
weighted_voting_29,8800,0.971875,0.00037878787878797837,0.00021939693969243873,True,False,False
weighted_voting_29,8900,0.990625,-0.00037878787878797837,0.000875712571256151,True,False,False
weighted_voting_29,9000,0.984375,0.0007575757575757347,0.0022202220222016424,True,False,False
weighted_voting_29,9100,0.9625,0.0024621212121211933,0.0015957845784570818,True,False,False
weighted_voting_29,9200,0.978125,0.0,-0.0016239123912401903,True,False,False
weighted_voting_29,9300,0.984375,0.0005681818181817455,0.0013370087008684457,True,False,False
weighted_voting_29,9400,0.9875,0.0009469696969693908,0.0003862886288626077,True,False,False
weighted_voting_29,9500,0.990625,0.002083333333333326,0.0013332583258322478,True,False,False
weighted_voting_29,9600,0.984375,0.0021780303030302095,0.003536603660364645,True,False,False
weighted_voting_29,9700,0.984375,0.0014204545454545858,0.003958520852085237,True,False,False
weighted_voting_29,9800,0.9875,-0.0010416666666666075,-0.0025671317131714627,True,False,False
weighted_voting_29,9900,0.96875,0.002083333333333659,0.000946969696969485,True,False,False
weighted_voting_29,10000,0.94375,-0.0018939393939393367,-0.001708295829583937,True,False,False
weighted_voting_29,10100,0.990625,0.0014204545454543638,0.00244149414941404,True,False,False
weighted_voting_29,10200,0.9875,-0.0010416666666668295,0.000307530753074708,True,False,False
weighted_voting_29,10300,0.909375,-0.0013257575757577023,-0.002023327332733986,True,False,False
weighted_voting_29,10400,0.965625,-0.001136363636363491,-0.0040297779777987265,True,False,False
weighted_voting_29,10500,0.971875,-0.003882575757575668,-0.005798079807981203,True,False,False
weighted_voting_29,10600,0.9875,-0.004450757575757636,-0.004695469546955103,True,False,False
weighted_voting_29,10700,0.99375,-0.0014204545454545858,-0.0008569606960697369,True,False,False
weighted_voting_29,10800,0.9875,-0.0017045454545453476,-0.0029252925292531317,True,False,False
weighted_voting_29,10900,0.99375,-0.0005681818181819676,0.002325232523251607,True,False,False
weighted_voting_29,11000,0.975,-9.469696969688357e-05,-0.0019108160816086804,True,False,False
weighted_voting_29,11100,0.965625,0.002556818181818188,0.001728922892288915,True,False,False
weighted_voting_29,11200,0.9875,0.003409090909091028,0.005123012301229372,True,False,False
weighted_voting_29,11300,0.996875,0.004356060606060641,0.006576282628261491,True,False,False
weighted_voting_29,11400,0.98125,0.003030303030303161,0.004247299729972911,True,False,False
weighted_voting_29,11500,0.99375,0.0010416666666666075,0.000875712571256926,True,False,False
weighted_voting_29,11600,0.984375,-0.0012310606060605966,-0.0014888988898897931,True,False,False
weighted_voting_29,11700,0.990625,-0.002746212121212177,-0.0025933843384343025,True,False,False
weighted_voting_29,11800,0.9875,-0.000473484848485084,-0.0010838583858404612,True,False,False
weighted_voting_29,11900,0.984375,0.00303030303030305,0.00522989798979852,True,False,False
weighted_voting_29,12000,0.984375,0.0033143939393939226,0.0031165616561652514,True,False,False
weighted_voting_29,12100,0.9875,0.0014204545454544748,0.0003187818781879515,True,False,False
weighted_voting_29,12200,0.98125,-9.469696969688357e-05,0.0010407290729068262,True,False,False
weighted_voting_29,12300,0.9875,0.0026515151515150714,0.003922892289228337,True,False,False
weighted_voting_29,12400,0.9875,0.003219696969696817,0.0056011851185112215,True,False,False
weighted_voting_29,12500,0.990625,0.0026515151515150714,0.0038516351635156237,True,False,False
weighted_voting_29,12600,0.959375,-0.0010416666666666075,0.0009169666966692073,True,False,False
weighted_voting_29,12700,0.9875,-0.0009469696969699459,-0.0022445994599463834,True,False,False
weighted_voting_29,12800,0.984375,0.0010416666666664964,-0.0005850585058511533,True,False,False
weighted_voting_29,12900,0.990625,0.0003787878787877563,0.0019839483948382534,True,False,False
weighted_voting_29,13000,0.996875,0.004640151515151625,0.006694419441943262,True,False,False
weighted_voting_29,13100,0.984375,0.002556818181818299,0.00505738073807328,True,False,False
weighted_voting_29,13200,0.9875,0.0033143939393939226,0.0033809630963094247,True,False,False
weighted_voting_29,13300,0.965625,0.0002840909090910948,4.8754875486846946e-05,True,False,False
weighted_voting_29,13400,0.9875,-0.0005681818181819676,-0.002087083708371669,True,False,False
weighted_voting_29,13500,0.990625,-0.0014204545454545858,-0.0017176717671773764,True,False,False
weighted_voting_29,13600,0.9875,-0.0017992424242425642,-0.0024733723372347416,True,False,False
weighted_voting_29,13700,0.990625,-0.002083333333333215,-0.0018020552055217432,True,False,False
weighted_voting_29,13800,0.953125,-0.0019886363636365534,-0.0015770327032709774,True,False,False
weighted_voting_29,13900,0.978125,-0.0028409090909090606,-0.004547329732973208,True,False,False
weighted_voting_29,14000,0.990625,0.003409090909091028,0.003064056405640192,True,False,False
weighted_voting_29,14100,0.978125,0.003219696969696817,0.006111236123611293,True,False,False
weighted_voting_29,14200,0.953125,0.004829545454545392,0.006154365436542759,True,False,False
weighted_voting_29,14300,0.99375,0.0042613636363638685,0.005918091809181075,True,False,False
weighted_voting_29,14400,0.984375,-0.003977272727272774,-0.004821107110711595,True,False,False
weighted_voting_29,14500,0.990625,-0.0028409090909088386,-0.004191044104410568,True,False,False
weighted_voting_29,14600,0.990625,-0.0035984848484847953,-0.004114161416142782,True,False,False
weighted_voting_29,14700,0.975,9.469696969688357e-05,-0.00153765376537664,True,False,False
weighted_voting_29,14800,0.965625,-0.0010416666666666075,-0.0014888988898888631,True,False,False
weighted_voting_29,14900,0.9875,-0.0009469696969697239,-0.0033228322832291376,True,False,False
weighted_voting_29,15000,0.984375,-0.001609848484848464,-0.0004800480048008788,True,False,False
weighted_voting_29,15100,0.99375,0.0017045454545452365,0.0031259375937586907,True,False,False
weighted_voting_29,15200,0.99375,0.00435606060606053,0.004631713171315714,True,False,False
weighted_voting_29,15300,0.996875,0.004071969696969657,0.00670754575457507,True,False,False
weighted_voting_29,15400,0.99375,-0.0007575757575757347,-0.0005606810681078073,True,False,False
weighted_voting_29,15500,0.990625,0.00018939393939398919,0.0012920042004199665,True,False,False
weighted_voting_29,15600,0.984375,0.0033143939393941446,0.0021152115211518327,True,False,False
weighted_voting_29,15700,0.99375,0.005776515151515005,0.006790054005399322,True,False,False
weighted_voting_29,15800,0.98125,0.0023674242424243097,0.004281053105309541,True,False,False
weighted_voting_29,15900,0.99375,0.0017045454545453476,0.004140414041403607,True,False,False
weighted_voting_29,16000,0.98125,0.0007575757575757347,0.0010163516351633251,True,False,False
weighted_voting_29,16100,0.984375,0.0015151515151516914,0.0005738073807385299,True,False,False
weighted_voting_29,16200,0.99375,0.0019886363636363313,0.003277827782778334,True,False,False
weighted_voting_29,16300,0.990625,0.00037878787878797837,0.0012113711371128828,True,False,False
weighted_voting_29,16400,0.946875,-0.0028409090909090606,-0.00414416441644213,True,False,False
weighted_voting_29,16500,0.996875,-0.0010416666666666075,-0.0012826282628263718,True,False,False
weighted_voting_29,16600,0.98125,-0.0029356060606060552,-0.003776627662767177,True,False,False
weighted_voting_29,16700,0.9875,-0.0010416666666668295,-0.0005363036303639964,True,False,False
weighted_voting_29,16800,0.984375,-0.0009469696969697239,-0.0030846834683473396,True,False,False
weighted_voting_29,16900,0.98125,-0.001609848484848575,-0.0003937893789385684,True,False,False
weighted_voting_29,17000,0.965625,-0.0002840909090906507,-0.0016820432043214068,True,False,False
weighted_voting_29,17100,0.953125,-0.0007575757575757347,-0.002981548154816094,True,False,False
weighted_voting_29,17200,0.990625,0.0007575757575757347,0.002829657965796297,True,False,False
weighted_voting_29,17300,0.9875,0.0019886363636365534,0.003360336033603826,True,False,False
weighted_voting_29,17400,0.975,0.001609848484848353,0.0002962796279622395,True,False,False
weighted_voting_29,17500,0.984375,-9.469696969688357e-05,0.0001275127512744366,True,False,False
weighted_voting_29,17600,0.98125,-0.002083333333333326,-0.0019351935193524913,True,False,False
weighted_voting_29,17700,0.978125,-0.0015151515151515804,-0.0035478547854791284,True,False,False
weighted_voting_29,17800,0.98125,-0.003977272727272774,-0.006266876687669769,True,False,False
weighted_voting_29,17900,0.94375,-0.003882575757575668,-0.006008100810082217,True,False,False
weighted_voting_29,18000,0.984375,-0.00388257575757589,-0.004170417041705281,True,False,False
weighted_voting_29,18100,0.975,-0.0042613636363636465,-0.00672442244224478,True,False,False
weighted_voting_29,18200,0.984375,-0.00028409090909087276,-0.0007256975697577074,True,False,False
weighted_voting_29,18300,0.984375,-0.0006628787878787401,-0.0011176117611766268,True,False,False
weighted_voting_29,18400,0.99375,0.002083333333333326,0.004232298229822074,True,False,False
weighted_voting_29,18500,0.99375,0.0017992424242424532,0.0026365136513646827,True,False,False
weighted_voting_29,18600,0.984375,0.0024621212121210823,0.0018264326432638489,True,False,False
weighted_voting_29,18700,0.984375,0.00047348484848486194,0.0021433393339324617,True,False,False
weighted_voting_29,18800,0.971875,-0.00037878787878797837,-0.002253975397540598,True,False,False
weighted_voting_29,18900,0.990625,-0.00037878787878797837,-0.0014607710771076144,True,False,False
weighted_voting_29,19000,0.971875,9.469696969710562e-05,0.0001350135013491573,True,False,False
weighted_voting_29,19100,0.96875,-0.0021780303030302095,-0.0019426942694272121,True,False,False
weighted_voting_29,19200,0.98125,0.0002840909090910948,0.0009413441344117782,True,False,False
weighted_voting_29,19300,0.98125,-0.0006628787878786291,1.687668766862529e-05,True,False,False
weighted_voting_29,19400,0.990625,0.0012310606060608187,0.00336221122112115,True,False,False
weighted_voting_29,19500,0.98125,0.0028409090909090606,0.0028052805280526405,True,False,False
weighted_voting_29,19600,0.984375,0.0010416666666668295,0.001728922892287985,True,False,False
weighted_voting_29,19700,0.9875,0.001609848484848353,0.0020289528952882824,True,False,False
weighted_voting_29,19800,0.9875,-0.0006628787878787401,-0.002822157215722041,True,False,False
weighted_voting_29,19900,0.975,-0.0024621212121213043,-0.002897164716472193,True,False,False
weighted_voting_29,20000,0.98125,-0.0021780303030302095,-0.00348409840984129,True,False,False
weighted_voting_29,20100,0.984375,-0.0024621212121209712,-0.004365436543654682,True,False,False
weighted_voting_29,20200,0.984375,-0.0014204545454545858,-0.0013332583258331779,True,False,False
weighted_voting_29,20300,0.9875,9.469696969688357e-05,4.125412541259126e-05,True,False,False
weighted_voting_29,20400,0.99375,0.0009469696969695018,0.0022802280228021977,True,False,False
weighted_voting_29,20500,0.9875,0.003693181818181901,0.005764326432642248,True,False,False
weighted_voting_29,20600,0.990625,0.006723484848484951,0.009077782778276861,True,False,False
weighted_voting_29,20700,0.990625,0.006249999999999867,0.008743999399939624,True,False,False
weighted_voting_29,20800,0.984375,0.0042613636363635354,0.006208745874587467,True,False,False
weighted_voting_29,20900,0.98125,0.0035984848484850174,0.006028727872787195,True,False,False
weighted_voting_29,21000,0.984375,0.0037878787878787845,0.004410441044104092,True,False,False
weighted_voting_29,21100,0.99375,0.0019886363636362203,0.0010426042604252351,True,False,False
weighted_voting_29,21200,0.984375,-0.00047348484848486194,0.0004387938793873575,True,False,False
weighted_voting_29,21300,0.990625,-0.004071969696969657,-0.003707245724573182,True,False,False
weighted_voting_29,21400,0.98125,-0.0017045454545453476,-0.004121662166216883,True,False,False
weighted_voting_29,21500,0.990625,-0.002272727272727315,-0.003932268226823172,True,False,False
weighted_voting_29,21600,0.9875,0.0007575757575757347,0.0017139213921385438,True,False,False
weighted_voting_29,21700,0.98125,9.469696969710562e-05,-0.0004331683168322857,True,False,False
weighted_voting_29,21800,0.99375,0.0010416666666668295,0.00044441944194351427,True,False,False
weighted_voting_29,21900,0.975,0.0009469696969698349,0.002681518151815642,True,False,False
weighted_voting_29,22000,0.9875,0.0006628787878786291,0.0010744824482442315,True,False,False
weighted_voting_29,22100,0.978125,-0.0009469696969697239,-0.002227722772277448,True,False,False
weighted_voting_29,22200,0.965625,-0.0031249999999998224,-0.0029309180918095984,True,False,False
weighted_voting_29,22300,0.996875,-0.0014204545454542528,-0.0020552055205529823,True,False,False
weighted_voting_29,22400,0.996875,-0.0035037878787879118,-0.005929342934294163,True,False,False
weighted_voting_29,22500,0.996875,-0.0026515151515150714,-0.0029046654665481533,True,False,False
weighted_voting_29,22600,0.99375,0.0019886363636365534,0.002674017401739681,True,False,False
weighted_voting_29,22700,0.984375,0.0028409090909092827,0.0023814881488142597,True,False,False
weighted_voting_29,22800,0.990625,0.004924242424242498,0.005439918991897985,True,False,False
weighted_voting_29,22900,0.98125,0.005018939393939381,0.008329582958295301,True,False,False
weighted_voting_29,23000,0.98125,0.0014204545454545858,0.0024377437743776874,True,False,False
weighted_voting_29,23100,0.9875,0.00047348484848486194,-0.0011213621362139096,True,False,False
weighted_voting_29,23200,0.990625,-0.0035037878787880228,-0.003780378037804305,True,False,False
weighted_voting_29,23300,0.9375,-0.004166666666666763,-0.0035178517851786957,True,False,False
weighted_voting_29,23400,0.996875,-0.00435606060606053,-0.007305730573058186,True,False,False
weighted_voting_29,23500,0.99375,-0.0026515151515150714,-0.00438793879387993,True,False,False
weighted_voting_29,23600,0.984375,-0.002272727272727093,-8.438343834436644e-05,True,False,False
weighted_voting_29,23700,0.996875,0.002272727272727315,0.002510876087608345,True,False,False
weighted_voting_29,23800,0.990625,0.004545454545454519,0.004609210921091707,True,False,False
weighted_voting_29,23900,0.996875,0.0053977272727272485,0.00836896189618871,True,False,False
weighted_voting_29,24000,0.984375,0.003882575757575668,0.004320432043203259,True,False,False
weighted_voting_29,24100,0.99375,0.0008522727272728403,0.0018939393939385052,True,False,False
weighted_voting_29,24200,0.98125,-0.0009469696969697239,-0.0007425742574264876,True,False,False
weighted_voting_29,24300,0.990625,-0.002272727272727093,-0.0026740174017410765,True,False,False
weighted_voting_29,24400,0.984375,-0.002556818181817966,-0.003251575157516269,True,False,False
weighted_voting_29,24500,0.9875,-0.0028409090909090606,-0.00516051605160561,True,False,False
weighted_voting_29,24600,0.9875,-0.002272727272727093,-0.0036097359735979377,True,False,False
weighted_voting_29,24700,0.978125,-0.0019886363636365534,-0.003064056405641277,True,False,False
weighted_voting_29,24800,0.990625,-0.0015151515151514694,-0.002539003900390059,True,False,False
weighted_voting_29,24900,0.984375,-0.0006628787878788511,0.00018751875187437208,True,False,False
weighted_voting_29,25000,0.96875,-0.00037878787878797837,0.00019126912691258492,True,False,False
weighted_voting_29,25100,0.990625,0.0014204545454544748,0.0017251725172513224,True,False,False
weighted_voting_29,25200,0.9875,-0.0017045454545454586,-0.0031971947194723354,True,False,False
weighted_voting_29,25300,0.96875,-0.0019886363636363313,-0.0018564356435653668,True,False,False
weighted_voting_29,25400,0.990625,9.469696969688357e-05,0.00021189618961849305,True,False,False
weighted_voting_29,25500,0.99375,-0.0005681818181817455,-0.002582133213321214,True,False,False
weighted_voting_29,25600,0.99375,0.0003787878787877563,0.0008944644464442703,True,False,False
weighted_voting_29,25700,0.984375,-0.0010416666666668295,0.0008438343834371544,True,False,False
weighted_voting_29,25800,0.99375,-0.0009469696969697239,-0.002272727272727632,True,False,False
weighted_voting_29,25900,0.9875,0.0021780303030305426,0.002730273027301714,True,False,False
weighted_voting_29,26000,0.9875,0.004071969696969657,0.005400540054004887,True,False,False
weighted_voting_29,26100,0.98125,0.004734848484848508,0.007030078007800149,True,False,False
weighted_voting_29,26200,0.978125,0.0012310606060605966,0.0009675967596753932,True,False,False
weighted_voting_29,26300,0.98125,-0.00018939393939398919,0.0031840684068405274,True,False,False
weighted_voting_29,26400,0.990625,0.0018939393939396698,0.0016707920792076987,True,False,False
weighted_voting_29,26500,0.978125,-0.0005681818181817455,-0.0031353135313536805,True,False,False
weighted_voting_29,26600,0.9875,-0.0010416666666666075,0.0005869336933684773,True,False,False
weighted_voting_29,26700,0.98125,-0.0010416666666663854,-0.0019089408940905813,True,False,False
weighted_voting_29,26800,0.96875,-0.0037878787878787845,-0.008595859585958814,True,False,False
weighted_voting_29,26900,0.978125,-0.002746212121212288,-0.0043541854185420595,True,False,False
weighted_voting_29,27000,0.990625,-0.004166666666666763,-0.002392739273927968,True,False,False
weighted_voting_29,27100,0.975,-0.0006628787878788511,-0.0014757725772579857,True,False,False
weighted_voting_29,27200,0.9875,-0.0026515151515151825,-0.005100510051005675,True,False,False
weighted_voting_29,27300,0.99375,-0.0017045454545454586,-0.002660891089109269,True,False,False
weighted_voting_29,27400,0.9875,-0.0014204545454548079,0.0008307080708061219,True,False,False
weighted_voting_29,27500,0.99375,0.002272727272727426,0.0012469996999694723,True,False,False
weighted_voting_29,27600,0.990625,0.006060606060606211,0.008260201020100843,True,False,False
weighted_voting_29,27700,0.990625,0.00321969696969715,0.0045660816081603975,True,False,False
weighted_voting_29,27800,0.965625,0.00028409090909087276,-0.00013688868886880623,True,False,False
weighted_voting_29,27900,0.990625,9.469696969710562e-05,0.0007013201320131214,True,False,False
weighted_voting_29,28000,0.984375,0.0021780303030305426,0.002816531653164954,True,False,False
weighted_voting_29,28100,0.990625,0.0028409090909091717,0.005612436243624156,True,False,False
weighted_voting_29,28200,0.975,0.0005681818181816345,0.0004294179417942279,True,False,False
weighted_voting_29,28300,0.996875,-0.0007575757575756237,-0.0010576057605760714,True,False,False
weighted_voting_29,28400,0.96875,-0.00047348484848486194,0.00041816681668144934,True,False,False
weighted_voting_29,28500,0.984375,0.0008522727272728403,0.00023439843984296508,True,False,False
weighted_voting_29,28600,0.990625,0.004166666666666541,0.007311356135612638,True,False,False
weighted_voting_29,28700,0.9875,0.0008522727272727293,0.0023383588358832593,True,False,False
weighted_voting_29,28800,0.996875,0.002083333333333326,0.0028277827782774226,True,False,False
weighted_voting_29,28900,0.9875,0.0004734848484847509,0.00014813981398080974,True,False,False
weighted_voting_29,29000,0.99375,0.002556818181818188,0.004007275727573324,True,False,False
weighted_voting_29,29100,0.9875,0.004450757575757636,0.007054455445543496,True,False,False
weighted_voting_29,29200,0.978125,0.003030303030303161,0.003943519351935176,True,False,False
weighted_voting_29,29300,0.965625,0.0012310606060605966,0.0009900990098994002,True,False,False
weighted_voting_29,29400,0.984375,-0.0028409090909090606,-0.004391689168918142,True,False,False
weighted_voting_29,29500,0.98125,-0.0023674242424241987,-0.0036378637863798066,True,False,False
weighted_voting_29,29600,0.978125,-0.003693181818181679,-0.004971122112211279,True,False,False
weighted_voting_29,29700,0.996875,-0.0031249999999999334,-0.004303555355536183,True,False,False
weighted_voting_29,29800,0.971875,-0.0028409090909090606,-0.0030603060306038385,True,False,False
weighted_voting_29,29900,0.99375,-0.004166666666666763,-0.005696819681969141,True,False,False
weighted_voting_29,30000,0.990625,-0.001609848484848464,-0.004571707170717329,True,False,False
hamming_weight_square_wave_29_4,100,0.353125,-0.1416666666666666,-1.928030303030303,False,False,False
hamming_weight_square_wave_29_4,200,0.375,0.009375000000000022,-0.035949248120301106,False,False,False
hamming_weight_square_wave_29_4,300,0.515625,0.109375,0.48713848720800923,False,True,False
hamming_weight_square_wave_29_4,400,0.521875,0.18317307692307683,0.613068714821763,False,True,False
hamming_weight_square_wave_29_4,500,0.640625,0.2298828125000001,0.6510504201680674,True,True,True
hamming_weight_square_wave_29_4,600,0.640625,0.26656250000000015,0.6341171158655187,True,True,True
hamming_weight_square_wave_29_4,700,0.7875,0.32472826086956524,0.6735467150730473,True,True,True
hamming_weight_square_wave_29_4,800,0.909375,0.39423076923076905,0.7276576418190341,True,True,True
hamming_weight_square_wave_29_4,900,0.9,0.45229166666666665,0.7384476478577601,True,True,True
hamming_weight_square_wave_29_4,1000,0.91875,0.48863636363636354,0.7068688118811879,True,True,True
hamming_weight_square_wave_29_4,1100,0.934375,0.4585227272727273,0.6788628862886287,True,True,True
hamming_weight_square_wave_29_4,1200,0.953125,0.3896780303030303,0.5863561356135609,True,True,True
hamming_weight_square_wave_29_4,1300,0.95625,0.34062500000000007,0.5008588358835872,True,True,True
hamming_weight_square_wave_29_4,1400,0.9875,0.2754734848484848,0.40947719771977176,True,True,True
hamming_weight_square_wave_29_4,1500,0.96875,0.2007575757575758,0.308700870087008,True,True,True
hamming_weight_square_wave_29_4,1600,0.98125,0.12585227272727273,0.1997581008100803,True,True,True
hamming_weight_square_wave_29_4,1700,0.98125,0.07547348484848482,0.11656353135313546,True,True,True
hamming_weight_square_wave_29_4,1800,0.978125,0.05464015151515156,0.08157815781578169,True,True,True
hamming_weight_square_wave_29_4,1900,0.99375,0.045928030303030165,0.06683543354335406,True,True,True
hamming_weight_square_wave_29_4,2000,0.98125,0.032670454545454586,0.049694344434441685,True,True,True
hamming_weight_square_wave_29_4,2100,0.98125,0.024810606060606144,0.039105160516050876,True,True,True
hamming_weight_square_wave_29_4,2200,0.99375,0.015909090909090984,0.024551830183017265,True,True,True
hamming_weight_square_wave_29_4,2300,0.98125,0.012878787878788045,0.01867499249924894,True,True,True
hamming_weight_square_wave_29_4,2400,0.984375,0.011647727272727448,0.018367461746173767,True,True,True
hamming_weight_square_wave_29_4,2500,0.990625,0.008143939393939315,0.012001200120011738,True,False,False
hamming_weight_square_wave_29_4,2600,0.990625,0.009185606060605922,0.013071932193218377,True,False,False
hamming_weight_square_wave_29_4,2700,0.990625,0.007859848484848664,0.012618136813680493,True,False,False
hamming_weight_square_wave_29_4,2800,0.9875,0.00520833333333337,0.007652640264025836,True,False,False
hamming_weight_square_wave_29_4,2900,0.99375,0.003882575757575668,0.0053030303030302635,True,False,False
hamming_weight_square_wave_29_4,3000,0.984375,0.001136363636363713,0.002942169216920517,True,False,False
hamming_weight_square_wave_29_4,3100,0.99375,0.0023674242424243097,0.003178442844283286,True,False,False
hamming_weight_square_wave_29_4,3200,0.9875,0.0035037878787876897,0.004059780978097144,True,False,False
hamming_weight_square_wave_29_4,3300,0.990625,0.002746212121212177,0.004485448544853779,True,False,False
hamming_weight_square_wave_29_4,3400,0.990625,0.002746212121212177,0.005595559555955995,True,False,False
hamming_weight_square_wave_29_4,3500,0.990625,0.0028409090909090606,0.003382838283827833,True,False,False
hamming_weight_square_wave_29_4,3600,0.99375,0.002556818181817966,0.003512226222621299,True,False,False
hamming_weight_square_wave_29_4,3700,0.990625,0.002935606060605944,0.00457920792079143,True,False,False
hamming_weight_square_wave_29_4,3800,0.99375,0.0006628787878788511,0.0010744824482440767,True,False,False
hamming_weight_square_wave_29_4,3900,0.9875,0.0013257575757574802,0.0016595409540958498,True,False,False
hamming_weight_square_wave_29_4,4000,0.990625,0.0009469696969697239,0.0010932343234317308,True,False,False
hamming_weight_square_wave_29_4,4100,0.990625,-0.0004734848484846399,-0.000853210321032919,True,False,False
hamming_weight_square_wave_29_4,4200,0.990625,-0.0012310606060605966,-0.0014270177017711389,True,False,False
hamming_weight_square_wave_29_4,4300,0.990625,-0.001136363636363713,-0.0010669816981707509,True,False,False
hamming_weight_square_wave_29_4,4400,0.99375,-0.0005681818181819676,-0.0009375937593763554,True,False,False
hamming_weight_square_wave_29_4,4500,0.9875,-0.0007575757575757347,-0.0016126612661271022,True,False,False
hamming_weight_square_wave_29_4,4600,0.990625,-0.0012310606060605966,-0.001254500450045743,True,False,False
hamming_weight_square_wave_29_4,4700,0.99375,-0.0007575757575757347,-0.0007500750075013634,True,False,False
hamming_weight_square_wave_29_4,4800,0.990625,0.0007575757575757347,0.0003600360036000778,True,False,False
hamming_weight_square_wave_29_4,4900,0.99375,0.0015151515151514694,0.0023758625862584128,True,False,False
hamming_weight_square_wave_29_4,5000,0.990625,0.0019886363636363313,0.0032984548454843966,True,False,False
hamming_weight_square_wave_29_4,5100,0.990625,0.001136363636363713,0.0018526852685262238,True,False,False
hamming_weight_square_wave_29_4,5200,0.990625,0.0014204545454545858,0.0018845634563449106,True,False,False
hamming_weight_square_wave_29_4,5300,0.99375,0.0014204545454545858,0.0020683318331832395,True,False,False
hamming_weight_square_wave_29_4,5400,0.99375,0.0019886363636363313,0.0028596609660956444,True,False,False
hamming_weight_square_wave_29_4,5500,0.99375,0.0014204545454545858,0.002192094209420239,True,False,False
hamming_weight_square_wave_29_4,5600,0.99375,0.001136363636363491,0.001944569456945931,True,False,False
hamming_weight_square_wave_29_4,5700,0.99375,0.0010416666666668295,0.0015339033903392022,True,False,False
hamming_weight_square_wave_29_4,5800,0.99375,0.001136363636363713,0.0016332883288325453,True,False,False
hamming_weight_square_wave_29_4,5900,0.99375,0.0013257575757577023,0.0019201920192015,True,False,False
hamming_weight_square_wave_29_4,6000,0.99375,0.0014204545454545858,0.001946444644464185,True,False,False
hamming_weight_square_wave_29_4,6100,0.99375,0.0010416666666668295,0.0015770327032697373,True,False,False
hamming_weight_square_wave_29_4,6200,0.99375,0.0008522727272728403,0.0014401440144012412,True,False,False
hamming_weight_square_wave_29_4,6300,0.99375,0.00028409090909087276,0.00035441044104314606,True,False,False
hamming_weight_square_wave_29_4,6400,0.99375,0.00018939393939398919,0.00027377737773730243,True,False,False
hamming_weight_square_wave_29_4,6500,0.99375,0.00018939393939398919,0.0003487848784871443,True,False,False
hamming_weight_square_wave_29_4,6600,0.99375,0.0,-9.300000178140034e-16,True,False,False
hamming_weight_square_wave_29_4,6700,0.99375,0.0,-9.300000178140034e-16,True,False,False
hamming_weight_square_wave_29_4,6800,0.99375,0.0,-9.300000178140034e-16,True,False,False
hamming_weight_square_wave_29_4,6900,0.99375,0.0,-9.300000178140034e-16,True,False,False
hamming_weight_square_wave_29_4,7000,0.99375,0.0,-9.300000178140034e-16,True,False,False
hamming_weight_square_wave_29_4,7100,0.99375,0.0,-9.300000178140034e-16,True,False,False
hamming_weight_square_wave_29_4,7200,0.99375,0.0,-9.300000178140034e-16,True,False,False
hamming_weight_square_wave_29_4,7300,0.99375,0.0,-9.300000178140034e-16,True,False,False
hamming_weight_square_wave_29_4,7400,0.99375,0.0,-9.300000178140034e-16,True,False,False
hamming_weight_square_wave_29_4,7500,0.99375,0.0,-9.300000178140034e-16,True,False,False
hamming_weight_square_wave_29_4,7600,0.99375,0.0,-9.300000178140034e-16,True,False,False
hamming_weight_square_wave_29_4,7700,0.99375,0.0,-9.300000178140034e-16,True,False,False
hamming_weight_square_wave_29_4,7800,0.99375,0.0,-9.300000178140034e-16,True,False,False
hamming_weight_square_wave_29_4,7900,0.99375,-0.00018939393939398919,-0.00032253225322631936,True,False,False
hamming_weight_square_wave_29_4,8000,0.99375,-0.00018939393939398919,-0.00024752475247523755,True,False,False
hamming_weight_square_wave_29_4,8100,0.99375,-0.00018939393939398919,-0.00017251725172570573,True,False,False
hamming_weight_square_wave_29_4,8200,0.99375,0.0,-9.75097509764839e-05,True,False,False
hamming_weight_square_wave_29_4,8300,0.99375,0.0,-2.250225022586705e-05,True,False,False
hamming_weight_square_wave_29_4,8400,0.99375,0.0,5.250525052412978e-05,True,False,False
hamming_weight_square_wave_29_4,8500,0.99375,9.469696969710562e-05,0.00012751275127505663,True,False,False
hamming_weight_square_wave_29_4,8600,0.99375,0.00018939393939398919,0.00020252025202474345,True,False,False
hamming_weight_square_wave_29_4,8700,0.99375,0.00018939393939398919,0.0002775277527747403,True,False,False
hamming_weight_square_wave_29_4,8800,0.99375,0.00018939393939398919,0.0003525352535252021,True,False,False
hamming_weight_square_wave_29_4,8900,0.99375,0.0,-9.300000178140034e-16,True,False,False
hamming_weight_square_wave_29_4,9000,0.99375,0.0,-9.300000178140034e-16,True,False,False
hamming_weight_square_wave_29_4,9100,0.99375,0.0,-9.300000178140034e-16,True,False,False
hamming_weight_square_wave_29_4,9200,0.99375,0.0,-9.300000178140034e-16,True,False,False
hamming_weight_square_wave_29_4,9300,0.99375,0.0,-9.300000178140034e-16,True,False,False
hamming_weight_square_wave_29_4,9400,0.99375,0.0,-9.300000178140034e-16,True,False,False
hamming_weight_square_wave_29_4,9500,0.99375,-9.469696969710562e-05,-0.00017439243924473463,True,False,False
hamming_weight_square_wave_29_4,9600,0.99375,-9.469696969710562e-05,-0.00013688868886958122,True,False,False
hamming_weight_square_wave_29_4,9700,0.99375,-9.469696969710562e-05,-9.938493849380781e-05,True,False,False
hamming_weight_square_wave_29_4,9800,0.99375,0.0,-6.188118811927439e-05,True,False,False
hamming_weight_square_wave_29_4,9900,0.99375,0.0,-2.437743774427597e-05,True,False,False
hamming_weight_square_wave_29_4,10000,0.99375,0.0,1.3126312630412446e-05,True,False,False
hamming_weight_square_wave_29_4,10100,0.99375,0.0,5.063006300541087e-05,True,False,False
hamming_weight_square_wave_29_4,10200,0.99375,9.469696969710562e-05,8.813381338118428e-05,True,False,False
hamming_weight_square_wave_29_4,10300,0.99375,9.469696969710562e-05,0.0001256375637550977,True,False,False
hamming_weight_square_wave_29_4,10400,0.99375,9.469696969710562e-05,0.00016314131413071612,True,False,False
hamming_weight_square_wave_29_4,10500,0.99375,0.0,-9.300000178140034e-16,True,False,False
hamming_weight_square_wave_29_4,10600,0.99375,0.0,-9.300000178140034e-16,True,False,False
hamming_weight_square_wave_29_4,10700,0.99375,0.0,-9.300000178140034e-16,True,False,False
hamming_weight_square_wave_29_4,10800,0.99375,0.0,-9.300000178140034e-16,True,False,False
hamming_weight_square_wave_29_4,10900,0.99375,0.0,-9.300000178140034e-16,True,False,False
hamming_weight_square_wave_29_4,11000,0.99375,0.0,-9.300000178140034e-16,True,False,False
hamming_weight_square_wave_29_4,11100,0.99375,-0.00018939393939398919,-0.0003412841284139736,True,False,False
hamming_weight_square_wave_29_4,11200,0.99375,-0.00018939393939398919,-0.00026627662766444177,True,False,False
hamming_weight_square_wave_29_4,11300,0.996875,0.00018939393939398919,0.0004912991299122622,True,False,False
hamming_weight_square_wave_29_4,11400,0.996875,0.0005681818181816345,0.0007725772577252154,True,False,False
hamming_weight_square_wave_29_4,11500,0.99375,0.0006628787878785181,0.0007632013201319308,True,False,False
hamming_weight_square_wave_29_4,11600,0.99375,0.0006628787878785181,0.0009282178217821408,True,False,False
hamming_weight_square_wave_29_4,11700,0.99375,0.0007575757575756237,0.0013445094509434762,True,False,False
hamming_weight_square_wave_29_4,11800,0.99375,0.0008522727272725072,0.001087608760875884,True,False,False
hamming_weight_square_wave_29_4,11900,0.99375,0.0012310606060604856,0.0016539153915376783,True,False,False
hamming_weight_square_wave_29_4,12000,0.99375,0.0013257575757575912,0.0023177317731759564,True,False,False
hamming_weight_square_wave_29_4,12100,0.996875,0.0013257575757577023,0.0022802280228014227,True,False,False
hamming_weight_square_wave_29_4,12200,0.996875,0.0019886363636365534,0.0026177617761768733,True,False,False
hamming_weight_square_wave_29_4,12300,0.996875,0.002272727272727204,0.003227197719771373,True,False,False
hamming_weight_square_wave_29_4,12400,0.996875,0.0021780303030303205,0.003395964596459951,True,False,False
hamming_weight_square_wave_29_4,12500,0.996875,0.0021780303030303205,0.003105310531053248,True,False,False
hamming_weight_square_wave_29_4,12600,0.996875,0.0017992424242423422,0.0026402640264019655,True,False,False
hamming_weight_square_wave_29_4,12700,0.996875,0.001609848484848353,0.002469621962195909,True,False,False
hamming_weight_square_wave_29_4,12800,0.996875,0.0008522727272726183,0.0012638763876384076,True,False,False
hamming_weight_square_wave_29_4,12900,0.996875,0.00037878787878797837,0.000568181818180513,True,False,False
hamming_weight_square_wave_29_4,13000,0.996875,0.0003787878787877563,0.0006919441944182868,True,False,False
hamming_weight_square_wave_29_4,13100,0.996875,0.00028409090909087276,0.0004875487548746695,True,False,False
hamming_weight_square_wave_29_4,13200,0.996875,0.0002840909090910948,0.00026065106510596,True,False,False
hamming_weight_square_wave_29_4,13300,0.996875,0.0,1.8751875187344207e-05,True,False,False
hamming_weight_square_wave_29_4,13400,0.996875,-0.00028409090909087276,-0.0002156465646563959,True,False,False
hamming_weight_square_wave_29_4,13500,0.996875,-9.469696969688357e-05,-9.750975097586388e-05,True,False,False
hamming_weight_square_wave_29_4,13600,0.996875,-0.00028409090909087276,-0.0006731923192329575,True,False,False
hamming_weight_square_wave_29_4,13700,1.0,-9.469696969710562e-05,-7.125712571286899e-05,True,False,False
hamming_weight_square_wave_29_4,13800,0.996875,-0.00018939393939376714,-7.1257125712714e-05,True,False,False
hamming_weight_square_wave_29_4,13900,0.996875,-9.469696969710562e-05,-0.0002794029402939242,True,False,False
hamming_weight_square_wave_29_4,14000,0.99375,0.0005681818181817455,0.0006038103810374125,True,False,False
hamming_weight_square_wave_29_4,14100,0.996875,0.00037878787878797837,0.0007369486948692459,True,False,False
hamming_weight_square_wave_29_4,14200,0.996875,0.00028409090909087276,0.00030190519051855123,True,False,False
hamming_weight_square_wave_29_4,14300,1.0,0.00037878787878797837,0.000450045004500136,True,False,False
hamming_weight_square_wave_29_4,14400,0.996875,-0.00018939393939398919,-0.0001781428142817075,True,False,False
hamming_weight_square_wave_29_4,14500,0.996875,0.00028409090909087276,0.00048567356735595047,True,False,False
hamming_weight_square_wave_29_4,14600,0.996875,0.00018939393939398919,0.00026065106510596,True,False,False
hamming_weight_square_wave_29_4,14700,0.996875,0.0005681818181817455,0.0009844734473435535,True,False,False
hamming_weight_square_wave_29_4,14800,0.996875,0.0007575757575757347,0.0012207470747067875,True,False,False
hamming_weight_square_wave_29_4,14900,0.996875,0.0009469696969696129,0.0011551155115502303,True,False,False
hamming_weight_square_wave_29_4,15000,0.996875,0.0009469696969697239,0.0012601260126006597,True,False,False
hamming_weight_square_wave_29_4,15100,1.0,0.0006628787878788511,0.0011944944494437927,True,False,False
hamming_weight_square_wave_29_4,15200,1.0,0.0007575757575755127,0.001141989198919508,True,False,False
hamming_weight_square_wave_29_4,15300,1.0,0.0006628787878787401,0.0010988598859883526,True,False,False
hamming_weight_square_wave_29_4,15400,0.996875,0.0003787878787877563,0.0004744224422434819,True,False,False
hamming_weight_square_wave_29_4,15500,1.0,0.0003787878787877563,0.0004987998799879129,True,False,False
hamming_weight_square_wave_29_4,15600,0.996875,0.0005681818181818565,0.0007744524452436242,True,False,False
hamming_weight_square_wave_29_4,15700,1.0,0.0012310606060604856,0.0016726672667264173,True,False,False
hamming_weight_square_wave_29_4,15800,0.996875,0.0013257575757575912,0.0018751875187517808,True,False,False
hamming_weight_square_wave_29_4,15900,1.0,0.0014204545454544748,0.0019764476447641523,True,False,False
hamming_weight_square_wave_29_4,16000,0.996875,0.0006628787878790732,0.0011438643864382268,True,False,False
hamming_weight_square_wave_29_4,16100,1.0,0.0006628787878786291,0.0009188418841885463,True,False,False
hamming_weight_square_wave_29_4,16200,1.0,0.0009469696969697239,0.001445769576957243,True,False,False
hamming_weight_square_wave_29_4,16300,1.0,0.0010416666666666075,0.0015657815781578888,True,False,False
hamming_weight_square_wave_29_4,16400,0.996875,0.0009469696969697239,0.001517026702669802,True,False,False
hamming_weight_square_wave_29_4,16500,1.0,0.0006628787878788511,0.00094696969696933,True,False,False
hamming_weight_square_wave_29_4,16600,0.996875,0.00028409090909087276,0.00047629762976204593,True,False,False
hamming_weight_square_wave_29_4,16700,1.0,0.0007575757575759567,0.0010819831983192624,True,False,False
hamming_weight_square_wave_29_4,16800,1.0,0.0006628787878786291,0.0008963396339629892,True,False,False
hamming_weight_square_wave_29_4,16900,1.0,0.0005681818181817455,0.0009357185718567065,True,False,False
hamming_weight_square_wave_29_4,17000,1.0,0.00018939393939398919,0.00048004800480072374,True,False,False
hamming_weight_square_wave_29_4,17100,1.0,0.00018939393939398919,0.0002081458145812102,True,False,False
hamming_weight_square_wave_29_4,17200,1.0,0.0003787878787877563,0.0004706720672058891,True,False,False
hamming_weight_square_wave_29_4,17300,0.996875,0.00047348484848486194,0.0005475547554752249,True,False,False
hamming_weight_square_wave_29_4,17400,1.0,0.0003787878787877563,0.0004950495049501651,True,False,False
hamming_weight_square_wave_29_4,17500,1.0,0.00018939393939398919,0.00037128712871223633,True,False,False
hamming_weight_square_wave_29_4,17600,1.0,-0.00018939393939398919,-0.00019501950195095278,True,False,False
hamming_weight_square_wave_29_4,17700,1.0,0.0,-4.50045004509591e-05,True,False,False
hamming_weight_square_wave_29_4,17800,1.0,-9.469696969688357e-05,-0.00011063606360720632,True,False,False
hamming_weight_square_wave_29_4,17900,0.996875,-0.00028409090909087276,-0.0004912991299139672,True,False,False
hamming_weight_square_wave_29_4,18000,1.0,-0.00018939393939398919,-0.0002662766276630468,True,False,False
hamming_weight_square_wave_29_4,18100,0.996875,-0.00028409090909087276,-0.0003900390039006655,True,False,False
hamming_weight_square_wave_29_4,18200,1.0,-0.00018939393939398919,-0.00024189918991954578,True,False,False
hamming_weight_square_wave_29_4,18300,1.0,-0.00018939393939398919,-0.00025690069006914214,True,False,False
hamming_weight_square_wave_29_4,18400,1.0,-0.00018939393939398919,-0.00013126312631342446,True,False,False
hamming_weight_square_wave_29_4,18500,1.0,9.469696969688357e-05,-5.625562557706762e-06,True,False,False
hamming_weight_square_wave_29_4,18600,1.0,9.469696969688357e-05,-5.063006300649586e-05,True,False,False
hamming_weight_square_wave_29_4,18700,1.0,9.469696969688357e-05,0.0002869036903686449,True,False,False
hamming_weight_square_wave_29_4,18800,1.0,0.0003787878787877563,0.00044629462946192314,True,False,False
hamming_weight_square_wave_29_4,18900,1.0,9.469696969688357e-05,0.00018939393939386602,True,False,False
hamming_weight_square_wave_29_4,19000,0.996875,0.00018939393939398919,0.00026627662766149675,True,False,False
hamming_weight_square_wave_29_4,19100,1.0,0.0,0.00016501650164943503,True,False,False
hamming_weight_square_wave_29_4,19200,1.0,9.469696969710562e-05,0.00016689168916877395,True,False,False
hamming_weight_square_wave_29_4,19300,1.0,0.0,-2.812781278171381e-05,True,False,False
hamming_weight_square_wave_29_4,19400,1.0,9.469696969710562e-05,0.00015939093909374328,True,False,False
hamming_weight_square_wave_29_4,19500,1.0,9.469696969710562e-05,0.00014626462646147081,True,False,False
hamming_weight_square_wave_29_4,19600,1.0,0.0,-5.250525052567979e-05,True,False,False
hamming_weight_square_wave_29_4,19700,1.0,9.469696969710562e-05,9.75097509746239e-05,True,False,False
hamming_weight_square_wave_29_4,19800,1.0,0.0,5.063006300556586e-05,True,False,False
hamming_weight_square_wave_29_4,19900,1.0,9.469696969688357e-05,0.00016314131413071612,True,False,False
hamming_weight_square_wave_29_4,20000,0.996875,0.0,-9.93849384941178e-05,True,False,False
hamming_weight_square_wave_29_4,20100,1.0,0.0,1.3126312630722447e-05,True,False,False
hamming_weight_square_wave_29_4,20200,1.0,9.469696969710562e-05,0.0001256375637554077,True,False,False
hamming_weight_square_wave_29_4,20300,1.0,0.0,3.375337533725058e-05,True,False,False
hamming_weight_square_wave_29_4,20400,1.0,0.0,-4.687968796905802e-05,True,False,False
hamming_weight_square_wave_29_4,20500,1.0,0.0,6.563156315516223e-05,True,False,False
hamming_weight_square_wave_29_4,20600,1.0,-9.469696969688357e-05,-4.125412541259126e-05,True,False,False
hamming_weight_square_wave_29_4,20700,1.0,9.469696969688357e-05,3.375337533725058e-05,True,False,False
hamming_weight_square_wave_29_4,20800,1.0,9.469696969688357e-05,0.00010876087608693741,True,False,False
hamming_weight_square_wave_29_4,20900,1.0,9.469696969688357e-05,0.00018376837683739926,True,False,False
hamming_weight_square_wave_29_4,21000,1.0,9.469696969688357e-05,6.938193819353007e-05,True,False,False
hamming_weight_square_wave_29_4,21100,1.0,9.469696969688357e-05,0.0001068856885686835,True,False,False
hamming_weight_square_wave_29_4,21200,1.0,9.469696969688357e-05,0.00014438943894337191,True,False,False
hamming_weight_square_wave_29_4,21300,1.0,0.0,3.750375037127842e-06,True,False,False
hamming_weight_square_wave_29_4,21400,1.0,-9.469696969688357e-05,-0.00014063906390779406,True,False,False
hamming_weight_square_wave_29_4,21500,1.0,-9.469696969688357e-05,-0.00010313531353202065,True,False,False
hamming_weight_square_wave_29_4,21600,1.0,-9.469696969688357e-05,-6.563156315671223e-05,True,False,False
hamming_weight_square_wave_29_4,21700,1.0,0.0,-2.812781278171381e-05,True,False,False
hamming_weight_square_wave_29_4,21800,1.0,0.0,9.375937593284605e-06,True,False,False
hamming_weight_square_wave_29_4,21900,1.0,-9.469696969688357e-05,-0.00013126312631388948,True,False,False
hamming_weight_square_wave_29_4,22000,1.0,-9.469696969710562e-05,-0.0002156465646573259,True,False,False
hamming_weight_square_wave_29_4,22100,1.0,-9.469696969710562e-05,-0.00010313531353217564,True,False,False
hamming_weight_square_wave_29_4,22200,0.996875,-0.00018939393939398919,-0.00017626762676345355,True,False,False
hamming_weight_square_wave_29_4,22300,1.0,-9.469696969688357e-05,-0.00022314731473282157,True,False,False
hamming_weight_square_wave_29_4,22400,1.0,-9.469696969688357e-05,-0.00011063606360720632,True,False,False
hamming_weight_square_wave_29_4,22500,1.0,-9.469696969688357e-05,1.8751875196489208e-06,True,False,False
hamming_weight_square_wave_29_4,22600,1.0,0.00018939393939398919,0.00011438643864386916,True,False,False
hamming_weight_square_wave_29_4,22700,1.0,9.469696969710562e-05,4.875487548715694e-05,True,False,False
hamming_weight_square_wave_29_4,22800,1.0,9.469696969710562e-05,0.0001987698769871506,True,False,False
hamming_weight_square_wave_29_4,22900,1.0,9.469696969710562e-05,0.0001518901890173176,True,False,False
hamming_weight_square_wave_29_4,23000,1.0,0.0,4.875487548700195e-05,True,False,False
hamming_weight_square_wave_29_4,23100,1.0,9.469696969688357e-05,0.00012376237623761878,True,False,False
hamming_weight_square_wave_29_4,23200,1.0,0.0,9.375937593284605e-06,True,False,False
hamming_weight_square_wave_29_4,23300,1.0,0.0,4.687968796797302e-05,True,False,False
hamming_weight_square_wave_29_4,23400,1.0,9.469696969688357e-05,8.438343834328144e-05,True,False,False
hamming_weight_square_wave_29_4,23500,1.0,0.0,-4.875487548839694e-05,True,False,False
hamming_weight_square_wave_29_4,23600,1.0,0.0,2.625262526252989e-05,True,False,False
hamming_weight_square_wave_29_4,23700,1.0,-9.469696969688357e-05,-9.563456345698997e-05,True,False,False
hamming_weight_square_wave_29_4,23800,1.0,0.0,-5.813081308183655e-05,True,False,False
hamming_weight_square_wave_29_4,23900,1.0,-9.469696969688357e-05,-0.00017251725172570573,True,False,False
hamming_weight_square_wave_29_4,24000,1.0,-9.469696969688357e-05,-9.750975097570888e-05,True,False,False
hamming_weight_square_wave_29_4,24100,1.0,-9.469696969688357e-05,-2.250225022555705e-05,True,False,False
hamming_weight_square_wave_29_4,24200,1.0,9.469696969688357e-05,5.250525052459478e-05,True,False,False
hamming_weight_square_wave_29_4,24300,1.0,9.469696969688357e-05,0.00012751275127505663,True,False,False
hamming_weight_square_wave_29_4,24400,1.0,9.469696969688357e-05,0.00020252025202474345,True,False,False
hamming_weight_square_wave_29_4,24500,1.0,9.469696969688357e-05,7.313231323081291e-05,True,False,False
hamming_weight_square_wave_29_4,24600,1.0,9.469696969688357e-05,0.00011063606360534633,True,False,False
hamming_weight_square_wave_29_4,24700,1.0,9.469696969688357e-05,0.00014813981398065476,True,False,False
hamming_weight_square_wave_29_4,24800,1.0,9.469696969688357e-05,0.00018564356435611816,True,False,False
hamming_weight_square_wave_29_4,24900,1.0,0.0,-1.550000029690006e-16,True,False,False
hamming_weight_square_wave_29_4,25000,1.0,0.0,-1.550000029690006e-16,True,False,False
hamming_weight_square_wave_29_4,25100,1.0,0.0,-1.550000029690006e-16,True,False,False
hamming_weight_square_wave_29_4,25200,1.0,0.0,-1.550000029690006e-16,True,False,False
hamming_weight_square_wave_29_4,25300,1.0,0.0,-1.550000029690006e-16,True,False,False
hamming_weight_square_wave_29_4,25400,1.0,-9.469696969688357e-05,-0.0001631413141321111,True,False,False
hamming_weight_square_wave_29_4,25500,1.0,-0.00018939393939398919,-0.00029252925292557667,True,False,False
hamming_weight_square_wave_29_4,25600,1.0,-0.00018939393939398919,-0.0002175217521755798,True,False,False
hamming_weight_square_wave_29_4,25700,1.0,-9.469696969688357e-05,-0.000142514251425893,True,False,False
hamming_weight_square_wave_29_4,25800,1.0,0.0,-6.750675067574116e-05,True,False,False
hamming_weight_square_wave_29_4,25900,1.0,0.0,7.500750074410683e-06,True,False,False
hamming_weight_square_wave_29_4,26000,1.0,0.0,8.250825082456251e-05,True,False,False
hamming_weight_square_wave_29_4,26100,1.0,9.469696969688357e-05,0.00015751575157455934,True,False,False
hamming_weight_square_wave_29_4,26200,1.0,0.00018939393939398919,0.0002325232523240912,True,False,False
hamming_weight_square_wave_29_4,26300,1.0,0.00018939393939398919,0.000307530753074553,True,False,False
hamming_weight_square_wave_29_4,26400,1.0,9.469696969688357e-05,0.0001706420642066768,True,False,False
hamming_weight_square_wave_29_4,26500,1.0,0.0,-1.550000029690006e-16,True,False,False
hamming_weight_square_wave_29_4,26600,1.0,0.0,-1.550000029690006e-16,True,False,False
hamming_weight_square_wave_29_4,26700,1.0,0.0,-1.550000029690006e-16,True,False,False
hamming_weight_square_wave_29_4,26800,1.0,0.0,-1.550000029690006e-16,True,False,False
hamming_weight_square_wave_29_4,26900,1.0,0.0,-1.550000029690006e-16,True,False,False
hamming_weight_square_wave_29_4,27000,1.0,0.0,-1.550000029690006e-16,True,False,False
hamming_weight_square_wave_29_4,27100,1.0,0.0,-1.550000029690006e-16,True,False,False
hamming_weight_square_wave_29_4,27200,1.0,-9.469696969688357e-05,-0.0001706420642071418,True,False,False
hamming_weight_square_wave_29_4,27300,1.0,-9.469696969688357e-05,-0.0001331383138321434,True,False,False
hamming_weight_square_wave_29_4,27400,1.0,-9.469696969688357e-05,-9.563456345698997e-05,True,False,False
hamming_weight_square_wave_29_4,27500,1.0,0.0,-5.813081308183655e-05,True,False,False
hamming_weight_square_wave_29_4,27600,1.0,0.0,-2.062706270714813e-05,True,False,False
hamming_weight_square_wave_29_4,27700,1.0,0.0,1.687668766816029e-05,True,False,False
hamming_weight_square_wave_29_4,27800,1.0,0.0,5.438043804315871e-05,True,False,False
hamming_weight_square_wave_29_4,27900,1.0,9.469696969688357e-05,9.188418841831212e-05,True,False,False
hamming_weight_square_wave_29_4,28000,1.0,9.469696969688357e-05,0.00012938793879377553,True,False,False
hamming_weight_square_wave_29_4,28100,1.0,9.469696969688357e-05,0.00016689168916877395,True,False,False
hamming_weight_square_wave_29_4,28200,1.0,0.0,-1.550000029690006e-16,True,False,False
hamming_weight_square_wave_29_4,28300,1.0,0.0,-1.550000029690006e-16,True,False,False
hamming_weight_square_wave_29_4,28400,1.0,0.0,-1.550000029690006e-16,True,False,False
hamming_weight_square_wave_29_4,28500,1.0,0.0,-1.550000029690006e-16,True,False,False
hamming_weight_square_wave_29_4,28600,1.0,0.0,-1.550000029690006e-16,True,False,False
hamming_weight_square_wave_29_4,28700,1.0,0.0,-1.550000029690006e-16,True,False,False
hamming_weight_square_wave_29_4,28800,1.0,0.0,-1.550000029690006e-16,True,False,False
hamming_weight_square_wave_29_4,28900,1.0,0.0,-1.550000029690006e-16,True,False,False
hamming_weight_square_wave_29_4,29000,1.0,0.0,-1.550000029690006e-16,True,False,False
hamming_weight_square_wave_29_4,29100,1.0,0.0,-1.550000029690006e-16,True,False,False
hamming_weight_square_wave_29_4,29200,1.0,0.0,-1.550000029690006e-16,True,False,False
hamming_weight_square_wave_29_4,29300,1.0,0.0,-1.550000029690006e-16,True,False,False
hamming_weight_square_wave_29_4,29400,1.0,0.0,-1.550000029690006e-16,True,False,False
hamming_weight_square_wave_29_4,29500,1.0,0.0,-1.550000029690006e-16,True,False,False
hamming_weight_square_wave_29_4,29600,1.0,0.0,-1.550000029690006e-16,True,False,False
hamming_weight_square_wave_29_4,29700,1.0,0.0,-1.550000029690006e-16,True,False,False
hamming_weight_square_wave_29_4,29800,1.0,0.0,-1.550000029690006e-16,True,False,False
hamming_weight_square_wave_29_4,29900,1.0,0.0,-1.550000029690006e-16,True,False,False
hamming_weight_square_wave_29_4,30000,1.0,0.0,-1.550000029690006e-16,True,False,False
