_step,gradient_norm/tribe_5_4,gradient_norm/Majority_10,gradient_alignment/tribe_5_5_vs_weighted_voting_29,gradient_alignment/tribe_5_5_vs_parity_10,gradient_alignment/tribe_5_4_vs_parity,gradient_norm/weighted_voting_29,gradient_alignment/parity_vs_Majority_10,gradient_alignment/Majority_10_vs_hamming_weight_square_wave_29_4,gradient_alignment/tribe_5_5_vs_Majority_10,gradient_norm/majority,gradient_alignment/Majority_10_vs_weighted_voting_29,gradient_alignment/tribe_5_4_vs_Majority_10,gradient_alignment/parity_vs_parity_10,gradient_alignment/parity_10_vs_Majority_10,gradient_alignment/tribe_5_5_vs_majority,gradient_alignment/parity_10_vs_weighted_voting_29,gradient_alignment/weighted_voting_29_vs_hamming_weight_square_wave_29_4,gradient_alignment/majority_vs_parity,gradient_alignment/tribe_5_4_vs_weighted_voting_29,gradient_alignment/majority_vs_Majority_10,gradient_alignment/majority_vs_hamming_weight_square_wave_29_4,gradient_alignment/parity_10_vs_hamming_weight_square_wave_29_4,gradient_norm/parity_10,gradient_alignment/tribe_5_4_vs_majority,gradient_norm/tribe_5_5,gradient_alignment/majority_vs_parity_10,gradient_alignment/parity_vs_hamming_weight_square_wave_29_4,gradient_alignment/tribe_5_5_vs_tribe_5_4,gradient_alignment/tribe_5_5_vs_parity,gradient_alignment/tribe_5_5_vs_hamming_weight_square_wave_29_4,gradient_alignment/tribe_5_4_vs_parity_10,gradient_alignment/tribe_5_4_vs_hamming_weight_square_wave_29_4,gradient_norm/parity,gradient_norm/hamming_weight_square_wave_29_4,gradient_alignment/majority_vs_weighted_voting_29,gradient_alignment/parity_vs_weighted_voting_29,affinity/hamming_weight_square_wave_29_4_to_hamming_weight_square_wave_29_4,affinity/baseline_loss/tribe_5_4,affinity/parity_to_parity_10,affinity/parity_10_to_tribe_5_5,affinity/weighted_voting_29_to_tribe_5_4,affinity/weighted_voting_29_to_hamming_weight_square_wave_29_4,affinity/majority_to_parity,affinity/parity_to_tribe_5_4,affinity/parity_10_to_hamming_weight_square_wave_29_4,affinity/hamming_weight_square_wave_29_4_to_majority,affinity/tribe_5_5_to_tribe_5_5,affinity/Majority_10_to_tribe_5_5,affinity/baseline_loss/hamming_weight_square_wave_29_4,affinity/tribe_5_4_to_parity_10,affinity/baseline_loss/majority,affinity/baseline_loss/parity_10,affinity/source_gradient_norm/weighted_voting_29,affinity/majority_to_weighted_voting_29,affinity/parity_10_to_tribe_5_4,affinity/baseline_loss/tribe_5_5,affinity/baseline_loss/parity,affinity/parity_to_Majority_10,affinity/source_valid/Majority_10,affinity/baseline_loss/weighted_voting_29,affinity/tribe_5_5_to_weighted_voting_29,affinity/tribe_5_4_to_parity,affinity/source_valid/weighted_voting_29,curvature/multi_task,affinity/tribe_5_5_to_tribe_5_4,affinity/parity_10_to_majority,affinity/baseline_loss/Majority_10,sharpness/Majority_10,sharpness/weighted_voting_29,affinity/tribe_5_5_to_parity,affinity/tribe_5_4_to_tribe_5_5,affinity/majority_to_tribe_5_5,affinity/parity_10_to_Majority_10,affinity/hamming_weight_square_wave_29_4_to_Majority_10,sharpness/majority,sharpness/parity,affinity/source_gradient_norm/tribe_5_4,affinity/Majority_10_to_majority,affinity/tribe_5_4_to_weighted_voting_29,affinity/majority_to_majority,affinity/majority_to_parity_10,affinity/hamming_weight_square_wave_29_4_to_weighted_voting_29,sharpness/tribe_5_5,affinity/majority_to_Majority_10,affinity/parity_to_parity,affinity/source_gradient_norm/parity_10,affinity/Majority_10_to_hamming_weight_square_wave_29_4,affinity/source_valid/tribe_5_5,affinity/parity_to_weighted_voting_29,affinity/source_valid/parity_10,sharpness/parity_10,affinity/tribe_5_4_to_majority,affinity/compute_seconds,affinity/tribe_5_4_to_Majority_10,affinity/Majority_10_to_Majority_10,affinity/tribe_5_5_to_Majority_10,affinity/tribe_5_4_to_tribe_5_4,affinity/parity_10_to_parity_10,affinity/source_gradient_norm/hamming_weight_square_wave_29_4,affinity/hamming_weight_square_wave_29_4_to_parity,affinity/tribe_5_5_to_majority,affinity/majority_to_tribe_5_4,affinity/parity_10_to_parity,affinity/weighted_voting_29_to_majority,affinity/weighted_voting_29_to_weighted_voting_29,affinity/source_valid/parity,affinity/radius,affinity/parity_to_hamming_weight_square_wave_29_4,affinity/hamming_weight_square_wave_29_4_to_tribe_5_4,sharpness/hamming_weight_square_wave_29_4,affinity/source_valid/majority,affinity/Majority_10_to_tribe_5_4,affinity/source_gradient_norm/parity,affinity/Majority_10_to_parity,affinity/majority_to_hamming_weight_square_wave_29_4,affinity/Majority_10_to_weighted_voting_29,affinity/weighted_voting_29_to_parity,affinity/tribe_5_4_to_hamming_weight_square_wave_29_4,affinity/weighted_voting_29_to_tribe_5_5,affinity/weighted_voting_29_to_Majority_10,sharpness,affinity/parity_10_to_weighted_voting_29,affinity/source_gradient_norm/Majority_10,affinity/hamming_weight_square_wave_29_4_to_parity_10,affinity/tribe_5_5_to_hamming_weight_square_wave_29_4,affinity/source_valid/hamming_weight_square_wave_29_4,sharpness/tribe_5_4,affinity/tribe_5_5_to_parity_10,affinity/source_valid/tribe_5_4,affinity/source_gradient_norm/majority,affinity/parity_to_tribe_5_5,affinity/Majority_10_to_parity_10,affinity/weighted_voting_29_to_parity_10,affinity/hamming_weight_square_wave_29_4_to_tribe_5_5,affinity/source_gradient_norm/tribe_5_5,affinity/parity_to_majority
100,5.609469998509174,1.31022606502939,-0.6566232755914221,-0.9634452953676031,-0.75608365162738,1.7906179322503437,-0.4657804164714861,-0.6227822147366484,0.7909648882001659,2.3789836461926717,-0.8360287899807696,0.7871046538978791,0.7936621020609284,-0.892373214582254,-0.8907121551306594,0.662579456119849,0.16381409010767087,0.452307320973155,-0.7000816910187948,-0.7971785089558594,0.39836785403559327,0.8155027545119342,2.1841962288520085,-0.9239598562413955,4.136048322690901,0.8255746839836002,0.9047464471840573,0.9956869103700723,-0.8033260178213765,-0.7374761195336419,-0.9454777606400233,-0.6802648541473721,1.146705809248321,1.2193988860060927,0.8962059511919427,0.10096699078457361,-0.006358504295349121,0.1608574092388153,-0.011343836784362793,-0.11876878142356873,-0.09488007426261902,-0.008682608604431152,-0.01447024941444397,0.03132715821266174,-0.005152761936187744,0.030883684754371643,0.048015765845775604,0.044568777084350586,0.2919788360595703,-0.04839831590652466,0.19589227437973022,0.265167236328125,1.8271138642094442,0.025636345148086548,-0.14907869696617126,0.14160940051078796,0.26892557740211487,0.007743805646896362,1.0,0.19520163536071777,-0.06503760814666748,-0.03000164031982422,1.0,24481.11313997606,0.08124434947967529,0.03013533353805542,0.22246256470680237,0.02058170735836029,0.020330900326371193,-0.030322223901748657,0.04810956120491028,-0.018658623099327087,-0.03098878264427185,-0.031154900789260864,0.01671997830271721,0.02139679715037346,5.475182586754904,-0.094217449426651,-0.06632116436958313,0.025900766253471375,0.003992915153503418,-0.009188234806060791,0.01651085540652275,-0.023200780153274536,0.0031081736087799072,3.0290496785046916,-0.05159872770309448,1.0,-0.03659145534038544,1.0,0.021242894232273102,-0.1056281328201294,0.09849134273827076,-0.032351166009902954,-0.012901276350021362,-0.03177899122238159,0.08156205713748932,-0.023192614316940308,3.6739490415413787,-0.03723153471946716,-0.10468655824661255,-0.03323255479335785,-0.03607162833213806,0.036691099405288696,0.021195217967033386,1.0,0.02,-0.005339294672012329,-0.1503472626209259,0.023076782003045082,1.0,0.0740862786769867,0.7051262467595898,-0.02438494563102722,-0.01064106822013855,-0.06692725419998169,-0.026959091424942017,-0.05870848894119263,-0.06873342394828796,-0.040305376052856445,0.01956065441481769,-0.009074285626411438,1.5497589472720403,-0.024138927459716797,-0.05893033742904663,1.0,0.01662532053887844,-0.049129605293273926,1.0,1.0065405123968183,0.016581669449806213,-0.04938554763793945,-0.0006161928176879883,-0.1189282238483429,4.145922945201517,-0.03893968462944031
200,4.468542399336596,1.041084111421598,-0.6489475241842788,-0.9837185328351176,-0.8265553803684352,1.6615458390614841,-0.01203135469064441,-0.25042796283777957,0.3334652349802172,2.676170910616895,-0.5306947902469898,0.30716815056066593,0.8825347938106928,-0.3974185867696467,-0.9166972536270481,0.5728351492947569,0.14426797638148664,0.6282591461223885,-0.6939419954098104,-0.28680830209390973,0.5419613145842087,0.8671281786037114,2.7635418059643846,-0.9473882855260076,3.139485411869177,0.8423268701513442,0.9292614309225962,0.9952077366682935,-0.857520138559994,-0.8142324106737641,-0.9639597978128146,-0.768070003156275,1.6827420703958074,1.4887868980714873,0.8542748415712955,0.17843452312016495,0.00020450353622436523,0.12250037491321564,-0.0019434988498687744,-0.09682266414165497,-0.0763959288597107,-0.009462893009185791,-0.019346803426742554,-0.04549531638622284,0.0021215081214904785,0.038888126611709595,0.02478833496570587,0.01927877962589264,0.2809731960296631,-0.06266400218009949,0.1993369460105896,0.26787540316581726,1.7151023674784949,0.01870286464691162,-0.12554748356342316,0.11842052638530731,0.26886940002441406,0.016479402780532837,1.0,0.19165870547294617,-0.06488725543022156,-0.04166179895401001,1.0,1856.0035276650667,0.0554957315325737,0.03747996687889099,0.2253570556640625,0.057360704988241196,0.06557640433311462,-0.04173821210861206,0.02510537952184677,-0.03690050542354584,-0.014926344156265259,-0.015228211879730225,0.05371759459376335,0.0618206262588501,4.271189571699796,-0.06229144334793091,-0.06595709919929504,0.041022345423698425,0.0015794336795806885,-0.0113648921251297,0.037673454731702805,-0.014830410480499268,0.005221754312515259,3.7338457585602476,-0.03299647569656372,1.0,-0.018244266510009766,1.0,0.047341279685497284,-0.11478862166404724,0.08468612655997276,-0.04666903614997864,0.007324829697608948,-0.045079052448272705,0.05592460185289383,-0.011009305715560913,3.9824366384829646,-0.02615976333618164,-0.11366146802902222,-0.05959402024745941,-0.024404197931289673,0.04070991277694702,0.01792539656162262,1.0,0.02,0.01683562994003296,-0.12695850431919098,0.07083848863840103,1.0,0.03586575388908386,0.8891926087394938,-0.01674523949623108,-0.011373281478881836,-0.04876771569252014,-0.02273017168045044,-0.0647127628326416,-0.052049651741981506,-0.02838224172592163,0.05581298563629389,-0.011507287621498108,1.0565797946446172,-0.012152552604675293,-0.06454715132713318,1.0,0.052175331860780716,-0.06382575631141663,1.0,1.1165198235061395,-0.03818458318710327,-0.04514476656913757,0.004329949617385864,-0.09675197303295135,3.1130409866061366,0.011102735996246338
300,3.753815546745401,0.9836326311843716,0.40450099822077945,-0.960127335806395,-0.6629543352245524,1.2810355970426617,-0.07986618049051093,-0.25718255403242873,0.36097934447728514,2.076976757547345,-0.2230294428929971,0.3473707339049641,0.7412264253983101,-0.5467133988431523,-0.812751881340819,-0.39729417782644055,-0.7832754270167709,0.21588254013846092,0.33138674449392996,-0.3034366551810258,-0.30271776400694206,0.35595876570101515,2.718502712865916,-0.8658975375810627,2.4863101250943345,0.702476893012755,0.7088860896038574,0.9937297662877957,-0.7278005064063975,-0.23061128309309714,-0.9354759395469431,-0.14667883936716525,1.3296028285353896,1.190902990684938,0.130485347005099,-0.9010235449634492,-0.015603810548782349,0.10398422181606293,-0.010531783103942871,-0.08329592645168304,0.021248869597911835,-0.024205923080444336,-0.015031129121780396,0.010786458849906921,-0.014193892478942871,0.023525863885879517,0.007464855909347534,0.005874156951904297,0.2603200078010559,-0.06233423948287964,0.1796388328075409,0.27707475423812866,1.4084874381446755,0.017339348793029785,-0.11129577457904816,0.1072465032339096,0.2687256634235382,0.003978267312049866,1.0,0.18934746086597443,-0.0343480259180069,-0.032493263483047485,1.0,475.4176021896377,0.037134356796741486,0.0223369300365448,0.2100318968296051,0.01560849417001009,0.01883089914917946,-0.03275856375694275,0.008173532783985138,0.00740060955286026,-0.019159391522407532,-0.016146406531333923,0.0184854157269001,0.019270092248916626,3.503704587525906,-0.06567984819412231,-0.0354616641998291,0.0027267932891845703,-0.009329676628112793,-0.04128365218639374,0.016180550679564476,-0.0102166086435318,0.007194250822067261,3.7370496711326417,-0.025915026664733887,1.0,-0.027256548404693604,1.0,0.018998539075255394,-0.10468897223472595,0.08448793552815914,-0.04943069815635681,-0.0015617161989212036,-0.048054665327072144,0.03775394707918167,-0.01258617639541626,2.942555753758744,-0.0353262722492218,-0.10347425937652588,0.009594947099685669,-0.03430190682411194,-0.01922418177127838,0.01778656244277954,1.0,0.02,0.0036813318729400635,-0.11088767647743225,0.020877650007605553,1.0,0.024065986275672913,0.9315410800602154,-0.015715330839157104,-0.02245485782623291,-0.031799495220184326,-0.016753584146499634,-0.04420191049575806,0.011132970452308655,-0.02994978427886963,0.017603404354304075,-0.039695754647254944,1.0195465619182607,-0.014866113662719727,-0.04418349266052246,1.0,0.012575593777000904,-0.06389442086219788,1.0,1.0759057167348878,0.002019435167312622,-0.052255064249038696,-0.009669691324234009,-0.081727996468544,2.443785200374504,-0.0334039181470871
400,1.8938485268341956,1.2371476992890549,0.718613949201653,-0.8609432306390211,-0.8400718717843403,1.459358362507101,0.5854468659691864,-0.04019384415327951,-0.8520343520372669,2.674331966835361,-0.4069900968366711,-0.8916172777078845,0.8650620448244735,0.6062043080496093,-0.7199503609465407,-0.5422028748532941,-0.7913327799095132,0.5010670634782703,0.5959137062742275,0.7962679395341119,0.02464532390382901,0.4463627954920073,3.8777951152515073,-0.8483393075874566,0.9764941495978116,0.7683372134191512,0.6602813541042969,0.9737369898033457,-0.9117854269857932,-0.3676253112187766,-0.8779134344822819,-0.29675323708038415,1.760566642361952,1.4814373398775003,-0.1498942852451438,-0.8729858555153376,-0.009052634239196777,0.07729832828044891,0.013047277927398682,-0.05227203667163849,0.011038362979888916,-0.03218042850494385,-0.021112829446792603,-0.028118640184402466,-0.010182946920394897,0.035349950194358826,-0.02012641727924347,-0.03699329495429993,0.24447870254516602,-0.07778960466384888,0.1807924509048462,0.28539174795150757,1.6045534037895637,0.0010208338499069214,-0.07354910671710968,0.09668624401092529,0.2698000967502594,0.012347638607025146,1.0,0.18583059310913086,-0.02440902590751648,-0.04258492588996887,1.0,6030.3051182714535,0.0008265450596809387,0.03316068649291992,0.2053348869085312,0.03347049653530121,0.04098953306674957,-0.04365643858909607,-0.017969824373722076,-0.004303231835365295,0.0035198181867599487,0.006846010684967041,0.0345439650118351,0.030260220170021057,1.6923110749320192,0.03376774489879608,-0.02522289752960205,0.0384843647480011,0.007003188133239746,-0.04911145567893982,0.026971159502863884,0.004733741283416748,0.009647369384765625,4.843002026918367,-0.02356797456741333,1.0,-0.027603834867477417,1.0,0.03185776621103287,-0.11706224083900452,0.08481449820101261,-0.08224670588970184,0.024571910500526428,-0.08043445646762848,0.0025891661643981934,0.010342061519622803,3.1356687234491414,-0.026108771562576294,-0.11677837371826172,-0.015796639025211334,-0.025516927242279053,-0.03986380994319916,0.01806783676147461,1.0,0.02,0.019051343202590942,-0.07201175391674042,0.04062693566083908,1.0,-0.057803258299827576,1.015919692399778,-0.023415982723236084,-0.027275502681732178,-0.03977075219154358,-0.023561984300613403,-0.04499340057373047,-0.0025158673524856567,-0.04096521437168121,0.03336684056557715,-0.04687407612800598,0.8840411246313501,0.0059372782707214355,-0.04541531205177307,1.0,0.028214648365974426,-0.08196854591369629,1.0,1.2649841323470805,-0.022877424955368042,-0.0021966397762298584,-0.02839493751525879,-0.048644259572029114,1.0301148836417993,0.007426425814628601
500,3.0724752809338454,0.966311332803467,0.9250660021803045,-0.9291042931025708,0.060145019673259796,2.6101363050444992,-0.2594613318275983,-0.548321139845739,0.2977198871400618,1.3925877838826406,0.2781094176174004,0.18855818087223813,0.2264837098403659,-0.5818052323262048,-0.11508817998746523,-0.8496490292500593,-0.23399330938364013,-0.9277618050969033,0.8897559409509046,0.4251190946480461,-0.8444701338705201,0.17336037791348496,2.573261437483051,-0.2929166745428915,2.160931997491939,-0.11188547844834705,0.798774093100461,0.977198082695409,-0.10386247909573018,0.01580501167463112,-0.8500955280586617,0.1552764347392086,1.380579258027338,1.3706126419681894,0.07118374068705055,-0.3155594769815116,-0.022349178791046143,0.09291449189186096,-0.021924376487731934,-0.07554177939891815,0.02711477130651474,-0.027260154485702515,-0.011321783065795898,0.026309072971343994,-0.014328107237815857,-0.0076166242361068726,0.0019071400165557861,0.0029480457305908203,0.20082522928714752,-0.05025354027748108,0.12885436415672302,0.2691267728805542,2.9404169819414516,0.03210076689720154,-0.09650500118732452,0.10441933572292328,0.2687934637069702,-0.02982214093208313,1.0,0.1998429298400879,0.016017213463783264,-0.0039234161376953125,1.0,53828.116586688935,0.024233296513557434,-0.011932283639907837,0.20311351120471954,0.086576446890831,0.10979510843753815,-0.004980146884918213,0.003985926508903503,0.0054670944809913635,-0.021474674344062805,-0.018008485436439514,0.11309335380792618,0.10336469113826752,2.6957968704951525,-0.03786399960517883,0.014071211218833923,-0.03389623761177063,-0.0385204553604126,-0.08185553550720215,0.07463676482439041,-0.019591525197029114,0.012175977230072021,3.7247886127971865,-0.01771131157875061,1.0,0.00038985908031463623,1.0,0.09056839346885681,-0.07438614964485168,0.08452621288597584,-0.04961879551410675,0.0007493644952774048,-0.044275566935539246,0.026612073183059692,-0.01893565058708191,2.0045171646354993,-0.05977284908294678,-0.0706593245267868,0.02171631157398224,-0.05001455545425415,-0.058374643325805664,0.030906230211257935,1.0,0.02,-0.012157455086708069,-0.0962853729724884,0.09049639105796814,1.0,0.012949451804161072,1.7793573454708516,-0.002215147018432617,-0.025234326720237732,0.012324541807174683,-0.010086685419082642,-0.025603145360946655,0.00561242550611496,-0.04067343473434448,0.09335103072226048,-0.07599848508834839,0.8423075173131169,-0.023850321769714355,-0.02505756914615631,1.0,0.0782770961523056,-0.05562108755111694,1.0,1.945246658206093,0.00953584909439087,-0.042104750871658325,-0.0398486852645874,-0.07041265070438385,2.1208756445962615,-0.060088321566581726
600,1.4767799167175621,1.8983987661685557,0.8542642531772582,-0.992640173877977,-0.6132069106666915,1.8634154371604572,0.28862600194885585,0.21312597989110632,-0.6639514744150155,2.5218235277076477,-0.5808683927141569,-0.8868077676407485,0.7677040057866755,0.6143086238134814,-0.5896696939778636,-0.8536741942035095,-0.8775905318711192,0.1896058972730291,0.8261542592778682,0.8354659735682445,0.4259488008897413,0.6143661818745096,3.9061275426314057,-0.7960000695234583,1.1138101445814572,0.5669559568597828,0.7818123055852881,0.9201070456229514,-0.76568071250614,-0.5940526145595251,-0.8909598356649635,-0.5216956977994724,1.798125954996829,1.8957072946792843,-0.6147410866477285,-0.8743023750581889,0.0020515769720077515,0.06912729144096375,0.013702094554901123,-0.05443774163722992,0.0024032145738601685,-0.04619212448596954,-0.03392776846885681,-0.008857861161231995,0.00416053831577301,0.0339977890253067,-0.015170633792877197,-0.03835783898830414,0.18984778225421906,-0.07376471161842346,0.14231827855110168,0.2622973620891571,1.854076088846165,-0.02944907546043396,-0.06280708312988281,0.09807300567626953,0.26912808418273926,-4.6446919441223145e-05,1.0,0.16761568188667297,0.0002547949552536011,-0.02340051531791687,1.0,11921.018505752118,-0.006683312356472015,0.022448986768722534,0.2260926514863968,0.03098839893937111,0.050634466111660004,-0.02421131730079651,-0.011169478297233582,-0.002849794924259186,0.016155287623405457,0.019879162311553955,0.034116558730602264,0.05154534429311752,1.2537597518737604,0.03124542534351349,-0.0023767054080963135,0.04437144100666046,-0.005293011665344238,-0.07400703430175781,0.014787803404033184,0.020605236291885376,0.021182626485824585,5.031035313796778,-0.02123938500881195,1.0,-0.021156668663024902,1.0,0.02542998641729355,-0.1065598726272583,0.08397663943469524,-0.08689318597316742,0.028567597270011902,-0.07347802817821503,-0.0022529959678649902,0.013227313756942749,3.205146514179736,-0.0370732843875885,-0.09935876727104187,-0.01744912564754486,-0.0269010066986084,-0.07440343499183655,0.021374866366386414,1.0,0.02,0.015214696526527405,-0.05860629677772522,0.06098306179046631,1.0,-0.0566975474357605,1.3606633779568382,-0.043274521827697754,-0.014557763934135437,-0.06186586618423462,-0.03163996338844299,-0.04262864589691162,-0.006783001124858856,-0.055692777037620544,0.03702257887925953,-0.06410416960716248,1.5927084675784626,0.0068357884883880615,-0.03893546760082245,1.0,0.027695011347532272,-0.08484548330307007,1.0,1.3991290034654582,-0.014520406723022461,0.005077838897705078,-0.05599042773246765,-0.04241429269313812,1.2503553633512168,-0.009845584630966187
700,3.0071743131402973,0.9433340929935212,0.8910256359587864,-0.9387804643787057,0.3051694550838935,3.2259215221302187,-0.8140860181265266,-0.8494444306081759,0.08216392562564982,1.446675608435799,-0.12481253902695012,-0.19577088133047782,0.14067304883214363,-0.35401524513062504,-0.0779170543468453,-0.74385653687999,-0.1299533878410958,-0.7464839787708799,0.925629125917103,0.49980496390215934,-0.21229760571372341,0.31193283484071144,2.686735555533806,-0.2793917207318298,2.5280344586587633,-0.08123623713683015,0.697431408168115,0.9479798231663424,0.05024580695140726,-0.14914354853339612,-0.7979729581146254,0.056262585702903635,1.884749189962729,1.3740818904718801,-0.4034457031659153,0.22524968444679622,-0.01745590567588806,0.09622567147016525,-0.014012843370437622,-0.08457746356725693,0.03140001744031906,-0.02591775357723236,-0.005334436893463135,0.029794961214065552,-0.004248976707458496,-0.0009884238243103027,0.012206807732582092,0.007449530065059662,0.15612927079200745,-0.049026817083358765,0.10203129053115845,0.25555920600891113,3.0768078160040897,0.028311491012573242,-0.09010075777769089,0.1129269227385521,0.27637335658073425,-0.04338175058364868,1.0,0.18869680166244507,0.03378315269947052,0.016862034797668457,1.0,26472.319277945415,0.026488743722438812,-0.010259971022605896,0.2037171721458435,0.05741989612579346,0.08936390280723572,0.012095898389816284,0.014201447367668152,0.014498941600322723,-0.011527925729751587,-0.012906819581985474,0.08525827527046204,0.0680178627371788,2.639211507869544,-0.006585657596588135,0.03472986817359924,-0.01303417980670929,-0.038151562213897705,-0.10479122400283813,0.03616436570882797,-0.016868308186531067,0.02902454137802124,3.7436410244575677,-0.03581675887107849,1.0,0.025124281644821167,1.0,0.04170263558626175,-0.06839969754219055,0.08459661528468132,-0.05483907461166382,0.013225734233856201,-0.04452943801879883,0.030185461044311523,-0.012988865375518799,1.6543392402566304,-0.07674512267112732,-0.0646536648273468,0.022073455154895782,-0.04656088352203369,-0.07528114318847656,0.04199989140033722,1.0,0.02,-0.0164262056350708,-0.08748859912157059,0.08913618326187134,1.0,-0.00192154198884964,2.6368522077035936,-0.029818087816238403,-0.014676719903945923,-0.0016856491565704346,0.007345259189605713,-0.02051764726638794,0.016528569161891937,-0.04761067032814026,0.06359015684574842,-0.08565372228622437,0.5897661504565465,-0.01622486114501953,-0.019662469625473022,1.0,0.04165813326835632,-0.05761489272117615,1.0,1.491304376626656,0.014627344906330109,-0.021204054355621338,-0.04076281189918518,-0.06701674312353134,2.555168845117533,-0.06215471029281616
800,2.1371325819995244,1.46385288142653,0.8040402834263696,-0.9810267528740333,0.1966568375884042,3.0501843182577133,-0.6221043893689147,-0.21228813459448778,-0.31362224249289794,1.579570609271697,-0.5593727469227899,-0.6036760507657952,0.19786813345009469,0.16940391720818176,-0.43138343884827335,-0.7221705534029383,-0.10601966854028011,-0.44853988466499684,0.8800781167065788,0.5577816823145357,-0.1525873180951529,0.44157848197473615,2.997711521236833,-0.609936298690541,2.1593287653840325,0.30244277050494944,0.08210195238422466,0.9228764576646852,-0.06279325035704403,-0.3863555820035395,-0.8437712182246281,-0.2520514389309842,1.9817188883906645,0.9402625229335558,-0.8458921528454162,0.17602406108140783,-0.025407105684280396,0.07528423517942429,-0.016573548316955566,-0.0788758397102356,0.014512483030557632,-0.025495439767837524,-0.01993688941001892,0.015181586146354675,0.0023443400859832764,0.01042473316192627,0.0042069703340530396,-0.02730730175971985,0.1308194398880005,-0.05702868103981018,0.0886339545249939,0.24815794825553894,2.645638059634182,0.005868896842002869,-0.07245229929685593,0.10461533069610596,0.273920476436615,-0.0517602413892746,1.0,0.1665557622909546,0.02871127426624298,0.01807427406311035,1.0,4004.100358273055,0.007630400359630585,-0.00021499395370483398,0.2246101051568985,0.034713685512542725,0.042958006262779236,0.01286250352859497,0.006505779922008514,0.010098636150360107,0.0036375224590301514,0.012216001749038696,0.041715338826179504,0.03173157945275307,1.9028405403741668,0.011153385043144226,0.0307299941778183,-0.004804991185665131,-0.03499087691307068,-0.06796282529830933,0.043948374688625336,-0.0038138777017593384,0.02849307656288147,4.051919876066472,-0.024870529770851135,1.0,0.024591058492660522,1.0,0.04385990649461746,-0.0763382613658905,0.08424200490117073,-0.07274557650089264,0.02930527925491333,-0.05733846127986908,0.01017250120639801,-0.007904589176177979,2.0504169045577787,-0.08690690994262695,-0.07546849548816681,0.006363525986671448,-0.035470277070999146,-0.10004633665084839,0.034410521388053894,1.0,0.02,-0.034059926867485046,-0.054534099996089935,0.034491926431655884,1.0,-0.0435589998960495,2.981387802033069,-0.06221449375152588,-0.009576380252838135,-0.059666186571121216,0.00911259651184082,-0.029862582683563232,0.00890783965587616,-0.061753734946250916,0.03860677359625697,-0.08008629083633423,1.0102263703542358,-0.002755492925643921,-0.02281251549720764,1.0,0.03543537110090256,-0.06796452403068542,1.0,0.8911472435321514,0.009267471730709076,-0.009677857160568237,-0.04905864596366882,-0.038848280906677246,2.2730965098577163,-0.06088876724243164
900,1.7470744359047505,0.8452921158893133,0.7693558038113313,-0.9469614395586046,0.244309727219938,2.3438077166400544,-0.6364254346871026,-0.5606710460645519,-0.20192814637077033,2.6461114376514216,-0.4878741445749324,-0.5693546937957901,0.11149591376032492,-0.06032466002908988,-0.601163911518787,-0.63295160173087,0.19567868821926956,-0.2535186097824064,0.8495083369915621,0.41020174926956593,-0.17150439152672686,0.15163952556975135,2.8168802004400497,-0.7028861761093287,1.8861541481395472,0.476117295679119,0.5696803437092903,0.9013394366500136,-0.0197485707111034,-0.03736393242238413,-0.7380137043248945,0.188973746345991,2.5023700141697867,1.5591977686220728,-0.9462755802803431,0.25529502184882885,-0.015180021524429321,0.07458359003067017,-0.013584256172180176,-0.07695238292217255,0.007581062614917755,-0.02231709659099579,-0.06806379556655884,0.007672920823097229,-0.0027773454785346985,0.022647246718406677,-0.0027088671922683716,-0.01092490553855896,0.11155921220779419,-0.04213076829910278,0.09414784610271454,0.25931066274642944,1.6004994415047689,-0.09674349427223206,-0.06519266963005066,0.10273022949695587,0.27755075693130493,-0.0440114289522171,1.0,0.14138230681419373,0.01614190638065338,0.024271607398986816,1.0,5478.781001354768,-0.00393880158662796,0.015858903527259827,0.19976940751075745,0.1224571093916893,0.11701342463493347,0.01409214735031128,0.0035149455070495605,-0.022968411445617676,-0.006056874990463257,0.0010196566581726074,0.10112350434064865,0.10191872715950012,1.5846953274153472,-0.0024073943495750427,0.019492104649543762,0.03404339402914047,-0.009267300367355347,-0.06674057245254517,0.12029621005058289,0.007824301719665527,0.035366401076316833,3.857936134583741,-0.01325397938489914,1.0,0.015821784734725952,1.0,0.12404646724462509,-0.0923411101102829,0.08455917611718178,-0.06996902823448181,0.019052714109420776,-0.060445964336395264,0.002133473753929138,-0.01654389500617981,1.2159202129212139,-0.07519042491912842,-0.10125523805618286,-0.035850465297698975,-0.03737008571624756,-0.12730927765369415,0.01778632402420044,1.0,0.02,-0.018130183219909668,-0.05045345425605774,0.06903708726167679,1.0,-0.017836958169937134,3.5268372039290465,-0.01209038496017456,-0.014391973614692688,-0.016258180141448975,0.008951246738433838,-0.01566968858242035,0.00532897561788559,-0.05586543679237366,0.10858682822436094,-0.06836771965026855,0.4498148063641451,-0.008305072784423828,-0.01623627543449402,1.0,0.11280209571123123,-0.06254410743713379,1.0,1.1901730652671934,0.006923481822013855,-0.017553091049194336,-0.03892350196838379,-0.04697754979133606,1.9890742918343718,-0.06956057250499725
1000,1.0631449945030904,1.0077138815410125,0.6699468475173894,-0.9362660792870688,0.35806538253669995,2.4282082010354586,-0.04178965460608995,0.03758563884565248,0.7154735790309965,1.611964819079588,0.3437196768049559,0.39058404446722617,0.13376714288891342,-0.8539878541166643,-0.5325833501150439,-0.5098059898322661,0.44449595076331583,-0.49406156125158174,0.7888876684484198,-0.33026088229544476,-0.36612984528466175,-0.01647397263486561,2.282103694432988,-0.734286705138643,1.7302941725416592,0.38956247703588126,-0.298240047151186,0.7892284089022928,-0.030753071489310807,0.09224962581030448,-0.5704031843505946,0.19616099354984642,2.1642914304754304,1.4445309250077674,-0.9363648145141776,0.2575495098797075,-0.0391513928771019,0.0650353729724884,-0.008562237024307251,-0.07365396618843079,-0.0021551698446273804,-0.012259699404239655,-0.04354715347290039,-0.0025638043880462646,-0.0037475526332855225,-0.014284417033195496,-0.009341582655906677,-0.0012764930725097656,0.07437404990196228,-0.012970447540283203,0.0710008293390274,0.25777509808540344,1.7071696617504302,0.0014268755912780762,-0.050297074019908905,0.10114888846874237,0.26182571053504944,-0.031197011470794678,1.0,0.13891439139842987,0.01773136854171753,0.023603469133377075,1.0,16875.53577398723,-0.02105717360973358,0.0018576458096504211,0.18992432951927185,0.0635722205042839,0.057273153215646744,0.012216538190841675,0.004010520875453949,0.0034343451261520386,-0.024541109800338745,-0.001210540533065796,0.06766695529222488,0.062108948826789856,1.108729665400425,-0.053842127323150635,0.02115914225578308,-0.024782836437225342,-0.0066138505935668945,-2.8312206268310547e-07,0.06912993639707565,0.0038930177688598633,0.024277880787849426,3.3661786271159864,-0.017811208963394165,1.0,0.01915328949689865,1.0,0.0563836507499218,-0.06359578669071198,0.08360252156853676,-0.038801342248916626,-0.03003975749015808,-0.041986942291259766,-0.004130259156227112,-0.031269729137420654,1.9649985799485177,-0.05934831500053406,-0.07386647164821625,-0.0021326541900634766,-0.034785836935043335,-0.10478803515434265,0.022195741534233093,1.0,0.02,-0.03923231363296509,-0.008089825510978699,0.07796542346477509,1.0,-0.01943826675415039,3.5638398331796046,0.01810210943222046,-0.012937426567077637,0.01367400586605072,0.009446948766708374,-0.01784561574459076,0.0032095015048980713,-0.03771178424358368,0.06556834373623133,-0.06613755226135254,1.1364659686208805,-0.0007206499576568604,-0.014464505016803741,1.0,0.07044646143913269,-0.0513761043548584,1.0,0.9493598641930963,0.004148997366428375,-0.038551896810531616,-0.01982387900352478,-0.008154794573783875,1.8241356346513269,-0.06148962676525116
1100,1.2349141369426655,1.6584205369866083,0.3863050474804146,-0.7632522969320672,0.42768287886292494,0.963751236493213,0.28103467517305325,0.4754304632656068,0.8797305631997041,0.9334740594731612,0.24427929418685324,0.7931217812697572,0.13726827078640338,-0.7839081038103511,-0.2823490170510332,0.06298337750879224,0.5569743303749826,-0.2650835285857677,0.5426602438364672,-0.2404185422053136,-0.36840016297373357,-0.17827563099397256,1.381521358403639,-0.4440616985180147,2.573301180676042,-0.05398459940757881,0.6424012567774231,0.8578298842472034,0.12690116489886433,0.477210085216532,-0.4083477431216763,0.6040598732003872,2.5069138480082005,1.4944395701758464,-0.33100303018838184,0.516105277245031,-0.012360483407974243,0.06270551681518555,0.0002644062042236328,-0.09034161269664764,-0.005438230931758881,-0.012561582028865814,-0.006169825792312622,-0.003526642918586731,-0.014558844268321991,-0.06552930176258087,0.005981862545013428,0.009179137647151947,0.05304650217294693,-0.005786269903182983,0.05730137228965759,0.26504218578338623,1.497010343877967,-0.03619571030139923,-0.052333980798721313,0.10745523869991302,0.2596099376678467,-0.019314631819725037,1.0,0.11434142291545868,-0.010827109217643738,0.024206116795539856,1.0,26589.539243360778,-0.018326476216316223,-0.010120660066604614,0.17646312713623047,0.07115212827920914,0.0983826145529747,0.016067296266555786,0.012434735894203186,0.013532347977161407,-0.039707958698272705,-0.021461576223373413,0.12406471371650696,0.09544460475444794,1.2901179088835741,-0.04365290701389313,-0.0034266039729118347,-0.09240320324897766,-0.00596928596496582,-0.013387486338615417,0.03270266205072403,-0.0012270957231521606,0.02632349729537964,2.2815024169090194,-0.001733291894197464,1.0,0.0014910027384757996,1.0,0.05063304305076599,-0.04578440636396408,0.08404649049043655,-0.03019806742668152,-0.0318710058927536,-0.029968902468681335,-0.008690431714057922,-0.05359193682670593,0.63715663139381,0.02278769016265869,-0.05351274460554123,0.001731373369693756,-0.0348091721534729,-0.030171148478984833,-0.05641859769821167,1.0,0.02,-0.014802508056163788,-0.0022034049034118652,0.130672425031662,1.0,-0.01962876319885254,4.147114926090804,0.02233937382698059,-0.023226715624332428,-0.006125040352344513,-0.014794349670410156,-0.002665579319000244,-0.011185750365257263,-0.009032666683197021,0.0813711378723383,-0.035185232758522034,1.9012279909589405,-0.003550797700881958,-0.002076879143714905,1.0,0.04791691154241562,-0.029387593269348145,1.0,1.0853160720070112,0.011905111372470856,-0.023388713598251343,-0.0016381144523620605,0.0133582204580307,2.604723714299002,-0.03653344511985779
1200,0.3798383013576979,1.15968703500641,-0.3755740710545631,-0.8329016185857954,0.011673152141007993,2.0785372011420944,-0.19560629234285437,0.2923517072135364,0.8035905312783691,0.7322051079423246,-0.21961982672949698,0.15740617807949586,0.5365895756932542,-0.834827699051094,0.2306290332460524,0.2473530956223423,-0.35686779225904286,-0.43836219030373913,-0.29826877132117724,0.3307061224439711,0.14960949691719608,-0.10771355561365174,1.4217497242152568,-0.11750405925396706,2.0304299148386558,-0.37064916506351586,0.12817600227169093,0.5082563732789736,-0.44458694390127185,0.37674034094269426,-0.021055793941267578,0.4938009698920296,1.4923809526445229,1.1788556967739716,-0.6595736077439778,0.4918013771183374,-0.008060265332460403,0.05765018239617348,0.00307270884513855,-0.07766840606927872,-0.008363019675016403,-0.02083948627114296,-0.011393651366233826,-0.009605791419744492,-0.010913766920566559,-0.04573500528931618,-0.006129719316959381,0.0013548731803894043,0.0489233173429966,0.0025118589401245117,0.05334853753447533,0.26131993532180786,3.93353903039215,-0.09190241247415543,-0.03624855354428291,0.10187263041734695,0.2358597069978714,-0.018194735050201416,1.0,0.09332791715860367,-0.037864185869693756,0.009777933359146118,1.0,17087.975161836293,-0.035264063626527786,-0.016734037548303604,0.16926978528499603,0.12547418475151062,0.07927533984184265,-0.007598280906677246,-0.008650235831737518,0.0070163533091545105,-0.030843019485473633,-0.016699716448783875,0.08018557727336884,0.05447627231478691,0.7272063517832841,-0.020969513803720474,-0.008360706269741058,-0.09344002604484558,-0.0036550164222717285,-0.04504548758268356,0.09221074730157852,-0.006058201193809509,-0.004422590136528015,2.465782508493578,-0.006494805216789246,1.0,-0.005827091634273529,1.0,0.08409367501735687,-0.010763097554445267,0.08304291777312756,-0.008659735321998596,-0.03207269310951233,-0.04004056751728058,0.00017967075109481812,-0.05333554744720459,0.4831780414313555,0.0012069493532180786,-0.04017210379242897,-0.0033239461481571198,-0.0178823322057724,-0.06322988867759705,-0.0608440563082695,1.0,0.02,-0.019857045263051987,-0.002193596214056015,0.06875583529472351,1.0,-0.032658208161592484,2.4338484940120253,-0.0024439841508865356,-0.025307107716798782,-0.018464796245098114,-0.021867379546165466,0.0011097677052021027,-0.01984085887670517,-0.000657305121421814,0.08773766038939357,-0.013333223760128021,1.258779926250935,0.0050348639488220215,-0.007214795798063278,1.0,0.11742965131998062,-0.031516432762145996,1.0,2.0769920107983393,0.004235111176967621,-0.0221673846244812,-0.015220165252685547,0.004895471036434174,2.0215275853705403,-0.019503172487020493
1300,0.44108359737564123,0.8394507503332049,-0.062363155553940064,-0.8171584264301464,0.3793290262491469,0.71292731154781,-0.4585125991461716,0.13467594595438853,0.6928661964003588,1.1595645300905406,0.01971249666802774,-0.9117504640459106,0.5841728275098215,-0.8858194902747843,0.3946605285461756,0.07894777989823125,0.3237541140873035,-0.7362932500764083,-0.05161158273301426,0.2708764366329882,-0.029114738336041925,-0.04777984349698644,1.4388096118630145,-0.20523995399772407,1.8035759136254985,-0.3698490025891833,-0.13822628904823878,-0.648500468724054,-0.7906376423679164,0.21936514575675492,0.8361411805314558,-0.09867724361438242,1.7516224675198284,1.5814452451716796,-0.8251057735960026,0.4612021878067754,-0.0374397337436676,0.058631569147109985,0.00105208158493042,-0.07568997889757156,-0.0034886375069618225,-0.013346884399652481,-0.024996310472488403,-0.004600048065185547,-0.011806052178144455,-0.015846792608499527,-0.009447194635868073,0.0005684420466423035,0.04404669255018234,-0.02003723382949829,0.04402169957756996,0.26920658349990845,2.4144385402423456,-0.06149624288082123,-0.028805799782276154,0.10000201314687729,0.22858881950378418,-0.006187066435813904,1.0,0.09072430431842804,-0.01669503003358841,0.0042709410190582275,1.0,11226.84098357863,-0.04448501020669937,-0.023781757801771164,0.15395177900791168,0.07352123409509659,0.08132428675889969,-0.024531632661819458,-0.04151066392660141,0.006252177059650421,-0.029953479766845703,-0.014678716659545898,0.07166125625371933,0.06162207946181297,0.8801272159133227,-0.013785861432552338,-0.0050758421421051025,-0.07960471510887146,-0.0015193819999694824,0.0013474076986312866,0.062420815229415894,-0.010638311505317688,-0.010066837072372437,2.392697155177403,-0.005449943244457245,1.0,-0.009171895682811737,1.0,0.0647365152835846,-0.007354434579610825,0.08375831134617329,-0.011508002877235413,-0.0339881032705307,-0.04697161912918091,-0.006820738315582275,-0.05691671371459961,0.8872887221940146,-0.014731884002685547,-0.030834447592496872,-0.0062746331095695496,-0.007579177618026733,-0.07089044153690338,-0.08644238114356995,1.0,0.02,-0.01763809472322464,-0.006120771169662476,0.10029590129852295,1.0,-0.03677357733249664,1.7159372313954042,-0.0170162171125412,-0.03831600397825241,-0.004827022552490234,-0.0106545090675354,-0.0025597810745239258,-0.013895981013774872,0.0036414414644241333,0.0721561387181282,-0.025988727807998657,0.9139371270938117,0.00671735405921936,-0.00804707407951355,1.0,0.06166702136397362,-0.029479146003723145,1.0,2.4035141033410925,-0.003840915858745575,-0.01929965615272522,-0.012348681688308716,0.004819847643375397,1.7672996365570182,-0.02248350903391838
1400,0.853173919335342,1.0081156445052237,0.09002909450048913,-0.9292199858577874,0.5449670801863155,0.5748364646956236,0.17400379445788788,-0.43153978795988135,-0.391746071574641,2.444257709984593,-0.1470832821902453,0.21643530781755532,0.6143795815164927,0.26632932395453623,0.403594520885575,-0.18241703643962265,0.3101849941080207,-0.549076728324473,-0.11950748544925048,-0.3034274490591256,0.82232933532146,-0.19997642375363694,2.498257781013086,-0.23749594518955536,1.091839408938483,-0.34220629352304877,-0.35022091254331245,-0.8348755895093983,-0.7643920583682434,0.2965354576701099,0.9055179261604667,-0.08837210118471042,1.3903543907403841,1.0170959681852003,0.2799966820590581,0.030198388580859447,-0.02685897797346115,0.061532191932201385,-0.005040645599365234,-0.05895453691482544,-0.0007187724113464355,-0.02447769045829773,-0.01883557438850403,-0.013696148991584778,-0.010730568319559097,-0.03362817317247391,-0.021736234426498413,-0.03406347334384918,0.03587641566991806,-0.014772117137908936,0.04210897535085678,0.2646968364715576,1.5030756174595374,-0.06048276275396347,-0.01861027628183365,0.09800231456756592,0.2288709282875061,-0.0251980721950531,1.0,0.08428657799959183,-0.01381932944059372,-0.002023369073867798,1.0,20174.860611138454,-0.05013862997293472,-0.03302406519651413,0.16175872087478638,0.07731945067644119,0.058864232152700424,-0.015828415751457214,-0.045142531394958496,0.0007805377244949341,-0.009026959538459778,-0.02340926229953766,0.06004069745540619,0.05192340165376663,1.3128376849801842,-0.022347040474414825,-0.011169664561748505,-0.061852142214775085,-0.009481281042098999,-0.030647389590740204,0.06543995440006256,-0.02140742540359497,-0.014592736959457397,3.613151731618329,-0.00637073814868927,1.0,-0.0044496431946754456,1.0,0.07317745685577393,-0.016003161668777466,0.08195659704506397,-0.0023588836193084717,0.01602967083454132,-0.06530183553695679,-0.008581511676311493,-0.030882805585861206,0.8075292742701186,-0.012758195400238037,-0.018241845071315765,-0.009455658495426178,-0.014861151576042175,-0.09240099042654037,-0.10667525976896286,1.0,0.02,-0.03543636202812195,-0.003771834075450897,0.09843428432941437,1.0,-0.009048499166965485,1.870135257307295,-0.004771575331687927,-0.02881525456905365,-0.021797776222229004,-0.01966288685798645,-0.003991551697254181,-0.01395578682422638,0.013329699635505676,0.07009719731286168,-0.027568139135837555,0.9029995059015333,-0.0013853609561920166,-0.0095590241253376,1.0,0.07557810097932816,-0.05308502912521362,1.0,3.8931799903419644,-0.0019699037075042725,-0.02614578604698181,-0.005873560905456543,0.00012788176536560059,1.0954871481922355,-0.01891966536641121
1500,0.47699457360091774,0.8603221536930924,-0.2743830189532826,-0.892302420402068,0.12805309648808408,3.106455948475994,-0.06494130626842813,0.01740673689540473,-0.0071646986100584314,0.5207171649368342,0.22266372465189724,-0.4668043316302317,0.32028784831407664,-0.23694035797385865,0.41236253758540775,0.1764894821777076,0.2700754796114801,0.13115032839764948,0.03724106685883859,0.35258381220036655,0.4680537692419097,-0.1592066237071374,1.8547240363070896,-0.33085940511446627,1.6394628082361073,-0.42771473012965877,0.5542705061384616,-0.5706040759014427,-0.4279269166633244,0.15732178635798144,0.791534579988773,-0.12259689909246209,1.6773564286234515,2.3203809523753205,0.4167852554334212,0.6763714862826317,-0.024165913462638855,0.06085620075464249,-0.0028134286403656006,-0.07113086432218552,-0.0020746812224388123,-0.0012021064758300781,-0.01876269280910492,-0.013113640248775482,-0.01850142329931259,-0.011357784271240234,-0.013212792575359344,-0.015390478074550629,0.042990170419216156,-0.016895651817321777,0.03541097790002823,0.27034300565719604,5.47442777642774,-0.11400066316127777,-0.029453232884407043,0.10115409642457962,0.22861993312835693,-0.026638031005859375,1.0,0.08331352472305298,-0.03687065839767456,-0.004721060395240784,1.0,8597.892170832065,-0.04404795169830322,-0.017589375376701355,0.14607635140419006,0.13184049725532532,0.16100677847862244,-0.009740158915519714,-0.044400207698345184,0.005013979971408844,-0.020343169569969177,-0.01256425678730011,0.17324881255626678,0.11488530784845352,0.9019200978730264,-0.0006215274333953857,-0.0031552165746688843,-0.11373720318078995,-0.0050580501556396484,0.006680414080619812,0.13250286877155304,-0.013179585337638855,-0.004758849740028381,2.9099562144078583,0.006503783166408539,1.0,0.003840811550617218,1.0,0.13148480653762817,-0.008546203374862671,0.08467457257211208,-0.00956830382347107,0.020729675889015198,-0.05855122208595276,-0.009948916733264923,-0.047009050846099854,1.6413741036095328,-0.00012806057929992676,-0.036332957446575165,-0.007920131087303162,-0.022590547800064087,-0.06077464669942856,-0.05551227927207947,1.0,0.02,-0.003342926502227783,-0.00554029643535614,0.193478524684906,1.0,-0.008592940866947174,2.524849428351926,-0.0013577640056610107,-0.043558694422245026,0.0029013901948928833,-0.014699041843414307,-0.00807579979300499,-0.01198955625295639,0.009673506021499634,0.14463385194540024,-0.0071980878710746765,0.5999440266688868,0.00015664100646972656,-0.005626209080219269,1.0,0.11862321943044662,-0.04066711664199829,1.0,1.1741895700949996,0.0023474469780921936,-0.02409517765045166,-0.006724238395690918,0.003426097333431244,1.5552114914220385,-0.010152570903301239
1600,0.8256164393581092,1.325272001278506,-0.2518148366970424,-0.8921241821041722,0.3173571892610378,1.643420171211848,0.18398202731475494,-0.09170096623618196,-0.31743586547781594,0.9574284798323968,0.21098570520085927,0.3597840152556568,0.49130476552595537,0.207207094355751,0.6071238386889546,0.11687035554843705,0.24415870614778573,-0.8091003248682579,0.06264614062115102,-0.18284672305595823,0.07415554124878992,-0.12941435897279485,1.8668729072366976,-0.44439991883041075,1.489057474558757,-0.5499271367709108,0.2152816669975997,-0.7249989469680365,-0.6578036828424201,0.14798247164874567,0.8406382066932283,-0.21526739414621712,1.3525102081910196,1.2400371609818133,-0.7875206539803417,0.7941809016582031,-0.05034836009144783,0.05959431082010269,-0.0027206838130950928,-0.06729699671268463,-0.0005477853119373322,-0.011983424425125122,-0.020566284656524658,-0.016019947826862335,-0.013157393783330917,-0.020836394280195236,-0.016046583652496338,-0.038128674030303955,0.035227078944444656,-0.030014336109161377,0.03164355084300041,0.269896000623703,3.8093428322902487,-0.10366542637348175,-0.021844297647476196,0.10073798894882202,0.22433030605316162,-0.029758095741271973,1.0,0.07670393586158752,-0.02341538667678833,-0.013465628027915955,1.0,23999.352950553784,-0.04910087585449219,-0.02498771622776985,0.14422762393951416,0.05668586865067482,0.09818347543478012,-0.01414605975151062,-0.057257622480392456,0.003583647310733795,-0.010707497596740723,-0.013431891798973083,0.08906054496765137,0.02323872409760952,1.1588454012888845,-0.016726788133382797,-0.009417064487934113,-0.11139786243438721,-0.005207955837249756,0.0003389120101928711,0.07953723520040512,-0.01697191596031189,-0.016838490962982178,2.921458005160039,-0.002741064876317978,1.0,0.0013273954391479492,1.0,0.07900475710630417,-0.018223721534013748,0.08396705612540245,-0.009529665112495422,0.0035345852375030518,-0.06592434644699097,-0.017642058432102203,-0.047147661447525024,1.005748879998962,-0.009067714214324951,-0.025785885751247406,-0.00994030386209488,-0.01682955026626587,-0.0772951990365982,-0.08643822371959686,1.0,0.02,-0.022313300520181656,-0.005229242146015167,0.05281976982951164,1.0,-0.01628461480140686,1.9343161222683476,-0.015766218304634094,-0.04624160751700401,-0.00954166054725647,-0.011937826871871948,-0.008927635848522186,-0.010988295078277588,0.011934950947761536,0.06543351872824132,-0.01573631912469864,1.0875547071112515,0.00298270583152771,-0.010544698685407639,1.0,0.044937774538993835,-0.04074922204017639,1.0,2.0529258479659416,0.0010051727294921875,-0.0362401008605957,-0.007052391767501831,0.0018189549446105957,1.4035322485099884,-0.013730492442846298
1700,0.5920891285959943,0.6922396806061492,-0.3148762470214445,-0.8646073114477277,0.4034945018937522,5.16835132335668,-0.10276284398269679,-0.187899054732173,0.19225693147882364,0.7700678142216774,0.10641285535045228,-0.7542519695823413,0.6150965208670394,-0.5525251993241217,-0.3561048017300906,0.2031743022217023,-0.0642174307181869,0.5832682280715513,0.056235566687892306,0.09941090489203326,0.0907435605712115,0.40133175036472307,1.7084034584021255,0.03510014661042526,1.3198819319407,0.21977603895572626,0.12157303802771097,-0.5472445961411424,-0.7882017812789979,-0.31697950444119394,0.7426329991039129,0.2305993403790591,1.462846383298357,0.30018127790608945,0.8239615220446388,0.6690914806970207,-0.031279221177101135,0.060988035053014755,0.000623553991317749,-0.06467188894748688,-0.0020164288580417633,-0.014520024880766869,-0.015122592449188232,-0.0025262124836444855,-0.006215425208210945,-0.036542341113090515,-0.018440067768096924,-0.01228339970111847,0.026563378050923347,-0.021344095468521118,0.0370158851146698,0.27112239599227905,7.2688176169480085,-0.08668989688158035,-0.029763247817754745,0.09934093058109283,0.22491103410720825,-0.00958453118801117,1.0,0.0843016728758812,-0.05514604598283768,0.0007003843784332275,1.0,57265.603884017786,-0.04064692184329033,-0.007071994245052338,0.13227953016757965,0.08952745050191879,0.06340824067592621,-0.022300302982330322,-0.04195348918437958,-0.0037659183144569397,-0.02934795618057251,-0.0003683120012283325,0.037827931344509125,0.04332171380519867,1.1459367727080014,0.0031815990805625916,0.007949061691761017,-0.07480979710817337,-0.005802333354949951,0.009217463433742523,0.04682458937168121,-0.0005861222743988037,-0.019273996353149414,2.72320789908461,-0.0015291888266801834,1.0,0.015255726873874664,1.0,0.06138398498296738,-0.0018512234091758728,0.08461783826351166,-0.009604886174201965,0.017015084624290466,-0.05554060637950897,-0.009992409497499466,-0.052052319049835205,0.5699297026905787,-0.006914466619491577,-0.0462225079536438,-0.00221923366189003,-0.009097367525100708,-0.0493551641702652,-0.021552354097366333,1.0,0.02,-0.043033137917518616,-0.0006727688014507294,0.15804360806941986,1.0,-0.006749149411916733,1.4683440923298523,0.0014075934886932373,-0.03798999637365341,0.008724398910999298,-0.009640499949455261,-0.0021053534001111984,-0.011789411306381226,0.005762085318565369,0.07138906233012676,0.008050590753555298,0.657768213695741,-0.005412042140960693,-0.01864941604435444,1.0,0.07077497988939285,-0.0370098352432251,1.0,0.7401636697319475,-0.001896888017654419,-0.024541854858398438,-0.008400380611419678,-0.018672652542591095,1.2082766430287777,-0.01287919282913208
1800,0.4752701959685363,1.8205713097771947,-0.11525522152476134,-0.7818563689748548,0.4209824249467941,0.9272312855614364,0.38072272878363433,0.14740623301383587,-0.31540956338093507,1.3973991097110767,0.18043871139736423,0.2041327448948227,0.5926298257869239,0.2591885407291258,0.4242794817848785,0.12862671653010446,-0.47654507512552763,-0.33509086174750036,0.04602714006409315,-0.012843483594547376,0.6264397560601335,0.0901829020088283,1.4886692438216174,-0.024396294654713394,1.8573632524278503,-0.22229432523549258,0.21636781371917158,-0.38685602166018435,-0.7476491012767654,0.05524973841228901,0.7220542472756912,0.21571352010166103,1.5054750160159298,2.3547871442962824,-0.7539141516536272,0.23706208424432246,-0.050156962126493454,0.05911978334188461,-0.0028807222843170166,-0.07270951569080353,-0.002208564430475235,-0.03144245222210884,-0.015968680381774902,-0.004244871437549591,-0.001392606645822525,-0.026957551017403603,-0.008678272366523743,-0.04128585755825043,0.02805231884121895,-0.020745187997817993,0.02894439734518528,0.27192941308021545,2.5330387369244316,-0.10687681287527084,-0.02982965111732483,0.10287901759147644,0.2235831767320633,-0.025767594575881958,1.0,0.06554276496171951,-0.020089171826839447,0.0006128251552581787,1.0,26743.89464894988,-0.03903081268072128,-0.02067778818309307,0.13698306679725647,0.14617285132408142,0.07764709740877151,-0.022874340415000916,-0.04554371535778046,0.007029101252555847,-0.005132466554641724,-8.913874626159668e-05,0.06686411052942276,0.0986809954047203,0.7640156664324737,-0.011857016012072563,-0.007233254611492157,-0.10126543790102005,0.0011560618877410889,-0.026692353188991547,0.10018521547317505,-0.014105990529060364,-0.018832966685295105,2.2621470465084728,-0.0006808582693338394,1.0,-0.006564036011695862,1.0,0.11256760358810425,-0.011399490758776665,0.0841751117259264,-0.0038885921239852905,0.004983425140380859,-0.07250669598579407,-0.013162784278392792,-0.05586084723472595,1.702331897758103,-0.014900311827659607,-0.027098407968878746,-0.003318607807159424,-0.0063164085149765015,-0.07608548551797867,-0.09594222158193588,1.0,0.02,-0.03760787472128868,0.0010751672089099884,0.13480202853679657,1.0,-0.025786541402339935,0.7831972725264158,-0.009859934449195862,-0.01729895919561386,-0.008704833686351776,-0.014146491885185242,-0.003959614783525467,-0.012352757155895233,0.011594504117965698,0.10720376204699278,-0.016773469746112823,1.3038652240138295,-0.0021816790103912354,-0.014644529670476913,1.0,0.12071019411087036,-0.03151640295982361,1.0,2.606216453833832,-0.01021672785282135,-0.03936687111854553,-0.006777375936508179,-0.003710806369781494,1.7911750062410627,-0.016474483534693718
1900,0.8856218240130892,2.408692510423314,-0.3367677533031621,-0.6983311674958658,0.7279249210834073,0.8383366473326807,0.4265272129199307,0.1368564243746259,-0.41698948126392377,0.8247924487261268,0.033448944245059946,0.42586746092216526,0.6999527896537642,0.5531182651137966,0.3016813441517351,0.14698437992369323,-0.3187373241211271,-0.4427491327193862,0.12296486078648733,-0.21680929043500302,0.518382599129761,0.2894014901806943,2.1494297446393045,-0.20587322797233565,0.5034384060860528,-0.2454445565194021,-0.023644662856881975,-0.5829468752936844,-0.7578694793656335,-0.13392688352542084,0.8662972265578834,0.2567746794783296,1.3177343843854021,0.3649184740067931,-0.7583241651743848,0.2585425793953653,-0.018688157200813293,0.061571747064590454,-0.0005487799644470215,-0.04558342695236206,-0.0006113052368164062,-0.022206857800483704,-0.017025500535964966,-0.005198158323764801,-0.008220376446843147,-0.012243881821632385,-0.01315712183713913,-0.0334835946559906,0.017050042748451233,-0.018689900636672974,0.022737424820661545,0.2693408131599426,2.6288442563100607,-0.10175950825214386,-0.0195004940032959,0.09521099925041199,0.22237937152385712,-0.03353503346443176,1.0,0.06635923683643341,-0.019987180829048157,-0.0014846324920654297,1.0,57261.6871744455,-0.021427005529403687,-0.020199354737997055,0.13275665044784546,0.06540562212467194,0.17083896696567535,-0.014906540513038635,-0.03426934778690338,-0.0022220760583877563,0.011901065707206726,-0.006248265504837036,0.14854806661605835,0.03556504473090172,1.3725552202753277,-0.015477314591407776,-0.010018259286880493,-0.11321566998958588,-0.002923727035522461,-0.005034536123275757,0.04167546331882477,-0.015721529722213745,-0.02120913565158844,3.100294162923693,-0.00584757886826992,1.0,-0.001206919550895691,1.0,0.05004502087831497,-0.012750986963510513,0.08470739610493183,0.011117815971374512,0.010313227772712708,-0.06626105308532715,-0.010208234190940857,-0.041784584522247314,0.4627316741606368,-0.005089506506919861,-0.03008662909269333,-0.005089566111564636,-0.008348628878593445,-0.07120093703269958,-0.10129773616790771,1.0,0.02,-0.02723085880279541,0.0037600547075271606,0.19658750295639038,1.0,-0.023831725120544434,1.1384142031224793,-0.013449147343635559,-0.04911641776561737,-0.01221909373998642,-0.01756252348423004,-0.003935668617486954,-0.006306827068328857,0.014039069414138794,0.09547147946432233,-0.018942639231681824,2.221737338913027,0.0025127828121185303,-0.018924400210380554,1.0,0.05510614812374115,-0.024454742670059204,1.0,1.645857895380981,-0.003144487738609314,-0.03533297777175903,-0.004019111394882202,-0.010000690817832947,0.5379795829040072,-0.012348044663667679
2000,0.5233993624863014,1.1113074375690424,-0.40827492982113767,-0.8343211045201105,-0.19695233636204304,0.7118804315525165,0.269724012123188,0.4565107413678592,-0.32705009014266295,0.9575054796887055,0.442943018190407,-0.788709989784497,0.6330457501565205,0.09295297386292997,0.13268567975271095,0.14478423632214454,0.2906879025111494,-0.425729942894435,-0.28566475659352425,0.08358610469953752,0.19875735451780366,0.37433679646783535,1.4292654822993027,-0.14739620574806633,0.8351695350624746,-0.15601534562081587,0.44813171968927806,0.23163443833098457,-0.8015945038986716,-0.414004057403046,0.004141819837263208,-0.40039145668894066,1.1853593346115776,0.5886018688923381,-0.47163932428949223,0.616298591387192,-0.007926922291517258,0.056553103029727936,-2.8818845748901367e-05,-0.05242220312356949,-0.008594878017902374,-0.011886309832334518,-0.019487276673316956,-0.004664398729801178,-0.004601564258337021,-0.05414945259690285,-0.022479936480522156,-0.026557840406894684,0.017994113266468048,-0.0058390796184539795,0.023041728883981705,0.2696201503276825,2.345798596342634,-0.09174301475286484,-0.038579680025577545,0.09397383779287338,0.22041462361812592,-0.02535691112279892,1.0,0.06039402633905411,-0.021247930824756622,-0.001916050910949707,1.0,44087.33342560982,-0.02397003024816513,-0.016488265246152878,0.11204449087381363,0.05121968314051628,0.09715262800455093,-0.01824764907360077,-0.012097075581550598,-0.00023560971021652222,-0.017401836812496185,0.005178764462471008,0.09337559342384338,0.06301745772361755,0.8543210688662484,-0.006730915978550911,-0.004588291049003601,-0.10931958258152008,-0.0021520256996154785,-0.06658650189638138,0.04438294097781181,-0.0022848471999168396,-0.03003309667110443,2.2733444973911188,-7.464364171028137e-05,1.0,-0.00833054631948471,1.0,0.038032062351703644,-0.005404006689786911,0.08345471881330013,-0.013710014522075653,-0.0007714927196502686,-0.06818065792322159,-0.0003021620213985443,-0.059569209814071655,0.6520948679093345,-0.016509607434272766,-0.03619455173611641,-0.0011006221175193787,-0.011069461703300476,-0.06186777725815773,-0.09790881723165512,1.0,0.02,-0.05139807611703873,-0.016704700887203217,0.07696694880723953,1.0,-0.0273263081908226,1.3101794666075033,-0.00769670307636261,-0.05849916487932205,-0.0027639195322990417,-0.015258103609085083,-0.010174840688705444,-0.011208415031433105,0.010542966425418854,0.06445121020078659,-0.01586443930864334,1.0282319235535662,-0.023073256015777588,-0.024021543562412262,1.0,0.05146236717700958,-0.028158217668533325,1.0,1.7412316266835015,-0.0013431385159492493,-0.04021647572517395,-0.014237254858016968,-0.02547658234834671,0.7886006901074777,-0.02341419830918312
2100,0.4824285876412241,0.8649941937410602,-0.10167539464242463,-0.5162074390048247,0.21420922802939854,0.5267356072037908,-0.20271835772060615,-0.09308708711328355,-0.08733433516680714,1.0222864678161852,-0.01859078248205187,-0.6911029964097088,0.37033007748346547,-0.1679784747384185,0.2885276033205521,-0.10454854238640783,-0.2965561915488729,-0.32180413330160534,0.149660296183737,-0.18287633325530125,0.5038591647252735,-0.03993692383214733,1.567608541421662,0.1281317255608763,0.44146044919978006,-0.3418838105586432,-0.18333565921520184,0.1271386454819123,-0.7208757417282017,0.15916092326986328,-0.10688074288764059,-0.034967101007271226,0.9224943368057299,1.321445408262908,-0.053096810707393735,0.17385056100141522,-0.046560242772102356,0.05734998732805252,-0.006574034690856934,-0.03922693431377411,-0.0054794177412986755,-0.026831459254026413,-0.017574816942214966,-0.010064609348773956,-0.01185856107622385,-0.014113755896687508,-0.013920634984970093,-0.01071351021528244,0.013242893852293491,-0.0037376582622528076,0.019078059121966362,0.26435235142707825,1.524795592546706,-0.10599353164434433,-0.0333719328045845,0.09594424068927765,0.22138723731040955,-0.03990500420331955,1.0,0.05922386795282364,-0.009574241936206818,0.0031502246856689453,1.0,14480.93429704512,-0.008655302226543427,-0.02394292689859867,0.09972024708986282,0.1494654417037964,0.058257438242435455,-0.001454278826713562,-0.005425497889518738,-0.004638582468032837,-0.023906730115413666,-0.020148642361164093,0.07959744334220886,0.1423642784357071,0.8372424818371484,-0.01249234564602375,-0.002470400184392929,-0.11640174686908722,-0.0015926659107208252,-0.008822046220302582,0.08139767497777939,-0.008736155927181244,-0.022145703434944153,2.3800619333452393,-0.015419094823300838,1.0,-0.0005854591727256775,1.0,0.08250906318426132,-0.003359394147992134,0.0845935307443142,-0.020771801471710205,0.011916518211364746,-0.042320795357227325,0.0009142942726612091,-0.05394521355628967,0.9155196168091856,-0.00882364809513092,-0.017491763457655907,-0.00197538360953331,-0.020895183086395264,-0.07456998527050018,-0.11885381489992142,1.0,0.02,-0.04336048290133476,0.001658327877521515,0.12072589993476868,1.0,-0.01501675695180893,1.8075652931887383,-0.0109424889087677,-0.03989112377166748,-0.00644751638174057,-0.02290397882461548,-0.01218292023986578,-0.004621714353561401,0.006840400397777557,0.10522001888602972,-0.02381054311990738,0.8071013247639867,-0.000804513692855835,-0.009744076989591122,1.0,0.12744291126728058,-0.01763877272605896,1.0,1.8484671370133967,-0.005561210215091705,-0.026071220636367798,-0.007210224866867065,-0.00189904123544693,0.4748309598678444,-0.012050863355398178
2200,0.5842940250348022,0.8477233180513042,0.1659166700738537,-0.030382317512284682,0.3733018969293935,0.9582268461747724,-0.15053121387859436,-0.27058228382784955,-0.6380527253275998,1.06115569294975,-0.09408725089760567,-0.6447645801401382,0.34241610329702943,-0.33790686464700137,0.4071370576030541,0.09400299702798587,0.33827194618509765,0.2676605036633249,0.16660844423427953,-0.2573709385300966,0.8188893687014588,0.19350639661684266,1.0476674421173824,0.1403492424523108,0.3455790883116196,-0.04768523266571395,0.523981939300428,0.30617367093011144,-0.06930421916413745,0.2961892372729467,0.3055192575821908,0.24001209737167933,1.1596958302177651,0.6195012905365666,0.4152309415751376,0.09660498968669093,-0.014366689138114452,0.05679672583937645,0.0037238895893096924,-0.03820490837097168,-0.004561234265565872,-0.023971915245056152,-0.014077961444854736,-0.007869217544794083,-0.011584076099097729,-0.012007191777229309,8.415430784225464e-05,-0.01959451287984848,0.008558959700167179,-0.005572021007537842,0.018059151247143745,0.2748268246650696,1.0529485452595708,-0.09199562668800354,-0.03275659307837486,0.09724706411361694,0.222365140914917,-0.04505935311317444,1.0,0.05986044183373451,-0.003580477088689804,0.004376158118247986,1.0,16128.256788037535,0.0017792880535125732,-0.0245582927018404,0.08727961778640747,0.10571050643920898,0.0731581300497055,0.0034792721271514893,-0.005312696099281311,-0.002800770103931427,-0.02618229389190674,-0.02829628437757492,0.08141808211803436,0.08704891800880432,1.015698573664083,-0.01403818465769291,-0.0036764703691005707,-0.11125604808330536,0.004310667514801025,-0.005536418408155441,0.04118051007390022,-0.007625788450241089,-0.018896356225013733,1.6945817576726618,-0.009784509427845478,1.0,-0.0006163753569126129,1.0,0.0412297323346138,-0.0029499735683202744,0.08567397110164165,-0.02160884439945221,-0.01117454469203949,-0.025467559695243835,0.0009794197976589203,-0.07579246163368225,0.7163826162960379,-0.0009245127439498901,-0.007995273917913437,-0.00017689913511276245,-0.019569098949432373,-0.07286077737808228,-0.10652667284011841,1.0,0.02,-0.017209041863679886,0.0029227398335933685,0.09452003985643387,1.0,-0.02243645116686821,1.7401486566261775,-0.01322031021118164,-0.05037882924079895,-0.00797906145453453,-0.02470812201499939,-0.005977473221719265,-0.0041558220982551575,0.0032064393162727356,0.07389877596870065,-0.024534787982702255,0.9547109395730281,0.0044349730014801025,-0.009457915090024471,1.0,0.06692428886890411,0.0035339295864105225,1.0,1.7774642228838493,-0.003729701042175293,-0.05270123481750488,-0.013326168060302734,-0.0014059022068977356,0.5085776780945388,-0.013876652345061302
2300,1.8320029154889872,1.7621600655478251,-0.1895160077569472,-0.18768905245471165,-0.3199035313763463,6.239610956976623,-0.17778432414637826,-0.25315860504826015,0.6441939377119855,0.8610147946563093,0.06549390127048284,0.8116814436842699,0.1473249760392718,-0.2940231794951072,-0.2621041346781807,0.10005370787892906,0.42446725873175417,0.42521648052033034,-0.12699959163103974,-0.024628841181517078,0.3364904075979257,-0.004305090659473997,0.7697590386046149,-0.20428172819439028,1.3137222837287648,0.16072535206826732,0.326778139232225,0.7606335275829814,-0.6836493918253745,-0.45155303876082437,-0.12180222396046606,-0.41336857224950474,0.7730513822554377,0.5574841439668957,0.938214896287321,0.4006760429708561,-0.014257480390369892,0.062323831021785736,0.0044033825397491455,-0.04558522254228592,-0.008341439068317413,-0.013149256817996502,-0.02596651017665863,0.00661100447177887,-0.010390629060566425,-0.03307649493217468,-0.01956980675458908,-0.005241908133029938,0.009435472078621387,-0.0020970702171325684,0.023000480607151985,0.27328920364379883,7.762902130017894,-0.012394987046718597,-0.04777961224317551,0.096650131046772,0.21485808491706848,-0.017263613641262054,1.0,0.07937072962522507,-0.0467253103852272,-0.013212144374847412,1.0,92830.52669327187,-0.002072162926197052,-0.012605002149939537,0.07874841243028641,0.17476876080036163,0.1540267914533615,-0.008467122912406921,-0.0069320425391197205,-0.023762397468090057,-0.05379515141248703,-0.0011525526642799377,0.10908813774585724,0.11147789657115936,1.6264172989274501,-0.008858887478709221,-0.014426790177822113,-0.016519097611308098,-0.03991517424583435,0.006155483424663544,0.052017416805028915,-0.034019507467746735,-0.028178513050079346,1.1171311642067523,-0.0116398511454463,1.0,-0.0018531382083892822,1.0,0.09757128357887268,-0.02065420337021351,0.08336029574275017,-0.05768873542547226,-0.07417915016412735,-0.03255206346511841,-0.0017684176564216614,-0.07363724708557129,0.9716312154046437,-0.01575969159603119,-0.042784057557582855,-0.0328620970249176,-0.020578742027282715,-0.03670781850814819,-0.015273265540599823,1.0,0.02,-0.041677843779325485,-0.018087975680828094,0.1972028762102127,1.0,0.00036023929715156555,1.678583968301651,-0.005895167589187622,-0.020074978470802307,0.005785785615444183,-0.017080575227737427,-0.01631620153784752,-0.0070240795612335205,0.003130584955215454,0.11950305476784706,0.009600922465324402,1.5436440105540221,-0.021614044904708862,-0.015416364185512066,1.0,0.05987127497792244,-0.010967046022415161,1.0,0.3705126377713636,0.0015130266547203064,-0.006134718656539917,-0.009658902883529663,-0.021287329494953156,1.1926741764311888,-0.00876949168741703
2400,0.3985630105783655,1.4732797753158111,0.09916687458442289,0.6305959931191676,-0.043498049244574385,0.40401795227065257,0.2757561594513602,0.2583029454397209,0.18479688927257015,0.5827588169856298,0.2065103890294293,-0.7219991007931446,0.6223362402976614,0.3492636853870693,0.05466189827781148,-0.0013443627545842857,-0.08736842630570169,-0.3684330036979151,-0.1580262384418927,-0.0032162844230042634,0.5558178330309782,0.2675286115416042,1.527728875473798,-0.017697399673503214,0.365342304902748,-0.07216227402311598,0.21757426064550706,0.13611985340874744,0.20979933167981435,0.23571921773815324,0.04576859411928523,-0.14637199239552043,0.8191635856523144,0.6489782575437508,-0.13566258266421913,-0.030075374776761053,-0.026341646909713745,0.05583837628364563,-0.0024168789386749268,-0.02577061951160431,-0.004163000732660294,-0.013369959779083729,-0.024051323533058167,-0.009865149855613708,-0.010022814385592937,-0.010387763381004333,-0.0018221884965896606,-0.013642556965351105,0.006881932727992535,-0.0037522614002227783,0.015071295201778412,0.26295414566993713,1.6174798752045976,-0.0960557833313942,-0.02529483288526535,0.09618272632360458,0.2120872139930725,-0.049590714275836945,1.0,0.053398676216602325,-0.007071115076541901,-0.004432395100593567,1.0,6374.3048027211735,-0.0018275082111358643,-0.021201223134994507,0.07658914476633072,0.06802713125944138,0.2285478413105011,-0.0018272101879119873,-0.0026745498180389404,-0.0034950748085975647,-0.01487625390291214,-0.001439698040485382,0.17201533913612366,0.05352448299527168,0.8774029603665816,-0.010210204869508743,-0.006883703172206879,-0.10536403208971024,0.0004051625728607178,-0.020459361374378204,0.029927633702754974,-0.002064809203147888,-0.032885968685150146,2.26941382808866,-0.006454809568822384,1.0,-0.004774726927280426,1.0,0.05497763678431511,-0.003961328417062759,0.08437318727374077,-0.040699608623981476,-0.04936588555574417,-0.014318637549877167,0.0003598034381866455,-0.054406553506851196,0.4697312585764433,-0.018708765506744385,-0.005686808377504349,-0.0020419731736183167,-0.016543686389923096,-0.05759897083044052,-0.11499776691198349,1.0,0.02,-0.034112151712179184,-0.011607661843299866,0.15576383471488953,1.0,-0.028519585728645325,1.302858023969837,-0.015283957123756409,-0.050608377903699875,-0.00802917405962944,-0.019379079341888428,-0.0076353177428245544,-0.0006075799465179443,0.003559023141860962,0.09802098385989666,-0.02212674170732498,1.4676841128269993,-0.021175235509872437,-0.010862394236028194,1.0,0.021383970975875854,-0.0012167692184448242,1.0,1.2314601969288343,-0.005385890603065491,-0.0370500385761261,-0.008018970489501953,-0.013612903654575348,0.4479400425190029,-0.01381191611289978
2500,1.0785770229524063,1.05491415636994,-0.05248112512297537,-0.4118140753491697,-0.6261369185047975,1.044314962444053,0.10639050135567552,0.12258310341844601,-0.3106178842292675,0.5282226035114143,-0.08119527407947819,-0.5975279038058029,0.4125327078000389,-0.055104441725313064,0.48650665173601404,0.055361087826258246,-0.7595241625111456,-0.74741879479353,-0.11093620621410295,-0.038532134119552586,0.43554625471112174,0.15989678232298393,0.8269782277058004,0.44332341334553654,0.6452409316483971,-0.2738756674227513,-0.1142877424921506,0.7270448573052575,-0.743610544310078,-0.33877022112550276,-0.3900797204397072,-0.20722909081930635,0.8792077539466231,0.3179946804295382,-0.7666585927380332,0.45311517248314137,-0.009061841294169426,0.055160850286483765,0.002888411283493042,-0.03467117249965668,-0.007169216871261597,-0.01690014824271202,-0.024805650115013123,-0.0009547173976898193,-0.013491267338395119,-0.010371946729719639,-0.02150304615497589,-0.02005908638238907,0.006220631767064333,-0.00552937388420105,0.014102824963629246,0.2639763057231903,2.8846278064496724,-0.11813649535179138,-0.03408645838499069,0.09378622472286224,0.2142823338508606,-0.041161052882671356,1.0,0.05248701572418213,-0.016607627272605896,-0.016491442918777466,1.0,5598.286263509179,-0.006726425141096115,-0.023934338241815567,0.06918708235025406,0.09163934737443924,0.20918434858322144,-0.010861366987228394,-0.012923792004585266,-0.0033019036054611206,-0.016682349145412445,-0.008962854743003845,0.21164339780807495,0.08484567701816559,1.1023703310625146,-0.010880538262426853,-0.010323092341423035,-0.11711739748716354,0.001837998628616333,-0.008619256317615509,0.07797887921333313,-0.0020219162106513977,-0.030683189630508423,1.395780953596575,-0.007225207518786192,1.0,-0.0027244165539741516,1.0,0.06841772049665451,-0.019948333501815796,0.08297221548855305,-0.10621679574251175,-0.057557977735996246,-0.07086014002561569,-0.010632269084453583,-0.07008615136146545,0.41597264972028475,-0.003832221031188965,-0.026553817093372345,0.0006876587867736816,-0.016395986080169678,-0.05587545782327652,-0.09828402101993561,1.0,0.02,-0.039000093936920166,-0.016479939222335815,0.16047094762325287,1.0,-0.03614058345556259,1.351862219743256,-0.014447510242462158,-0.0466923788189888,-0.00923774391412735,-0.01736578345298767,-0.011582884937524796,-0.003644704818725586,-0.0029020607471466064,0.1230984479188919,-0.021328836679458618,1.0239953023805555,-0.021012574434280396,-0.013687817379832268,1.0,0.08060726523399353,-0.014344841241836548,1.0,1.0791646588403614,-0.0012843683362007141,-0.04580068588256836,-0.00874561071395874,-0.022866033017635345,0.6880503481372292,-0.010979867540299892
2600,1.2576135627398253,0.6234234895752672,-0.08679768767200378,-0.2692542906942337,-0.21337643471309142,2.3221008001421666,-0.2819731237569426,-0.019855669832086302,0.15887210424379153,0.21472149882808664,-0.07806178811613873,-0.047977216144716645,0.04660431067185574,-0.5866084015612277,0.1980522733572298,0.09936554926800431,-0.24809027803542189,-0.10647329729432833,-0.16943684424908234,0.026068322597855628,0.0891714975811472,0.04939682567292661,0.7880189881078885,0.247457935121827,0.7943140603749346,-0.13060589779427034,0.12617514454485285,0.7240285348888174,-0.6181298808723964,-0.34133669299328895,-0.32221459846814116,-0.20417429685498834,0.702715765651093,0.4545549319983765,-0.13966436511951746,0.1996848192782279,-0.005095120519399643,0.05518617853522301,0.0016689896583557129,-0.02896404266357422,-0.007726769894361496,-0.02034572884440422,-0.026941806077957153,-0.0020036622881889343,-0.015185543335974216,-0.011906187050044537,-0.02369619905948639,-0.009367674589157104,0.0065562548115849495,-0.006593376398086548,0.014091731049120426,0.2637143135070801,4.057220387553458,-0.10364414006471634,-0.02913469448685646,0.09202408790588379,0.21101462841033936,-0.04265940189361572,1.0,0.05194678157567978,-0.02170080691576004,-0.009847328066825867,1.0,8439.1392681468,-0.007376376539468765,-0.01845308393239975,0.06410935521125793,0.04543749615550041,0.08014753460884094,-0.004353925585746765,-0.011479757726192474,-0.0006750375032424927,-0.016853228211402893,-0.011154532432556152,0.08929544687271118,0.03841403126716614,1.312974747913194,-0.004100724123418331,-0.014224521815776825,-0.11218301951885223,-0.006751894950866699,-0.01190059632062912,0.05883113294839859,0.0005428194999694824,-0.024616047739982605,1.1847433956153615,-0.005023320205509663,1.0,-0.009767238050699234,1.0,0.06888790428638458,-0.024719491600990295,0.0831630490720272,-0.1026863306760788,-0.0031698644161224365,-0.06342241168022156,-0.010538455098867416,-0.06459665298461914,0.49740683474378444,-0.003346651792526245,-0.030832622200250626,-0.0011366493999958038,-0.024318978190422058,-0.05048474669456482,-0.07959289103746414,1.0,0.02,-0.02801695093512535,-0.01900889351963997,0.1029735580086708,1.0,-0.013852361589670181,1.8075747398693587,-0.007621496915817261,-0.04320860281586647,-0.0008538737893104553,-0.023014068603515625,-0.010579722933471203,-0.004511572420597076,-0.004254095256328583,0.06478586280718446,-0.015968218445777893,0.5726853243313903,-0.024958431720733643,-0.011668144725263119,1.0,0.03429979830980301,-0.015287816524505615,1.0,0.5751051437064058,-0.002128615975379944,-0.03280824422836304,-0.008318424224853516,-0.025731198489665985,0.8077858512995156,-0.014311854727566242
2700,1.3782454597532632,2.3638324994702846,-0.026132238469024332,-0.5496686212067983,0.019244970408525255,0.5332679322876958,-0.1961139909672392,0.16561212231289596,-0.4536146364031471,0.6475464388807673,0.034323399146366514,-0.6628964211676733,0.20336877451326274,0.3067734792158174,0.31330786255711807,0.12678458740811005,-0.4269790871652284,0.15119048131843363,-0.18003513370108865,-0.14798012595939122,0.4778559955147029,0.22778107421332422,1.1675086421565288,0.42776789713552765,0.5023454375384742,-0.27278042057492446,0.32851505749355703,0.6280194274181583,-0.4399098096759482,-0.18685751156834945,-0.5586722683672398,-0.1336203470950439,0.8193343806348184,1.0167318636396863,-0.7886614853265305,-0.19954372416250638,-0.04029785096645355,0.05665091052651405,-0.0018620193004608154,-0.03279691934585571,-0.011771749705076218,-0.021065808832645416,-0.027987882494926453,0.0011015348136425018,-0.008011527359485626,-0.016169438138604164,-0.0166325643658638,-0.018907681107521057,0.007160505745559931,-0.012265443801879883,0.012282269075512886,0.2602967321872711,2.3261250939559717,-0.10262516140937805,-0.03736141696572304,0.09143687784671783,0.21038897335529327,-0.06819675862789154,1.0,0.04828555881977081,-0.016018666326999664,-0.008204042911529541,1.0,14561.281742634095,-0.0005780979990959167,-0.025254765525460243,0.06906983256340027,0.09215489774942398,0.15662440657615662,-0.002686038613319397,-0.014614716172218323,-0.0030244961380958557,0.002145737409591675,0.0035423338413238525,0.2379632592201233,0.04450955241918564,1.3319435287612014,-0.011761428788304329,-0.01067996397614479,-0.11392319202423096,-0.0008178651332855225,-0.01637156307697296,0.0804658979177475,-0.0035182610154151917,-0.023011714220046997,1.8059274923830815,-0.004787198733538389,1.0,-0.013856783509254456,1.0,0.08451326191425323,-0.01700448989868164,0.08457926101982594,-0.13029852509498596,-0.04909202456474304,-0.08856657147407532,-0.008528392761945724,-0.059877485036849976,0.769061908506857,-0.031494900584220886,-0.01991097815334797,0.001595430076122284,-0.02183125913143158,-0.06091228127479553,-0.10238732397556305,1.0,0.02,-0.020074917003512383,-0.018689285963773727,0.10969813913106918,1.0,-0.0405564121901989,1.858032720801722,-0.022968679666519165,-0.037430539727211,-0.010307304561138153,-0.026463359594345093,-0.012808101251721382,-0.004363223910331726,-0.00859341025352478,0.10801849514245987,-0.021444909274578094,2.145087435041867,-0.021541088819503784,-0.01848023571074009,1.0,0.05821854621171951,-0.019988268613815308,1.0,1.06242784207416,-0.003765985369682312,-0.037669748067855835,-0.008177101612091064,-0.013446114957332611,0.60341215644728,-0.01803540624678135
2800,1.0982751233694215,0.5697447066142219,0.009386570332184867,0.39197316096966545,-0.6977203123151101,1.5701051060731936,-0.11926504492148238,-0.03946306264700526,0.2386913166832472,0.20804338489101173,-0.004258012430392956,0.12726291087414215,-0.21279499965708232,-0.5075417644470797,0.033308530012052834,-0.00518634675639041,0.362423278000731,0.11414887090096276,-0.07675042340481744,0.011285038396454672,0.2725796556082777,-0.19167581774293876,0.8424783424390884,0.002426772290087857,1.0655164223581919,0.04875447863774693,0.7363513157113488,0.8145891982543841,-0.6678729111740285,-0.5433567058640174,0.3165680479482409,-0.49398436144421376,1.03786346798543,0.585564698891641,0.24996771185759514,0.40866428741228233,-0.03834091126918793,0.054529450833797455,0.004971921443939209,-0.017188839614391327,-0.004936099052429199,-0.009545773267745972,-0.02787359058856964,-2.60770320892334e-05,-0.006469703279435635,-0.023967500776052475,-0.01975145936012268,-0.007236510515213013,0.005872620269656181,0.003214538097381592,0.011792249977588654,0.26835691928863525,3.304476456921531,-0.10507261008024216,-0.013785034418106079,0.09106890857219696,0.20771367847919464,-0.024062424898147583,1.0,0.04976148158311844,-0.01661696285009384,-0.02436789870262146,1.0,45052.12572452669,-0.011792667210102081,-0.008757298812270164,0.05921144783496857,0.15252238512039185,0.23319143056869507,-0.014806091785430908,-0.009255893528461456,-0.00022973120212554932,-0.004167377948760986,-0.0003634914755821228,0.18411311507225037,0.08308152109384537,1.2809184671586686,-0.003837140277028084,-0.013286024332046509,-0.107893206179142,-0.0045788586139678955,-0.01588202267885208,0.05219436064362526,1.6324222087860107e-05,-0.035022005438804626,0.6403074335745649,-0.001923675648868084,1.0,-0.00020087510347366333,1.0,0.04756227880716324,-0.031531088054180145,0.08321952074766159,-0.09911522269248962,0.008552290499210358,-0.06774665415287018,-0.015024393796920776,-0.05047684907913208,0.8710473207345959,-0.014388307929039001,-0.03383550047874451,-0.0014832019805908203,-0.007048517465591431,-0.04239053279161453,-0.08104410022497177,1.0,0.02,-0.03711561858654022,-0.019503049552440643,0.25172674655914307,1.0,-0.009525999426841736,1.2924120698769692,-0.0015226751565933228,-0.050983138382434845,-0.004603452980518341,-0.020838364958763123,-0.014558587223291397,-0.004843510687351227,-0.007508069276809692,0.1369836344383657,-0.01117955893278122,0.5412430000930557,-0.03169986605644226,-0.013171123340725899,1.0,0.09147723764181137,-0.0029870569705963135,1.0,0.5009443908377678,-0.0009494274854660034,-0.03304743766784668,-0.008747071027755737,-0.026860401034355164,1.0437407777615844,-0.011087611317634583
2900,1.4729814761255695,1.8613394824476543,0.04119364643468312,-0.3788198330548064,0.24024462407875735,1.308132012509833,-0.34543541707368824,-0.2976869268140976,-0.3168941075358734,0.7508939457603673,-0.22389745606720884,-0.4576041930886573,-0.0247810409627441,-0.003347799524356508,0.6770253449515449,0.0384519038182712,0.12505222823260767,0.38308037259488925,-0.0035707991534638496,-0.30527951547414056,0.43309515286841915,0.008955406107417876,0.6610952495483864,0.6437390236530562,1.3311919943313715,-0.2792041558047068,0.6975095937626942,0.8440038428117271,0.040044222907575165,-0.06574249832651263,-0.3348030665725747,0.015479702420485525,1.3880329429052087,0.726527938696407,-0.19901976804428767,0.3422348839586909,-0.03387896716594696,0.05554284155368805,0.0036229491233825684,-0.04003299027681351,-0.006283372640609741,-0.01519831083714962,-0.02525518834590912,-0.001167546957731247,-0.01698623038828373,-0.004753228276968002,-0.019877396523952484,-0.01926884800195694,0.005606571678072214,-0.00750848650932312,0.012647286057472229,0.254832923412323,3.050833990549091,-0.10464507341384888,-0.03360462188720703,0.09186585992574692,0.2093423455953598,-0.054692357778549194,1.0,0.04849403724074364,-0.0175057090818882,-0.0031537264585494995,1.0,19056.77920007348,-0.008014753460884094,-0.03018256276845932,0.06260153651237488,0.119108185172081,0.13529697060585022,0.0020088255405426025,-0.010748647153377533,-0.0035108625888824463,-0.004174262285232544,-0.03162768483161926,0.06844858825206757,0.09171917289495468,1.629154753792686,-0.013530291616916656,-0.011470440775156021,-0.1194377988576889,2.065300941467285e-05,-0.004703093320131302,0.052254632115364075,-0.01740722358226776,-0.012603864073753357,1.190395799984819,-0.011364346370100975,1.0,-0.0010902248322963715,1.0,0.07536613196134567,-0.02306245267391205,0.0838716384023428,-0.12443020939826965,-0.06668783724308014,-0.08305905759334564,-0.013276621699333191,-0.06692999601364136,0.9999688557282026,0.001294851303100586,-0.026268422603607178,0.00023586302995681763,-0.028824403882026672,-0.055671945214271545,-0.09085060656070709,1.0,0.02,-0.015407225117087364,-0.004266515374183655,0.10935665667057037,1.0,-0.030519753694534302,2.7997226538464934,-0.027864843606948853,-0.04296288266777992,-0.018723320215940475,-0.031380027532577515,-0.006778436247259378,-0.005972228944301605,-0.016844742000102997,0.0920786065980792,-0.023154545575380325,1.389846521517987,-0.0015485286712646484,-0.0053331549279391766,1.0,0.08507851511240005,-0.017303168773651123,1.0,0.9775598879230943,0.0014091432094573975,-0.035505712032318115,-0.006546914577484131,-0.007036946713924408,1.3088241270453362,-0.0048233382403850555
3000,1.3225055970737811,1.0832775686833234,-0.08989755586880857,0.11390672198315903,-0.21878041422691566,5.050752460551965,0.01098085356591071,0.031495200775940764,-0.4390560940586432,2.1421493492264916,-0.267413908655119,-0.6150990074793643,0.11307789777967177,-0.19798967094167919,-0.33936854802186733,0.05308663894539393,0.4355050929132151,0.8470358658005058,-0.11028312073229513,0.012558562428139835,0.7287140807703225,0.12232117597996205,0.8819868280499955,-0.3427731590084869,0.8630667649549494,0.19063862066508963,0.8419504856934064,0.7797900525683552,-0.25717910000021316,-0.2991813485296161,0.030826330050452794,-0.24686742137153606,2.614774276467477,1.5140621989353493,0.7999290173548297,0.5339016409588795,-0.042236946523189545,0.061656273901462555,0.004852175712585449,-0.026915766298770905,-0.005310073494911194,4.21181321144104e-05,-0.026240304112434387,0.0054842084646224976,-0.014303581789135933,0.0026753749698400497,-0.017405442893505096,-0.018457770347595215,0.010697966441512108,-5.683302879333496e-05,0.024717198684811592,0.26511526107788086,6.74268103941749,-0.0032957270741462708,-0.026720285415649414,0.09343275427818298,0.2055063545703888,-0.012009389698505402,1.0,0.06116793304681778,-0.0347306951880455,-0.024980664253234863,1.0,66962.28529542687,-0.0067081451416015625,-0.005276503041386604,0.04942139610648155,0.12093789130449295,0.06948570162057877,-0.021063029766082764,-0.009536981582641602,-0.032382309436798096,-0.008981216698884964,-0.00013389810919761658,0.13187023997306824,0.09147926419973373,1.4759844216066402,-0.0031919199973344803,-0.020786039531230927,-0.01845298893749714,-0.033771127462387085,0.01613089069724083,0.04703642055392265,-0.0013755597174167633,-0.020067930221557617,1.0470715783121642,-0.006542665883898735,1.0,0.018374286592006683,1.0,0.052477866411209106,-0.058627039194107056,0.08456035517156124,-0.12019695341587067,-0.09019878506660461,-0.08754986524581909,-0.009239189326763153,-0.058855414390563965,1.7774546581701776,-0.010150358080863953,-0.0665411502122879,-0.02915356308221817,-0.02161867916584015,-0.0020278003066778183,-0.03666982799768448,1.0,0.02,-0.027571329846978188,-0.008747987449169159,0.23943084478378296,1.0,-0.02941925823688507,3.2829878406366033,-0.014354810118675232,-0.0044371094554662704,-0.036645226180553436,-0.005985617637634277,-0.024880120530724525,-0.00495525449514389,-0.016865123063325882,0.10303132189437747,-0.0032241269946098328,1.0739087294733196,-0.011001050472259521,-0.024165505543351173,1.0,0.07153234630823135,-0.007436215877532959,1.0,1.2462332970006438,-0.0002899542450904846,-0.04399770498275757,-0.008133888244628906,-0.013222426176071167,0.9580619828755407,0.004897093400359154
3100,0.6606076697638162,2.1777000230619485,0.3105030432129044,0.7705461608361783,0.15711651883143707,1.5010166084528316,-0.013431150556291349,0.11386819889399047,0.12716202105654248,0.9762614852166174,0.24220850186616896,0.6366183331633009,0.33412795098173764,-0.2169239970323164,0.6818781286509903,0.14058871293970754,0.465703375448458,0.8062251156767741,0.22314004633643858,0.011831729815106468,0.5795811615874379,0.17149130133730212,0.9536430701385484,0.2996151600142283,0.4873816826747173,0.5324305326591997,0.6863031451980719,0.645144514396391,0.4180653643174026,0.37228071765477355,0.3867810355948969,0.21170720400399334,1.5554364396120781,1.2719073104601535,0.770093329403529,0.6927697608323743,-0.02915721945464611,0.05645715445280075,0.0040961503982543945,-0.020152315497398376,-0.0006204620003700256,-0.004713382571935654,-0.007780104875564575,-0.0002576485276222229,-0.012808742001652718,0.00024746544659137726,-0.00869237631559372,-0.005905501544475555,0.008067058399319649,-0.001363903284072876,0.013609014451503754,0.2628362774848938,3.1322373626278273,-0.013965334743261337,-0.0174662247300148,0.08907995373010635,0.19441896677017212,-0.0037750452756881714,1.0,0.04460109397768974,-0.00016411393880844116,-0.01094403862953186,1.0,16825.919621528767,-0.00896463543176651,-0.011045925319194794,0.050435587763786316,0.11714154481887817,0.07978340983390808,-0.003152221441268921,0.0012845024466514587,-0.030037492513656616,-0.03659636527299881,0.0003855600953102112,0.05987367779016495,0.048348814249038696,1.2056905146559729,-0.0075339097529649734,-0.0009424388408660889,-0.01030619814991951,-0.037373125553131104,0.0015302114188671112,0.05772347003221512,-0.01458066701889038,-0.03580784797668457,1.5298492219025575,-0.003953540697693825,1.0,-0.0012020133435726166,1.0,0.058171868324279785,-0.0032564103603363037,0.08334674499928951,-0.040621161460876465,-0.11027921736240387,-0.002453397959470749,-0.001434963196516037,-0.061823904514312744,1.3450249616841297,-0.008008822798728943,-0.00041740573942661285,-0.023096829652786255,-0.013352364301681519,-0.029763363301753998,-0.08714568614959717,1.0,0.02,-0.023327240720391273,-0.0005178004503250122,0.1307395100593567,1.0,-0.00812811404466629,2.097976829798253,-0.009259387850761414,1.5599653124809265e-05,-0.0035398565232753754,-0.022902488708496094,-0.0038852673023939133,-0.0012042000889778137,0.0030888840556144714,0.07691962458193302,-0.014936242252588272,1.6447042064140733,-0.004094958305358887,0.0017366907559335232,1.0,0.06357470154762268,-0.008207440376281738,1.0,0.902271681622146,0.0005250796675682068,-0.002619624137878418,-0.009415090084075928,-0.0022243186831474304,0.9283819670057089,-0.00969710573554039
3200,0.39989354124681153,3.098201679156449,0.09623594646070863,-0.588544809233766,-0.4572131643426767,0.9216672723207883,0.2546253795948825,0.4161640448086272,-0.5521826165667802,0.48750830051946775,0.3807181993947158,-0.5648528852309632,0.3054939966800362,0.21541844215256567,-0.6337449482751404,-0.15731436315018782,-0.2438762053525414,0.4420667866969944,0.09220815861563149,0.35059872436034756,0.7484845709797039,0.31404028730440586,0.8857466173082199,-0.45665300582276674,0.4996636858717122,0.2745775518678971,0.5753866887546836,0.7622585365264472,-0.49717486432862923,-0.6850860228622686,-0.47828236399628776,-0.5857428322240131,1.6489911747986783,0.6866842681230956,-0.266027527472881,-0.26780405977263255,-0.009640255011618137,0.05510144680738449,0.0027375221252441406,-0.033745549619197845,-0.002849467098712921,-0.007181980647146702,-0.04132208228111267,0.0010946691036224365,-0.004003614187240601,-0.022081781178712845,-0.007014460861682892,-0.011589452624320984,0.005038409493863583,-0.004312038421630859,0.011710341088473797,0.25861656665802,1.1520331349949244,-0.03178787603974342,-0.02379526197910309,0.08746956288814545,0.18721169233322144,-0.011591218411922455,1.0,0.03589862212538719,-0.011238452047109604,-0.02723623812198639,1.0,16147.931928069167,-0.00863645225763321,-0.013422735966742039,0.06335821002721786,0.1442803144454956,0.16039526462554932,-0.020929545164108276,-0.0029639452695846558,-0.008633866906166077,0.009301040321588516,0.01536337286233902,0.19824552536010742,0.10118148475885391,0.8276030332498998,-0.002973855473101139,-0.006096307188272476,-0.027553647756576538,-0.024936676025390625,-0.039869580417871475,0.18706932663917542,0.016345765441656113,-0.05013221502304077,1.4244084652376798,-0.001937400083988905,1.0,-0.019525237381458282,1.0,0.10988824814558029,-0.02087116613984108,0.08451753109693527,-0.132778137922287,-0.054400764405727386,-0.10329598933458328,-0.009872950613498688,-0.0679139494895935,0.8506957465815006,-0.015949547290802002,-0.028107330203056335,-0.00787276029586792,-0.00963294506072998,-0.03788452968001366,-0.11709532141685486,1.0,0.02,-0.054711826145648956,-0.022665061056613922,0.18428902328014374,1.0,-0.014072664082050323,1.845160082299915,-0.006979525089263916,-0.02990298718214035,-0.014445755630731583,-0.019631311297416687,-0.018026202917099,-0.003389783203601837,-0.012771174311637878,0.1523805521428585,-0.020115744322538376,2.8620503895800877,-0.04728531837463379,-0.0203845277428627,1.0,0.13369522988796234,-0.010093897581100464,1.0,0.5984109990048134,-0.0007772445678710938,-0.02857792377471924,-0.014307677745819092,-0.028505392372608185,0.7463363988166324,-0.032672327011823654
3300,2.0976295924778654,0.652467511596684,0.546722036308595,0.3419883650917955,0.2192380958325782,0.6204384677694639,-0.06453148781929419,0.04196028108926363,0.29964782873122753,1.3789238124531895,0.012856321471842833,0.15642567968022913,0.03579516473956932,-0.2517715894405656,0.6539113003559275,0.21429052991830197,-0.5232630955761808,0.6284959993050568,0.42605782438939166,0.19975202900212563,0.4342219657799842,-0.03691919814247001,0.9286182019774314,0.584728123407024,1.6980240434029397,0.2401718603632222,0.7298727373706219,0.8214950653523765,0.1349031907617073,-0.1064028812111444,0.2246680858692911,-0.06452340754919392,2.403340339379428,0.5230020449548132,0.06249117616062927,-0.2601397093201586,-0.009693318977952003,0.06216016784310341,0.004810750484466553,-0.014305822551250458,-0.0036492682993412018,-0.01781703531742096,-0.019996464252471924,0.005366139113903046,-0.00478702737018466,-0.011488888412714005,-0.016335800290107727,0.002283155918121338,0.0034686648286879063,-0.0003005862236022949,0.011428037658333778,0.27010786533355713,1.2865502611223085,-0.09642574936151505,-0.0165695957839489,0.09356270730495453,0.18587222695350647,-0.036423459649086,1.0,0.03435715287923813,-0.011494763195514679,0.0007646083831787109,1.0,5739.669457011444,-0.00045041367411613464,-0.01531146839261055,0.040019065141677856,0.09793055057525635,0.17964540421962738,0.004976719617843628,-0.00780920684337616,-0.003450751304626465,-0.0027099214494228363,-0.006458662450313568,0.09521350264549255,0.07236578315496445,2.127213070292627,-0.004673844203352928,-0.006262969225645065,-0.05747566372156143,0.005442619323730469,-0.01873544603586197,0.05037720501422882,-0.014908641576766968,-0.03263123333454132,0.8395026252738887,-0.0026889173313975334,1.0,-0.036842964589595795,1.0,0.056224241852760315,-0.009892033413052559,0.08406981639564037,-0.08968381583690643,0.001038912683725357,-0.06459236145019531,-0.005059670656919479,-0.031436264514923096,0.448116451748414,-0.014008104801177979,-0.016045572236180305,0.005470838397741318,-0.007998213171958923,-0.06715333461761475,-0.10278663784265518,1.0,0.02,-0.01599271036684513,-0.031706031411886215,0.09555234014987946,1.0,0.003614261746406555,3.174148845354894,0.0021889209747314453,-0.022264767438173294,-0.027169838547706604,-0.045878782868385315,-0.004073927644640207,-0.0017466023564338684,-0.025615893304347992,0.08929215837270021,-0.010505415499210358,0.5578979449722072,-0.03190821409225464,-0.005986600648611784,1.0,0.0670282393693924,-0.006741166114807129,1.0,1.6351967462715342,0.003169536590576172,-0.0013121366500854492,-0.006691098213195801,-0.033453986048698425,1.6191418501056578,-0.02566966973245144
3400,1.6905950144784565,0.4481132680139103,0.22060443376789018,-0.3691264791684217,-0.2051815306397971,0.6237131987300045,-0.22493802397413187,-0.20477437426202094,0.6281671053166202,0.5225888510067563,0.10479618252099313,0.5650809353654771,0.19818604193039602,-0.5540390806295284,0.7007417490763923,-0.02156526275666138,-0.5546645432542929,-0.5660792696333883,0.12051553059996584,0.40453949082707186,0.22159158505616056,-0.0458045865578654,0.809114741507349,0.6334602012628427,1.0733880389200303,-0.26743937478159213,-0.12266225333211235,0.8087203674739345,-0.28916474183812785,-0.244151634193121,-0.34006593803950624,-0.09701094404843726,1.1347018575902426,0.36137886935821206,-0.35708797472420956,0.4289981900591441,-0.019006943330168724,0.06255604326725006,0.006023883819580078,-0.03292589634656906,-0.006289735436439514,-0.012821968644857407,-0.053044021129608154,0.006620451807975769,-0.013627199456095695,-0.013561115600168705,-0.023973993957042694,-0.006459161639213562,0.0031658431980758905,-0.007873117923736572,0.006847563199698925,0.25909554958343506,1.2827423184045805,-0.10551747679710388,-0.032548800110816956,0.08919906616210938,0.17302529513835907,-0.020930226892232895,1.0,0.03038196638226509,-0.01588895171880722,-0.018482133746147156,1.0,22562.979255532726,-0.0054662227630615234,-0.024583294987678528,0.03517259657382965,0.4180578589439392,0.1021338552236557,-0.010099515318870544,-0.01536281406879425,-0.009868711233139038,-0.018777992576360703,-0.010622352361679077,0.1088627427816391,0.1309419572353363,1.845015126389778,-0.009610467590391636,-0.009581871330738068,-0.09034138917922974,0.00017699599266052246,-0.013087280094623566,0.1453913152217865,-0.007547125220298767,-0.04709447920322418,1.2546929974212744,-0.0006641743239015341,1.0,-0.00879458338022232,1.0,0.14081119000911713,-0.01883169636130333,0.08493994921445847,-0.09060166776180267,-0.04962266981601715,-0.06310437619686127,-0.010803550481796265,-0.06403857469558716,0.5665549693462207,-0.010037824511528015,-0.0256253220140934,0.0024766921997070312,-0.016474202275276184,-0.05002077296376228,-0.09883080422878265,1.0,0.02,-0.029412223026156425,-0.01762273907661438,0.12283015251159668,1.0,-2.884119749069214e-05,2.1659006377991727,-0.010525986552238464,-0.03801729530096054,-0.00507098063826561,-0.027654752135276794,-0.003961198963224888,-0.0037815123796463013,-0.017178840935230255,0.1599950147792697,-0.019491929560899734,0.5268886378622171,-0.010880351066589355,-0.006423240527510643,1.0,0.11093104630708694,-0.01915314793586731,1.0,0.7972026922060217,0.0011049509048461914,-0.005905330181121826,-0.010465681552886963,-0.020781412720680237,1.068404678264371,-0.020808875560760498
3500,0.6186602511767779,0.9902272113338172,-0.0463103538662965,-0.3251975558812976,-0.004344245224883976,2.1423291137400136,0.3299082624019082,0.49320245430258103,-0.3059806008926322,0.8175438802648388,0.17752922978062724,-0.19522280495625752,0.20429699952903513,0.4223312709884046,-0.33153281381815425,0.4129193118767528,0.08913821025231367,0.41324945366660326,0.10585973873342502,0.537963235381964,0.6158682370312365,0.32600715525242163,0.9835658353079214,-0.056094952707505516,0.7520766200464227,0.48568697374242353,0.7440991735091401,0.7239124798456269,-0.07622818677167505,-0.11942167220760826,0.0792264881812145,-0.0016947469830117731,3.3536627239343897,2.0523377767162194,0.3577006610459764,-0.10536540108654925,-0.012575610540807247,0.056673794984817505,-0.0029272735118865967,-0.016656309366226196,-0.0037639103829860687,-0.006689426489174366,-0.0048384517431259155,-0.00044914335012435913,0.005681201349943876,-0.005874572321772575,-0.02232508361339569,-0.010056942701339722,0.011431408114731312,-0.002732187509536743,0.009005444124341011,0.2552811801433563,2.404594321039027,-0.03427281230688095,-0.011668011546134949,0.08758801221847534,0.17259882390499115,-0.008859079331159592,1.0,0.03560402989387512,-0.023118220269680023,-0.018624916672706604,1.0,61819.52333408958,-0.01985461264848709,-0.0039522284641861916,0.036223262548446655,0.11887247860431671,0.15940514206886292,-0.019087642431259155,-0.00883781909942627,-0.0043898820877075195,0.0037888437509536743,-0.0023173578083515167,0.16695672273635864,0.09540410339832306,0.8755376888607327,-0.00019514933228492737,-0.007585659623146057,-0.010497871786355972,-0.018215090036392212,-0.009178921580314636,0.04090464115142822,-0.008950881659984589,-0.05966527760028839,1.5751500104297405,0.005936118774116039,1.0,-0.04383394122123718,1.0,0.05488763749599457,-0.022171184420585632,0.08464609272778034,-0.11439192295074463,-0.0524153932929039,-0.09248723089694977,-0.015934810042381287,-0.04878321290016174,1.7227409574283912,-0.007497414946556091,-0.03920873999595642,-0.0031025223433971405,0.006561830639839172,-0.0327153205871582,-0.07616906613111496,1.0,0.02,-0.0246426984667778,-0.0076826512813568115,0.23987145721912384,1.0,-0.018304504454135895,2.615137326332528,-0.0045108795166015625,-0.0003184685483574867,-0.008354637771844864,-0.03408791124820709,-0.007289736531674862,-0.0049270689487457275,-0.003516942262649536,0.1201209295541048,-0.00448831170797348,0.9355885840151476,-0.02787819504737854,-0.021007876843214035,1.0,0.08466525375843048,-0.020245224237442017,1.0,0.8015893098116575,-0.00041881948709487915,-0.014971822500228882,-0.015719622373580933,-0.008450448513031006,0.7975600007318847,-0.046465322375297546
3600,1.4639325741316374,1.583877294851967,-0.03285016943763547,-0.1721252470635051,0.4524217826959207,3.665874537051057,0.39167979026327226,0.20793106670531875,0.37854724416403374,0.966804268501324,0.361621530244796,0.5581694856072971,-0.08895012916914616,-0.1434539477273061,0.7424492425787192,0.11648661154481821,-0.05099791808534258,0.5596571947238487,0.005801878745312326,0.34338711917317183,0.4057628913590636,-0.09288673125034681,0.8042545226162237,0.6415922552221633,1.0223224202116936,-0.12442226544026488,0.4976821611719586,0.7936350724795227,0.21331717603284717,0.0126547474600626,-0.1539301863976165,0.07560099904983095,1.6763826900208,1.0674645110638668,-0.2617648304766724,-0.07406179770138131,-0.025775540620088577,0.06076484173536301,0.003941833972930908,-0.026509277522563934,-0.004962734878063202,-0.0112145422026515,-0.03677299618721008,-0.0010659284889698029,-0.022558052092790604,-0.00798693485558033,-0.024387553334236145,-0.0012287870049476624,0.005630959756672382,-0.004680246114730835,0.00921817310154438,0.257840096950531,4.382658298973214,-0.11276216804981232,-0.021448880434036255,0.08895415812730789,0.16163310408592224,-0.021346788853406906,1.0,0.037286773324012756,-0.031542591750621796,-0.008192211389541626,1.0,13821.893512802064,-0.011621005833148956,-0.026101233437657356,0.025372356176376343,0.18005909025669098,0.09517814218997955,-0.003273308277130127,-0.013039693236351013,-0.017235808074474335,-0.016286347061395645,-0.006433360278606415,0.08965955674648285,0.14171543717384338,1.7120016793521429,0.0020804968662559986,-0.010943390429019928,-0.05975578725337982,-0.0026215016841888428,-0.013872668147087097,0.016890086233615875,-0.014256637543439865,-0.025849327445030212,1.203054357747956,0.0015009837225079536,1.0,-0.012870322912931442,1.0,0.04565677419304848,-0.011174134910106659,0.08337453193962574,-0.06830921024084091,-0.13065770268440247,-0.041652530431747437,-0.016238592565059662,-0.05978429317474365,1.2022181464449708,-0.009683698415756226,-0.020966706797480583,-0.0038657188415527344,-0.02376335859298706,-0.05734923481941223,-0.07386350631713867,1.0,0.02,-0.0006494340486824512,-0.003750227391719818,0.15221881866455078,1.0,-0.0008593723177909851,2.9480798595422435,0.0025697946548461914,-0.020078107714653015,0.005984727293252945,-0.0489906370639801,-0.0011842213571071625,-0.0035287365317344666,-0.012833058834075928,0.09358005225658417,-0.012345146387815475,1.2034241301756499,0.0018464922904968262,-0.0016776155680418015,1.0,0.02726251259446144,-0.016872286796569824,1.0,1.13795313819579,-0.0013960227370262146,0.0019921064376831055,-0.005898505449295044,-0.005519166588783264,1.0464226627294768,-0.011861195787787437
3700,1.0489053543752906,0.4376036906967844,-0.05512604743174426,-0.5524632345838929,0.25992251279538076,3.9858809416419154,0.28629643477171546,0.37353636466345913,0.12300972322127526,0.3003063377721379,0.1654114664278165,0.08445870623873286,-0.1394829140066618,-0.09629923693058132,0.12750836573473315,0.2800789119717528,-0.2805469303024243,0.33309890511292306,-0.06560776163111828,0.07650744882349511,0.04974238511700388,0.12071136073379915,1.069064421515591,0.18088564370218643,0.5681947983553428,-0.16686840561520533,0.6392639334964717,0.7305663411184979,0.1974113240100642,-0.13496202139312066,-0.44176002367386147,-0.11089150745504861,3.8834026406351208,0.6670265751675106,0.026397682077836167,-0.4475798658680716,0.00019819429144263268,0.0555279478430748,-0.0022889673709869385,-0.025377392768859863,-0.007496178150177002,-0.025298696011304855,-0.01492205262184143,-0.003098864108324051,-0.010795013047754765,-0.007302585523575544,-0.013452351093292236,-0.005136772990226746,0.004222062416374683,-0.009045630693435669,0.005339631345123053,0.2531355917453766,4.220256973133716,-0.08869582414627075,-0.021850287914276123,0.08565416932106018,0.15091472864151,-0.02758750133216381,1.0,0.04252678528428078,-0.029656890779733658,0.0007243305444717407,1.0,37626.65552603333,-0.008205004036426544,-0.020737018436193466,0.024329932406544685,0.09864822030067444,0.1277136355638504,0.0035604536533355713,-0.012957163155078888,-0.006477706134319305,-0.00877830944955349,-0.002682693302631378,0.09057293832302094,0.05820803344249725,1.4736747378543882,-0.0022054635919630527,-0.011992126703262329,-0.03184829279780388,-0.003573685884475708,-0.00251663476228714,0.06521174311637878,-0.004393715411424637,-0.054933130741119385,1.668275779144414,-0.0038437945768237114,1.0,-0.07224865257740021,1.0,0.06745125353336334,-0.015318768098950386,0.08337773755192757,-0.0929737538099289,-0.0360005721449852,-0.05960285663604736,-0.018743902444839478,-0.05546697974205017,0.5681217668280901,7.717311382293701e-05,-0.021699439734220505,-0.005683779716491699,-0.022509515285491943,-0.059067465364933014,-0.058737073093652725,1.0,0.02,-0.015748899430036545,-0.023097358644008636,0.16952306032180786,1.0,-0.0112694650888443,4.448180589343656,-0.014171689748764038,-0.010126172564923763,-0.026366908103227615,-0.07349789142608643,-0.0035037873312830925,-0.004490308463573456,-0.020734092220664024,0.09365904703736305,-0.004212778061628342,0.4046872324449443,-0.022508680820465088,-0.010266234166920185,1.0,0.0719434916973114,-0.018306821584701538,1.0,0.23722256949433296,-0.0037814974784851074,-0.003536015748977661,-0.007126033306121826,-0.023736968636512756,0.7848962654520826,-0.04903091862797737
3800,0.5248895852253028,2.7129979451649153,0.2043915378995702,0.7468637267356593,-0.23528845407924856,1.5283278297207217,0.21372218552936892,0.3040214568437994,0.029889083957130254,1.2779526679755633,-0.29239955905907006,-0.6364480451771017,0.3036622924777719,0.2608721543141378,0.4718691586278204,0.118871529333072,0.19549518232038648,0.7038014993530567,0.10959082042647694,0.1982706144294163,0.5560023302604573,0.23587582394206047,1.0342856850943973,-0.15715742137497293,0.38054683802036016,0.42307446984927466,0.6287009236582131,0.3105870083756035,0.363010782967577,0.29229986902399535,0.16152025646274143,-0.22971420996795067,1.4995745800723554,0.5953600700938655,0.5031610540521346,0.46087286149952156,-0.013992583379149437,0.05657269060611725,0.0032732784748077393,-0.016491912305355072,-0.004005741328001022,-0.009748011827468872,-0.03685826063156128,0.0007208138704299927,-0.007505552843213081,-0.004368551075458527,-0.008707098662853241,-0.002604052424430847,0.0027869772166013718,-0.0005490779876708984,0.013176919892430305,0.2666194438934326,2.2053675230400542,-0.015737928450107574,-0.013819947838783264,0.09005515277385712,0.13434559106826782,-0.010259315371513367,1.0,0.031678706407547,-0.005849909037351608,-0.032746344804763794,1.0,4827.990859431171,-0.009897187352180481,-0.0015022531151771545,0.02726409211754799,0.09219000488519669,0.1137620359659195,-0.008728563785552979,-0.0024645477533340454,-0.01742410659790039,-0.0019680242985486984,0.00594276562333107,0.09272933006286621,0.07018484175205231,1.034757245410324,0.002027517184615135,-0.004134882241487503,-0.01904408447444439,-0.03482002019882202,-0.005049068480730057,0.05293308570981026,0.006243299692869186,-0.08936651051044464,1.5465514689081103,-0.0014479379169642925,1.0,-0.00621255487203598,1.0,0.07886847853660583,-0.015693746507167816,0.08209485374391079,-0.10608719289302826,-0.0979890376329422,-0.03927449509501457,-0.005732305347919464,-0.05398717522621155,0.804766672962729,-0.022769853472709656,-0.0065496526658535,-0.017046652734279633,-0.01074334979057312,-0.02469508908689022,-0.0835629254579544,1.0,0.02,-0.025197381153702736,-0.016539335250854492,0.2334938496351242,1.0,-0.013408012688159943,1.2954451011563557,-0.008722782135009766,-0.011154236271977425,-0.046851322054862976,-0.037768542766571045,-0.01064541470259428,-0.0012235566973686218,-0.037718694657087326,0.09887055307626724,-0.010901890695095062,2.4903703951585276,-0.0333593487739563,-0.009468946605920792,1.0,0.05680279806256294,-0.00028648972511291504,1.0,1.1494586066475119,0.0009535178542137146,-0.024542927742004395,-0.014116495847702026,-0.018784143030643463,0.6607757038213287,-0.024019083008170128
3900,0.5101016616653495,3.6178669991254653,-0.339749620570163,0.3030333471578899,-0.30432855165594486,0.6613553074780941,0.14169697115374136,0.19160420807818992,-0.3050909123489597,0.5985720800292387,0.4973332369420292,-0.7343787533889404,0.244481363335538,0.4573051642815329,0.4412879035989493,0.06771121688356344,-0.06906308347946635,0.5486399514080502,-0.30548431971414924,0.12979847010459908,0.7307220402256525,0.280222831886788,1.072020601383488,-0.25765614677118087,0.26015898772501966,0.4324592633204314,0.6278439191293255,0.3116401182733666,0.24150896149694823,0.2627279840036948,-0.1768002817516292,-0.36103973164728814,3.842013935607715,0.5858290654812447,-0.258072369034662,-0.17894722880359684,-0.00957048125565052,0.053894322365522385,0.0031603574752807617,-0.01848350465297699,-0.011701349169015884,-0.008543623611330986,-0.0323135107755661,1.0166317224502563e-05,-0.008471425622701645,-0.011988823302090168,-0.006465166807174683,-0.0030004382133483887,0.0026453922037035227,-0.002109140157699585,0.007283576764166355,0.2572409510612488,0.8906578556191024,-0.027660639956593513,-0.014640111476182938,0.08775942027568817,0.12539231777191162,0.0049706678837537766,1.0,0.025321850553154945,-0.009228436276316643,-0.047481387853622437,1.0,43046.79549990387,-0.008363530039787292,-0.012517458759248257,0.028888901695609093,0.2647925615310669,0.11619171500205994,-0.0019030570983886719,-0.0033525824546813965,-0.03038080781698227,0.0034341346472501755,0.009970618411898613,0.14804859459400177,0.11397597193717957,0.9867553665298162,-0.0021134037524461746,-0.0048140063881874084,-0.03493955731391907,-0.04639515280723572,-0.014404786750674248,0.07054141163825989,0.007494740188121796,-0.10016217827796936,1.72858888924651,-0.0027660962659865618,1.0,-0.024459952488541603,1.0,0.06062343716621399,-0.012813734821975231,0.0874550249427557,-0.1339234709739685,-0.08316869288682938,-0.02944529987871647,-0.00970320776104927,-0.055938780307769775,0.6958621413159144,-0.007376372814178467,-0.005530466325581074,-0.02659294381737709,-0.0054695457220077515,-0.02455231547355652,-0.08653383702039719,1.0,0.02,-0.04027241840958595,-0.024286989122629166,0.15409806370735168,1.0,-0.010067541152238846,4.417780984952103,-0.0024475157260894775,-0.01406547799706459,-0.03830303996801376,-0.01540347933769226,-0.012084763497114182,-0.009313434362411499,-0.011845873668789864,0.12481226958334446,-0.013426443561911583,3.2027793000169518,-0.03612542152404785,-0.011517645791172981,1.0,0.07022640109062195,-0.0006166994571685791,1.0,0.558911370028476,5.798041820526123e-05,-0.027094006538391113,-0.03386247158050537,-0.027808666229248047,0.604449139235114,-0.05580023676156998
4000,1.810270104144757,0.9281594797902423,0.08804532012877579,0.33357885228078077,-0.018844201760686897,2.478528149992286,0.021585215221148944,0.17600043451443292,0.783610464907367,0.737091569123064,0.09551619666271557,0.7960140759305045,0.03997408001196848,0.23170197294875933,0.5914395213211667,-0.04642090010382763,0.1940811739883743,0.07487368537008338,0.12791056895200112,0.5598739375572533,0.4110357160434899,0.09326730991376693,0.7661249213836746,0.5238846289788546,0.9200060360331564,0.25022621166868947,0.5355308630536646,0.7959327880694078,-0.08682400549877868,-0.031107218364870275,0.2166281019471874,-0.028707293400051334,2.4114468318339783,1.0958420726631328,0.4703315999348726,-0.12002584835547649,-0.03075309842824936,0.05866844952106476,0.006107822060585022,-0.007908500730991364,0.006935007870197296,0.0005214354023337364,-0.05465058237314224,0.00547374039888382,-0.009600704535841942,-0.02061716839671135,-0.02708311378955841,-0.0183832049369812,0.005417030304670334,-0.0016939043998718262,0.0043351370841264725,0.2541729807853699,0.7499335736160658,-0.028955183923244476,-0.00803249329328537,0.08624568581581116,0.10754341632127762,-0.0013811038807034492,1.0,0.030389077961444855,-0.006752878427505493,-0.024996481835842133,1.0,34514.23496381444,-0.0072067007422447205,-0.013776769861578941,0.010502854362130165,0.17553170025348663,0.09273328632116318,-0.012254096567630768,-0.02060389518737793,-0.01787940412759781,-0.006581660360097885,-0.006751524284482002,0.07161048799753189,0.1779792457818985,2.0305396223799574,-0.01016061007976532,-0.0008685775101184845,-0.05426142364740372,0.003137558698654175,-0.012864574790000916,0.017782138660550117,-0.010819114744663239,-0.08928035944700241,0.9832584136752897,0.0019544768147170544,1.0,-0.012712359428405762,1.0,0.03544048219919205,-0.014179250225424767,0.08432747051119804,-0.05412841588258743,-0.04463361203670502,-0.05297482758760452,-0.017229393124580383,-0.028408050537109375,1.2133106341550957,-0.045403264462947845,-0.019642310217022896,0.0017822980880737305,-0.010051392018795013,-0.017031919211149216,-0.04591386765241623,1.0,0.02,-0.012248074635863304,-0.00732053816318512,0.1286037564277649,1.0,-0.004147239029407501,3.5660051894350038,-0.0044992342591285706,-0.010077615268528461,-0.0020661279559135437,-0.010358557105064392,-0.0018976321443915367,0.0008883923292160034,-0.004966622218489647,0.09290276723913848,-0.024840068072080612,1.0993352280756539,0.004342973232269287,-0.00047920551151037216,1.0,0.043541040271520615,-0.010401785373687744,1.0,0.6441269263688567,-0.00023902207612991333,0.0009404420852661133,0.0044983625411987305,-0.006345197558403015,1.0117976744314872,-0.03567756712436676
4100,0.8317255438569938,0.7649426865505563,-0.20285019041167623,0.09649305866051319,0.16111891025214928,1.1714699700257158,0.06151295963163324,0.33496500249817185,-0.632968474708962,0.8850786687133724,0.14790268779662746,-0.7647324029959858,0.028369836590572052,-0.04888895632894187,-0.31649294215623425,0.278508494851119,0.6442859387920747,0.1944303552631254,-0.19249317130086363,0.3089661628598672,0.6200696670114901,0.15556104182273126,0.9656845257653023,-0.34352936519352817,0.28516832087331767,0.3099167832614298,0.3942137276479405,0.46231057662562464,-0.18955998316143866,-0.3239341922626205,0.0667445140229599,-0.22708250209793446,5.692184647805621,1.7086471731049824,0.7869470591605016,0.10826627300140103,-0.02004413492977619,0.05315382033586502,0.002329409122467041,-0.018908731639385223,-0.012946322560310364,-0.005600478500127792,-0.05464080721139908,-0.0010764151811599731,-0.0006776559166610241,-0.011796144768595695,-0.006681807339191437,-0.004895031452178955,0.006588844582438469,-0.0008067786693572998,0.005779856815934181,0.24493324756622314,1.9225633331039047,-0.013603191822767258,-0.012653239071369171,0.08661812543869019,0.10493610054254532,-0.006242129951715469,1.0,0.027591433376073837,-0.02749750390648842,-0.02697031944990158,1.0,36927.23696308454,-0.00565701350569725,-0.009049644693732262,0.007965534925460815,0.2195294052362442,0.21894614398479462,-0.04191485792398453,-0.0046851783990859985,-0.02540057897567749,-0.02895013988018036,-0.015144243836402893,0.18185696005821228,0.36874425411224365,1.2019616558745119,0.000150265172123909,-0.007457602769136429,-0.03566090762615204,-0.04055407643318176,-0.007677469402551651,0.13745078444480896,-0.016493618488311768,-0.12537288665771484,1.5035291406966316,-0.001466025598347187,1.0,-0.049863021820783615,1.0,0.06946004182100296,-0.013871164992451668,0.08322273381054401,-0.06890639662742615,-0.15010526776313782,-0.036299798637628555,-0.012016154825687408,-0.05113840103149414,1.8011004700581268,-0.001196250319480896,-0.020326601341366768,-0.021343722939491272,-0.03725772351026535,-0.04297926276922226,-0.07545560598373413,1.0,0.02,-0.04979543387889862,-0.008179187774658203,0.26746830344200134,1.0,-0.01233121007680893,5.3596081782295215,-0.024599947035312653,-0.0037947986274957657,-0.056407395750284195,-0.05640924721956253,-0.010577445849776268,-0.010925456881523132,-0.01023680716753006,0.20686338748782873,-0.001433931291103363,1.564359571802094,-0.03465944528579712,-0.03924153000116348,1.0,0.19145120680332184,-0.004175499081611633,1.0,0.8407251074031658,-0.00016786158084869385,-0.0488983690738678,-0.03456670045852661,-0.006860136985778809,0.6664572355642682,-0.039470456540584564
4200,1.2305769981232468,0.7221500558823791,0.43397124854831626,0.16816362056961998,0.4902074626031817,2.5293175384797952,-0.012648557943092345,0.2194873449032556,-0.41015333929054976,0.5629039007102654,-0.4262627710631725,-0.41551085749600375,-0.06300776803399229,0.37713594185658494,0.5735542859812317,0.06613558042645655,0.180548767703586,0.13563232950716136,0.016138168101730264,0.11950010643054093,0.5565357114077559,0.06174348501491112,1.55688490137576,-0.21283155753630756,0.3508172014784738,0.40688627265406985,0.30446858584237785,0.11064830322085131,0.24921739706495263,0.3104568608053273,-0.42903877258134526,-0.04286336907343733,2.5800562421721907,1.1537372383747257,0.44827858235876533,-0.19099814827109282,-0.020991738885641098,0.05858450010418892,-0.0009053200483322144,-0.021963104605674744,-0.01299765333533287,-0.009944945573806763,-0.02407745271921158,-0.0005922988057136536,-0.010428733192384243,-0.008805825375020504,-0.007933661341667175,-0.003862231969833374,0.004762324504554272,-0.011214375495910645,0.00609480869024992,0.23240461945533752,2.728709828195061,-0.0013634134083986282,-0.02381659671664238,0.08552075922489166,0.0797807052731514,-0.02486630342900753,1.0,0.023641465231776237,-0.004943015053868294,-0.02420894056558609,1.0,37457.16402591177,-0.011317607015371323,-0.013836112804710865,0.006899675354361534,0.12267819046974182,0.15034116804599762,-0.000626198947429657,-0.009006515145301819,-0.034148208796978,-0.07968020439147949,-0.004180235788226128,0.2030135989189148,0.2632564604282379,1.6095689674381461,-0.001819400116801262,-0.003993915393948555,-0.01931028813123703,-0.016653314232826233,-0.006641702726483345,0.1078415960073471,-0.008691053837537766,-0.10073115676641464,2.481495286032694,0.0012335407081991434,1.0,-0.046511754393577576,1.0,0.10750411450862885,-0.015504454262554646,0.08442308008670807,-0.06753557175397873,-0.15291032195091248,-0.025454076007008553,-0.009606566280126572,-0.060135453939437866,1.0710493773577574,-0.023272141814231873,-0.007797162048518658,-0.03633589670062065,-0.04154094308614731,-0.057676274329423904,-0.09687215834856033,1.0,0.02,-0.011834953911602497,-0.014452975243330002,0.2569323778152466,1.0,-0.01013941690325737,3.215479339512336,-0.02534893900156021,-0.0008056177757680416,-0.0827387198805809,-0.08065887540578842,-0.0025345119647681713,-0.0045999884605407715,-0.04451873153448105,0.16265194211155176,-0.032418347895145416,1.4525091871404068,-0.0038732141256332397,-0.0008731754496693611,1.0,0.08964803069829941,-0.0020419657230377197,1.0,0.5557294764678348,-0.003770679235458374,-0.05961191654205322,-0.023796141147613525,-0.01074102520942688,0.7661768461527089,-0.04154049605131149
4300,1.1870261299708056,1.7255451668093889,-0.03555960551607436,-0.21142631355438604,-0.5488470058509645,2.8079659097905063,0.15873472529022253,-0.020040189496250763,-0.15957447780007236,0.18962721149758163,0.527759152388646,-0.1361261110793941,0.013864194201986757,0.6561691062980836,0.41439805268002516,0.4942472371397974,-0.048453275897162654,-0.07761754427720596,0.03938356245101826,0.10723690627459037,-0.21148692180998477,-0.07347808520797822,1.1567075032025764,0.3299210541061125,1.4301269109452135,-0.12884926263327284,0.6129537482351848,0.8222548970048313,-0.4166106130264986,-0.6011433921099967,-0.1561015576928621,-0.5380203535465076,1.0723752360351135,0.30999339509771034,0.11639502071078234,-0.05880692894623551,-0.014166098088026047,0.05191315710544586,-0.0008063763380050659,-0.01270141452550888,0.0022318996489048004,-0.009482769295573235,-0.01348164677619934,-0.00023270398378372192,-0.002453505527228117,-0.018302973359823227,-0.029619447886943817,0.001331813633441925,0.0020119291730225086,-0.016406476497650146,0.0030961029697209597,0.21998265385627747,0.6246201568817777,-0.0010184533894062042,-0.004814304411411285,0.08441019058227539,0.05941835790872574,0.0009060418233275414,1.0,0.027194172143936157,-0.014065049588680267,-0.03484848886728287,1.0,34906.25600878375,-0.02582649141550064,-0.004338841885328293,0.010256246663630009,0.1802140772342682,0.14254097640514374,-0.025731466710567474,-0.012908935546875,0.001820489764213562,-0.10655651986598969,-0.01832563430070877,0.18404895067214966,0.2521151602268219,1.2819783741843707,-0.0022234551142901182,-0.0059972964227199554,-0.016801271587610245,-0.011165440082550049,-0.019542142748832703,0.06540583819150925,5.4885633289813995e-05,-0.03163576126098633,1.7195617084484283,-0.001446776557713747,1.0,0.000808030366897583,1.0,0.0543401874601841,-0.016014106571674347,0.08413436263799667,-0.08043010532855988,-0.0724790096282959,-0.10671275854110718,-0.02878739684820175,-0.08887168765068054,0.5367127110175065,-0.012873433530330658,-0.030974067747592926,0.001682080328464508,-0.012155979871749878,-0.035229962319135666,-0.0026749353855848312,1.0,0.02,-0.0036223060451447964,-0.03324919939041138,0.3125722110271454,1.0,0.00470927357673645,1.3233992704060722,-0.004138089716434479,-0.006575013976544142,-0.022163596004247665,-0.0759698674082756,-0.0025733201764523983,-0.0010313689708709717,-0.011017299257218838,0.1602734117768705,-0.024240486323833466,1.9199429270225241,-0.04312312602996826,-0.005845814477652311,1.0,0.0909498929977417,-0.03447014093399048,1.0,0.20233965480661942,-0.0005986988544464111,-0.057579249143600464,-0.023539364337921143,-0.0458931028842926,1.5056970746774767,-0.013127344660460949
4400,0.6036221568678972,0.8089903203266077,-0.15930198983716462,0.48369972824735696,0.18726937320484127,1.3848587284974347,0.09592948918164983,0.26470826120158164,0.6413352160580577,0.4518698997687792,-0.11397897542654978,0.7403275739021616,-0.009761088788503068,0.6909293189231321,0.2929764377743745,-0.4215344247587167,0.1123843857170416,-0.07095108274934776,-0.2490121902119967,0.41498871542114457,0.401342312543174,0.018817451491865794,3.2802912100700365,0.17603009409757725,0.7612277140877088,0.13751906205198328,0.5595574459377884,0.5324848029363971,-0.18614607501818697,-0.18723682047872026,0.6776249048360696,0.11694946759815954,1.6410658648124168,0.6158326088497827,0.4578678627522983,-0.10810012561960551,-0.033871956169605255,0.047113120555877686,0.009158492088317871,-0.006822086870670319,-0.00400889664888382,-0.020689552649855614,-0.052465178072452545,-0.004650592803955078,-0.002615649253129959,-0.031144963577389717,-0.026959270238876343,-0.0027546733617782593,0.002901185769587755,-0.012578576803207397,0.0025423893239349127,0.20302864909172058,0.9385730196975522,-0.04479803517460823,-0.011965826153755188,0.08494744449853897,0.05095835030078888,-0.00438349973410368,1.0,0.02508305385708809,-0.015214666724205017,-0.00812758132815361,1.0,19421.69622624619,-0.031262919306755066,-0.0005655901040881872,0.006094503216445446,0.3111921548843384,0.07536705583333969,-0.01768692582845688,-0.008885599672794342,-0.003610260784626007,-0.14848726987838745,-0.003250245936214924,0.10560613870620728,0.3855644166469574,0.9540168746080471,-0.0015041844453662634,-0.011012587696313858,-0.026390420272946358,-0.0021920204162597656,-0.018002714961767197,0.053452130407094955,-0.00773953553289175,-0.096403107047081,2.3489126925848787,-0.0034112450666725636,1.0,-0.007901478558778763,1.0,0.13342000544071198,-0.0015788946766406298,0.08473680168390274,-0.03389162942767143,-0.025735091418027878,-0.06931674480438232,-0.011597689241170883,-0.08251747488975525,0.7496599099523168,-0.04271349310874939,-0.019256023690104485,-0.0037322118878364563,-0.004909016191959381,-0.13328130543231964,-0.07506248354911804,1.0,0.02,-0.004004518035799265,-0.01577165722846985,0.08398590981960297,1.0,-0.0030060037970542908,1.5275213204693774,-0.0008568130433559418,-0.014502642676234245,-0.004298802465200424,-0.124898761510849,-0.0009798621758818626,-0.004943221807479858,-0.0007420633919537067,0.15411721030250192,-0.03648611158132553,0.7568663354995144,-0.006521940231323242,-0.0028406158089637756,1.0,0.0843498706817627,-0.021091029047966003,1.0,0.20862859004270878,-0.003081217408180237,-0.02409215271472931,-0.0053720176219940186,-0.02305694669485092,0.962843056998787,-0.020639585331082344
4500,1.0025425406178905,0.6382252882838394,0.19389375296186137,0.42901050278302366,-0.4849553811548638,1.1922334236690415,-0.3916659186453492,-0.4214831669553494,0.6818832647679698,0.45620092664071166,0.09101960129603272,0.5947489188539299,-0.2283184325647509,0.3560685483301095,-0.08263466271378138,-0.17725187557432878,0.03853161375993089,0.6530939552368814,0.19806131391721593,-0.11725588094878187,0.09553802329267824,-0.16688833669790515,1.0872606801384321,-0.05481184301523255,1.2768538756631054,-0.09425620968537432,0.29908417870168785,0.7869462134573122,-0.357933001105652,-0.2901325684219946,0.24999969440831382,-0.2569532052387789,1.6790902351430461,0.5356404938111733,0.6569754963697451,0.36889026758639476,-0.018456369638442993,0.052175458520650864,-0.011959627270698547,0.001858629286289215,-0.0062895528972148895,-0.011790689080953598,-0.06512156128883362,-0.009816285222768784,-0.0015219799242913723,-0.009316765703260899,-0.04229995608329773,-0.00982297956943512,0.003022983204573393,-0.022108182311058044,0.005639784969389439,0.17681708931922913,1.7615645797624047,-0.01514388993382454,0.005821216851472855,0.08604851365089417,0.03825024142861366,-0.011589440517127514,1.0,0.024399906396865845,-0.015894878655672073,-0.04748332127928734,1.0,71902.57387132406,-0.036203283816576004,-0.006389196030795574,0.006460514850914478,0.10563509911298752,0.23612451553344727,-0.024464961141347885,-0.007149398326873779,0.002242341637611389,-0.01799481362104416,-0.01805541291832924,0.13562965393066406,0.29373496770858765,1.07828067850647,-0.01575642079114914,-0.0027396641671657562,-0.02595449611544609,-0.0047653913497924805,-0.015283271670341492,0.10304443538188934,-0.005076157860457897,-0.11284312605857849,1.0319819062018691,-0.007698364090174437,1.0,-0.030744824558496475,1.0,0.10113364458084106,-0.013496692292392254,0.08448410779237747,-0.05152396857738495,-0.04144170507788658,-0.0448637492954731,-0.020202133804559708,-0.05849677324295044,0.5209010748039374,-0.009949106723070145,-0.03628142923116684,0.0016883276402950287,0.000454537570476532,-0.05825295299291611,-0.11324696242809296,1.0,0.02,-0.014129454270005226,-0.024498645216226578,0.26424944400787354,1.0,-0.007573321461677551,1.2076682948224537,-0.022267505526542664,-0.009463310241699219,-0.006697133183479309,-0.06465476751327515,-0.002875741571187973,-0.00448685884475708,-0.04571949690580368,0.16808402072638273,-0.05663841962814331,0.7687414078225483,-0.03580358624458313,-0.005066766869276762,1.0,0.10512040555477142,-0.03205271065235138,1.0,0.36348476452547585,-0.006617441773414612,-0.02476412057876587,-0.08121004700660706,-0.03695271909236908,1.3842224359310638,-0.038420867174863815
4600,1.5933337016546953,0.8034209203764882,0.08236818592046932,0.4883774751450427,-0.2608817529408601,2.6803438682564216,-0.03969299385138422,-0.021915833998368845,0.8020995221101159,0.5527889664339859,0.10990314795261596,0.7914047792636395,0.10764916772548522,0.45671894319223194,0.7692895521896221,0.3904713337311318,0.20338851488275245,-0.1122370327984567,0.1020178550907967,0.6621785061105621,-0.22501472448160267,-0.012647765550976908,1.9020379319601335,0.6006369665382875,1.9849022230717923,0.2221226804886735,0.5888580949133491,0.8277566520398397,-0.12227210468804242,-0.31358725992844494,0.46065597418676285,-0.25295792733257283,1.0263372841317904,0.7378579040608547,0.01808975725394238,-0.04300949149717756,-0.04481484368443489,0.049819864332675934,0.0013775527477264404,-0.0014820843935012817,-0.007001150399446487,-0.011727232486009598,-0.011370968073606491,0.00032820552587509155,-0.002018742263317108,-0.030784443020820618,-0.03713347017765045,-0.02140796184539795,0.003707055002450943,-0.013437777757644653,0.004052408970892429,0.15025335550308228,2.7350852488870854,-0.033709876239299774,-0.005411110818386078,0.08912084996700287,0.03206373378634453,-0.0011510765179991722,1.0,0.027486929669976234,-0.017588725313544273,-0.036197785288095474,1.0,39832.870692975535,-0.032471127808094025,-0.001541824545711279,0.005298000760376453,0.11915182322263718,0.27437806129455566,-0.012068439275026321,-0.012414947152137756,-0.02633267641067505,-0.13891741633415222,-0.020593911409378052,0.2142479419708252,0.3745577931404114,1.3591730255349308,-0.013422531075775623,-0.008099855855107307,-0.03956841677427292,-0.015960872173309326,-0.022275539115071297,0.1656321883201599,-0.010197094641625881,-0.15164615213871002,1.083278012892012,-0.0004588812589645386,1.0,-0.0460779145359993,1.0,0.1405673623085022,-0.01135866716504097,0.08392263948917389,-0.033873606473207474,-0.023918259888887405,-0.037661563605070114,-0.03235066682100296,-0.12596547603607178,0.9058957286286928,-0.05711594596505165,-0.02545919269323349,-0.01999073475599289,-0.009006481617689133,-0.07830334454774857,-0.09027306735515594,1.0,0.02,-0.04588596150279045,-0.015638433396816254,0.2342248409986496,1.0,-0.028649799525737762,1.4361024437249261,-0.008398007601499557,-0.0032509914599359035,-0.03345174342393875,-0.07657819986343384,-0.0037848209030926228,-0.006531074643135071,-0.027052026242017746,0.20631744991987944,-0.005451342090964317,0.7723171614905459,-0.03146970272064209,-0.006682489067316055,1.0,0.12777958810329437,-0.036932408809661865,1.0,0.7196667519898596,0.002374202013015747,-0.034420087933540344,-0.08742168545722961,-0.026740819215774536,1.970102217541593,-0.02082926779985428
4700,0.6751903065449374,0.6198506771359967,0.2461963214359486,-0.21462304345077443,0.18144856138632348,0.6774394073278346,0.47519838033069606,0.4067080047228162,0.17945846059814372,0.816074160136627,0.34485864880565575,0.010243002773575594,0.3422145771302364,0.7490663365807833,0.5059078889004595,0.2677027255357591,0.4382890086219472,0.6671161261134786,0.11430442767670351,0.48334220743682793,0.6169373219406243,0.3392639060604027,2.679796820682438,0.19362000506047763,0.8574383812338109,0.3727593934812618,0.7286532600712716,0.6331416388551074,0.4159056024237259,0.43920999416748907,-0.3214136555257572,0.09441702596655877,0.8473461159035846,0.43836148984542117,0.6713911670729027,0.47891755119277757,-0.007187295239418745,0.04993162304162979,0.0012426823377609253,-0.022135868668556213,-0.007981404662132263,-0.01764114573597908,-0.03800692409276962,-0.002527981996536255,-0.005194049794226885,-0.011665432713925838,-0.02088768780231476,-0.027271516621112823,0.002879620064049959,-0.04220852255821228,0.004948892630636692,0.13286402821540833,1.739616632755727,-0.013557137921452522,-0.01816520094871521,0.08461327105760574,0.025022903457283974,-0.00113317696377635,1.0,0.023489197716116905,-0.011497894302010536,-0.015631580725312233,1.0,65057.54286847837,-0.025312058627605438,-0.005252380855381489,0.005360608920454979,0.23054605722427368,0.26926398277282715,-0.018771661445498466,-0.008147351443767548,-0.03518078476190567,-0.09170471876859665,-0.008875633589923382,0.3670812249183655,0.37718665599823,0.786635981349112,-0.003820810467004776,-0.004587272182106972,-0.04096943140029907,-0.012629687786102295,-0.011178107932209969,0.06620229035615921,-0.011176170781254768,-0.06702118366956711,3.0776379349177376,-0.00392535887658596,1.0,-0.014072945341467857,1.0,0.20481452345848083,-0.0005560112185776234,0.08466750010848045,-0.04300559312105179,-0.02808925323188305,-0.02678399719297886,-0.012781970202922821,-0.19828733801841736,0.5613422066938085,-0.018029799684882164,-0.007693511433899403,-0.029277615249156952,-0.012970848008990288,-0.1018471047282219,-0.10439790040254593,1.0,0.02,-0.005336435046046972,-0.03323223441839218,0.20067960023880005,1.0,-0.04738105833530426,1.1443033701020053,-0.013760244473814964,-0.006792065221816301,-0.0026803407818078995,-0.10445619374513626,-0.003515219781547785,-0.005195431411266327,-0.015031861141324043,0.2226878833025694,-0.05205480009317398,0.6306815174914667,-0.00819823145866394,-0.008828595280647278,1.0,0.06572873145341873,-0.018197864294052124,1.0,0.8722856498525746,-0.0015304610133171082,-0.010205566883087158,-0.06519220769405365,-0.034998975694179535,0.8462352945869551,-0.021479904651641846
4800,1.5885176911339631,1.0458521870243411,0.16693565472639216,0.4936839313488968,-0.21542191585517861,1.6723256277793077,0.012902920307009687,-0.16077061242590096,0.7873496067534203,0.24464971436366229,0.29778240341154144,0.5378137259734321,0.11041810238230797,0.7477068830041504,0.3878840399599095,0.5464718869210242,0.15064996353147453,-0.6466723539572024,0.01871099660303498,0.25230110291214125,-0.2928681808637318,0.08425416205981051,2.792828734820769,0.32750655538564755,1.9674316780712908,0.119621348247318,0.25545628298818424,0.7422261012731062,-0.051610330080044495,-0.29959403738740165,0.18452151162754013,-0.338103864124249,1.244340876429062,0.45709023762818174,0.4842101127409583,-0.36259581856629297,-0.02191140316426754,0.054400600492954254,0.0020522475242614746,-0.002153068780899048,-0.009621523320674896,-0.017607858404517174,-0.03243813291192055,-0.001906365156173706,-0.0011065960861742496,-0.015379548072814941,-0.0428372323513031,-0.01776757836341858,0.0034863934852182865,-0.025007575750350952,0.003743660170584917,0.11358165740966797,2.1835984080701145,-0.02095288783311844,-0.005964368581771851,0.08626973628997803,0.025259193032979965,-0.0009185951203107834,1.0,0.021664533764123917,-0.014677297323942184,-0.03797037526965141,1.0,67739.65379709161,-0.03690546005964279,-0.0019315439276397228,0.004770676605403423,0.21025295555591583,0.2544691860675812,-0.013120926916599274,-0.022333413362503052,-0.030169472098350525,-0.2578863203525543,-0.019746877253055573,0.10701614618301392,0.28760966658592224,1.5398093952934353,-0.015757378190755844,-0.010286450386047363,-0.03174605965614319,-0.021411120891571045,-0.012110155075788498,0.09988681972026825,-0.01446178276091814,-0.20101577043533325,1.5539443923510972,-0.0067121717147529125,1.0,-0.06614935398101807,1.0,0.17564842104911804,-0.019201602786779404,0.0846505556255579,-0.03479910269379616,-0.1401880532503128,-0.05748436599969864,-0.04129021614789963,-0.22502142190933228,0.5432991743093537,-0.0160713829100132,-0.026832345873117447,-0.017104774713516235,0.0017559193074703217,-0.10025559365749359,-0.10741360485553741,1.0,0.02,-0.0795409232378006,-0.03449968248605728,0.1159268170595169,1.0,-0.02065310627222061,1.9870341265207572,-0.02359374612569809,-0.0070314365439116955,-0.012425586581230164,-0.11079776287078857,-0.002509618643671274,-0.00489257276058197,-0.021983735263347626,0.1712669525295496,-0.03386746346950531,0.7702211816716742,-0.020871758460998535,-0.0042282091453671455,1.0,0.11932560801506042,-0.07375505566596985,1.0,0.21981430038776886,0.0016214177012443542,-0.09528008103370667,-0.07900574803352356,-0.044031500816345215,1.882053984605987,-0.033307719975709915
4900,0.5598837988550819,0.9017831199614449,-0.253113306132359,-0.1847542513042013,0.05535508192142086,2.8304272413082847,0.14190585406855383,0.2063789577042153,0.2463849737768427,1.2405888359484347,0.3487022613176667,-0.24059159209167733,-0.033408632815840895,0.7961233107323954,0.5019604673749449,0.5323041177784406,0.06131875094285145,0.26545676824858433,-0.2250421251126094,0.381005875796019,0.3907721357081012,0.14947423799002002,6.405513801028576,0.04320204370861241,0.8519680926364059,0.22006496695782823,0.43747138345553643,0.41724964363117456,0.25553408762840824,0.24705406591354157,-0.4061075468691575,-0.08289528301313182,2.2734797718003175,0.6275702722619347,-0.15855825127832476,0.2862592843040605,-0.023535100743174553,0.05480467528104782,-0.03099040687084198,-0.00705236941576004,-0.0077122971415519714,-0.011654477566480637,-0.08104896545410156,-0.003371886909008026,-0.002681555924937129,-0.013121391646564007,-0.014920651912689209,-0.029294714331626892,0.002872402546927333,-0.06872716546058655,0.006281781010329723,0.1104329377412796,0.8137376458988241,-0.04318087920546532,-0.006154999136924744,0.08873984217643738,0.02753303386271,-0.009748024865984917,1.0,0.032867807894945145,-0.04397014155983925,-0.026037978008389473,1.0,67730.38878325568,-0.024364322423934937,-0.0011357935145497322,0.006975170690566301,0.17388372123241425,0.1592654436826706,-0.00931360013782978,-0.0029862523078918457,-0.025234535336494446,-0.10962163656949997,-0.011459177359938622,0.15530472993850708,0.3707604706287384,0.9033012053837206,-0.003616032190620899,-0.006334982812404633,-0.06457465887069702,0.0036125630140304565,-0.015119723975658417,0.14131037890911102,-0.00812486745417118,-0.2266719490289688,6.841928459509682,-0.00843407865613699,1.0,-0.0041696541011333466,1.0,0.17948535084724426,-0.003062206320464611,0.08421828597784042,-0.05517801269888878,-0.018885113298892975,-0.22053419053554535,-0.006940159946680069,-0.2457188218832016,0.6310699702872482,-0.02117185853421688,-0.004048646427690983,-0.02147766202688217,-0.013332901522517204,-0.04368188977241516,-0.01370399072766304,1.0,0.02,-0.052658386528491974,-0.022406108677387238,0.27340254187583923,1.0,-0.04222656041383743,2.4104193362004267,-0.007268516346812248,-0.011157986707985401,-0.0009206384420394897,-0.07540831714868546,-0.0060217250138521194,-0.0122557133436203,-0.007379805203527212,0.19321399461477995,-0.03581592068076134,0.7333189790827552,-0.00409746915102005,-0.006405719555914402,1.0,0.09229931980371475,-0.251056432723999,1.0,1.299733751850092,0.0012816637754440308,-0.017158031463623047,0.00021157413721084595,-0.025083981454372406,1.161133382470429,-0.01642061397433281
5000,3.01073662556335,2.1054388877830337,0.19804297504266288,0.6364443300455604,-0.37013523225156003,3.9243647081148967,-0.3640353681437653,-0.1656231854691388,0.7783982654899212,0.7583727406694061,0.05555290384241279,0.7999916086294203,-0.1687117437241608,0.44832113156138287,0.7312095707559603,0.43862857192130195,0.4077779654380414,0.026707976796761533,0.08237808286074132,0.4903895323185363,-0.07269141277848774,0.018155695726292526,5.557782220470269,0.6804910869660343,3.6608727053044494,0.22814398881238085,0.4096809172962078,0.8311864481578931,-0.28182373696469903,-0.1965040488454783,0.3645281016606247,-0.23049601807661493,1.656874641733539,0.48771430411948,0.30428758346735735,0.2994193004405776,-0.004038639832288027,0.058771658688783646,-0.023534327745437622,0.011429987847805023,-0.0063736699521541595,-0.00815657526254654,-0.0121644027531147,-0.020155008882284164,-0.0009981915354728699,-0.015672553330659866,-0.023220986127853394,-0.0022540464997291565,0.0043780128471553326,-0.00933782011270523,0.0050392718985676765,0.08637528121471405,4.146637035119678,-0.019112754613161087,-0.0012981109321117401,0.0967789813876152,0.025317084044218063,-0.01901564747095108,1.0,0.031454119831323624,-0.0029720179736614227,-0.03486412763595581,1.0,444855.4180298438,-0.025464732199907303,-0.004973390139639378,0.010161541402339935,0.2844108045101166,0.3457046449184418,-0.02192169800400734,-0.010682187974452972,-0.01825014501810074,-0.31768736243247986,-0.015469595789909363,0.23461765050888062,0.5298476815223694,2.826437535867139,-0.01954137533903122,-0.00684906542301178,-0.039706915616989136,-0.009096190333366394,-0.004367846995592117,0.2600363790988922,-0.0036740051582455635,-0.17295262217521667,5.064772118917191,-0.006533777806907892,1.0,-0.008448462933301926,1.0,0.3138411045074463,-0.015905246138572693,0.08408454991877079,-0.01447884552180767,-0.02844986692070961,-0.01880229450762272,-0.030851703137159348,-0.3565293550491333,0.45368131354772306,-0.014670256525278091,-0.026626575738191605,-0.008970286697149277,-0.013553477823734283,-0.05494890362024307,-0.09160889685153961,1.0,0.02,-0.016200276091694832,-0.04909968748688698,0.27225029468536377,1.0,-0.010770615190267563,1.631586513629096,-0.04238109663128853,-0.0033530103974044323,-0.023633409291505814,-0.05638403072953224,-0.0013088108971714973,0.0013060346245765686,-0.013685448095202446,0.3131190799176693,-0.007356476038694382,2.3558621270771414,-0.012777656316757202,-0.0028429320082068443,1.0,0.26424407958984375,-0.048674508929252625,1.0,1.0425722071810997,-0.014959655702114105,-0.013827405869960785,-0.1211824119091034,-0.053297825157642365,3.35290477415915,-0.03351045027375221
5100,1.876477398858115,0.9809476075931961,0.16775499616853962,0.11078896114453204,0.1792981976875982,1.0332970864969577,0.10790857276421872,0.037187594643701694,0.5897095672031947,0.6251094250028006,0.29698597906409135,0.7307035863409401,0.046880175037376286,-0.3117113697186046,0.5562560176870237,-0.24735884731795382,0.008125099546301468,0.5415736993255725,0.2102506167855273,0.43109423774765043,0.14711029582606888,0.2645492312647499,0.7829264961726855,0.4727134220183791,1.889604384675291,-0.0869532999572568,0.1711998301036319,0.8321538819108123,0.09007189425582651,0.05434516694230223,0.06333791832934399,0.004921641789611056,1.3515027212105288,0.43326564089509517,0.41744015310180305,0.17455852741493386,-0.0052301036193966866,0.05521057918667793,-0.005505852401256561,-0.010426059365272522,0.000783972442150116,-0.0005773745942860842,-0.05801355838775635,0.0015354044735431671,-0.004565133713185787,-0.008779119700193405,-0.03512677550315857,-0.02840094268321991,0.003353924723342061,-0.05719020217657089,0.003083685413002968,0.06759358942508698,0.5770194620494352,-0.03674716502428055,0.0014581121504306793,0.08477883040904999,0.023515040054917336,-0.0012415465898811817,1.0,0.02217121608555317,-0.015718569979071617,-0.021774588152766228,1.0,78721.72648998283,-0.030940208584070206,-0.0036625489592552185,0.006475101225078106,0.20416617393493652,0.12776100635528564,-0.009889809414744377,-0.02742081880569458,-0.028080575168132782,-0.07180118560791016,-0.007953863590955734,0.15341708064079285,0.4312512278556824,1.815087183807078,-0.016216842457652092,-0.005336029455065727,-0.08222189545631409,-0.0344405323266983,-0.010035375133156776,0.1372135877609253,-0.011771428398787975,-0.1914389282464981,0.8334741157802648,-0.0009257609490305185,1.0,-0.023004082962870598,1.0,0.2973403036594391,-0.011927135288715363,0.0831577479839325,-0.03610673174262047,-0.05549967661499977,-0.1018468365073204,-0.041289862245321274,-0.27055680751800537,0.42537168570810757,-0.010940121486783028,-0.01832421123981476,-0.011084083467721939,-0.008110633119940758,-0.006628985516726971,-0.009228689596056938,1.0,0.02,-0.005091373808681965,-0.026338834315538406,0.16726016998291016,1.0,-0.03234220668673515,2.1063121793439423,-0.012664629146456718,-0.007632962428033352,-0.016104696318507195,-0.015329493209719658,-0.00020621088333427906,-0.005323275923728943,-0.0010930453427135944,0.21326365321874619,-0.05063426494598389,1.2151273807536294,-0.004520826041698456,-0.001492571784183383,1.0,0.18769967555999756,-0.14528506994247437,1.0,0.8755927753179366,0.0013487190008163452,-0.04889559745788574,-0.013961508870124817,-0.024479329586029053,1.756634271580685,-0.049930304288864136
5200,1.9174482170558742,0.48447258196264725,0.0718340679685347,0.38360588391114503,-0.13648712462172413,1.0006281145571034,-0.02506201814487933,-0.03446024752893194,0.6984953481043505,0.6744901645495002,0.218969036342594,0.7876061908729199,0.02563786472205121,0.03797545822288965,0.652842584185546,-0.10415498724288327,-0.026579792988479053,0.03233957699536352,0.12212239947521744,0.6278126294666952,0.08311699292032435,0.17937170721243004,0.7277425569786912,0.6148742788702611,1.1397635819078433,0.207015017239624,0.4407891887020745,0.8594874766071409,-0.08299671810143268,-0.06864921535754952,0.3146215414825745,-0.06049291769531165,1.491972232518222,0.37844509461072295,0.3249537180528602,-0.07604309363385177,-0.01390684861689806,0.0534590408205986,-0.0030154362320899963,-0.028546050190925598,0.00037963688373565674,-0.01221348438411951,-0.03962431102991104,0.0014879852533340454,-0.0010576269123703241,-0.013126567006111145,-0.03172259032726288,-0.04863773286342621,0.002862912369892001,-0.06667862087488174,0.00270681269466877,0.05899178236722946,0.6666220452195887,-0.027221959084272385,-0.008570600301027298,0.0824192613363266,0.02729528583586216,-0.005426978692412376,1.0,0.02346603199839592,-0.018340077251195908,-0.031197862699627876,1.0,13643.449347605165,-0.025529950857162476,-0.018590470775961876,0.0052185822278261185,0.2373657077550888,0.14604175090789795,-0.019065270200371742,-0.052547380328178406,-0.05261126160621643,-0.015135738998651505,-0.013412589207291603,0.2223716676235199,0.47367262840270996,1.8247619275868872,-0.01931125856935978,-0.007436804473400116,-0.06736121326684952,-0.035056762397289276,-0.012282472103834152,0.17010410130023956,-0.015012143179774284,-0.07126541435718536,0.8581664987722125,-0.001182611333206296,1.0,-0.022238243371248245,1.0,0.3033081889152527,-0.017011301591992378,0.08295503258705139,-0.04349222779273987,-0.05623716861009598,-0.14548443257808685,-0.052432432770729065,-0.057692863047122955,0.36183662706073483,-0.0072868745774030685,-0.01226753555238247,-0.0199689120054245,-0.004715612158179283,-0.06433838605880737,-0.028184451162815094,1.0,0.02,-0.013161509297788143,-0.03474132716655731,0.17363694310188293,1.0,-0.03789236396551132,1.7021575657043935,-0.023090174421668053,-0.0032508571166545153,-0.015372756868600845,-0.07208824902772903,-0.0005963603034615517,0.0003764033317565918,-0.006174646317958832,0.23496683314442635,-0.04034540429711342,0.6289539792663641,-0.009154140949249268,-0.0014774857554584742,1.0,0.15323367714881897,-0.20795762538909912,1.0,1.002752598738058,0.0006943419575691223,-0.04202989488840103,-0.028660885989665985,-0.03383982181549072,1.3825687351095126,-0.01752946339547634
5300,1.2688955394659525,0.9587747229580607,0.21012295750234128,-0.5475148848457738,-0.1700975861554485,0.975886310830027,0.21118313967726166,0.42776790841657386,0.09087809422522664,0.39310482743406683,0.16578396022338662,-0.6125099669999047,0.09424997310157004,0.3452313792704333,0.11503442105006352,0.013300246199199853,0.29127646311448535,0.33491103504879993,-0.03983616601916001,0.2452241777830779,0.30720005558307767,0.31221610179541653,3.7830896154791094,-0.22678454419797967,0.524834258070463,0.26581443660211307,0.26174786075105594,0.4011953442624404,-0.042468477930830584,0.10068323440382043,-0.7085785074594385,-0.3965840941065866,1.0286500853950784,0.25946719227816845,0.37907476819827945,0.048326356278428344,-0.01184009201824665,0.05112612247467041,-0.0029825717210769653,-0.01325611025094986,-0.013142406940460205,-0.017438923940062523,-0.0803895816206932,-1.4767050743103027e-05,-0.003360881470143795,-0.021740557625889778,-0.003820359706878662,-0.02125658094882965,0.0021545179188251495,-0.11721614003181458,0.0028423056937754154,0.0597543865442276,1.2586661983900425,-0.023013243451714516,-0.018584921956062317,0.08096295595169067,0.024904757738113403,-0.001733249519020319,1.0,0.026609981432557106,-0.02345244027674198,-0.03687485307455063,1.0,90798.04193194016,-0.011059429496526718,-0.003824289422482252,0.006081973668187857,0.24724328517913818,0.13663136959075928,-0.014585070312023163,-0.03447042405605316,0.00021603703498840332,-0.1847694367170334,-0.008688686415553093,0.1757662445306778,0.38904547691345215,1.3666182289772406,-0.005821178201586008,-0.009520558640360832,-0.047696083784103394,0.008028104901313782,-0.010796448215842247,0.19342195987701416,-0.0012049810029566288,-0.14306052029132843,4.096369741789258,-0.005308796186000109,1.0,-0.011313037946820259,1.0,0.3596879243850708,-0.013580743223428726,0.08345555700361729,-0.08713958412408829,-0.03338159993290901,-0.2956904470920563,-0.038459412753582,-0.49611496925354004,0.382139497809959,-0.020717598497867584,-0.0016303211450576782,0.0006031431257724762,-0.005450993776321411,-0.10257531702518463,-0.11316639930009842,1.0,0.02,-0.03283439204096794,-0.0480717271566391,0.1579626202583313,1.0,-0.041735805571079254,1.1032388289933497,-0.0071677640080451965,-0.01103814598172903,-0.0012943465262651443,-0.11366413533687592,-0.0008286526426672935,-0.010913923382759094,-0.00652341591194272,0.22595693357288837,-0.06474146991968155,0.94783475538083,0.0012861788272857666,-0.0017559444531798363,1.0,0.14789658784866333,-0.3010401129722595,1.0,0.21237869592302475,-0.0024935081601142883,-0.00922439992427826,-0.028239354491233826,-0.05102258920669556,0.8983885129129945,-0.01296105794608593
5400,1.116049346472348,1.6035629749924112,0.4203698115401868,0.7265193404806223,0.2534663997615417,1.1627004397477683,0.18693499340717676,0.38611019794615276,0.6896362085813925,0.6218734663533125,0.49575821607473214,0.3600881412356943,0.07554191345624355,0.8121437699105994,0.17723003770292192,0.4065348779577925,0.5130165453053295,0.7099782856632583,0.29551803613005817,0.301431343586268,0.7320833820097078,0.09298498750836084,7.6539188801828555,0.05986082063438911,0.6045102018092764,0.08443985704244036,0.49843864664801024,0.6712719158461806,0.13928720748327986,0.1688568683766951,0.44288015766570205,-0.006379134536916353,3.663346621224519,1.2104805864180217,0.5810085838169537,0.295494881922162,-0.04426379129290581,0.05129409581422806,0.008299529552459717,-0.005257271230220795,-0.0033285990357398987,-0.009789672680199146,-0.11137881129980087,-0.0013362988829612732,0.0013422546908259392,-0.025524325668811798,-0.005744904279708862,-0.0007727518677711487,0.005622244440019131,-0.06291568279266357,0.0027557467110455036,0.05382443964481354,0.9981539106012015,-0.027928132563829422,-0.00787961483001709,0.08054444193840027,0.02751220017671585,-0.0022895298898220062,1.0,0.01990460231900215,-0.01228434219956398,-0.008890971541404724,1.0,188535.90302267822,-0.011941514909267426,-0.0014002383686602116,0.009482930414378643,0.24099546670913696,0.1786096841096878,-0.0005010645836591721,-0.018732145428657532,-0.003913715481758118,-0.28164517879486084,-0.003908681683242321,0.17471396923065186,0.6298799514770508,1.2560331443317563,-0.0038074287585914135,-0.00011285580694675446,-0.07056248188018799,0.003927651792764664,-0.0196894071996212,0.08633553981781006,-0.001709459349513054,-0.2263163924217224,5.300379267245174,-0.00297725573182106,1.0,-0.022226791828870773,1.0,0.2666444182395935,-0.007138162385672331,0.08388278819620609,-0.04053933545947075,-0.053950924426317215,-0.08896630257368088,-0.03201030194759369,-0.446056067943573,1.3945037522515147,-0.06039731204509735,-0.0004687807522714138,8.87848436832428e-05,0.0008824430406093597,-0.0629986822605133,-0.06918619573116302,1.0,0.02,-0.0025640176609158516,-0.006761755794286728,0.271050363779068,1.0,-0.008460689336061478,3.8544815616697936,-0.002759937196969986,-0.016431648284196854,-0.006565224379301071,-0.10163181275129318,0.0007756357081234455,-0.0003589615225791931,-0.0007496597245335579,0.2448324915021658,-0.042827483266592026,1.292327258409041,0.008546289056539536,0.002445290330797434,1.0,0.11043053865432739,-0.1728152632713318,1.0,0.6090945254249748,-0.0019530057907104492,-0.0710262656211853,-0.009861215949058533,-0.003737114369869232,0.9609678561348637,-0.05271095409989357
5500,1.37152477786402,0.4408172239554328,0.26928788806331333,-0.31664618391132227,-0.30187439123834986,1.2716988336674104,0.010216745690421268,-0.28281077752380135,-0.3010703910870643,0.3021938399276211,-0.3829218911719079,0.08003036027343731,0.09654877704086734,-0.23500906864507914,0.19656414955793733,0.11336744949249623,0.26487516275937406,0.02436017786868188,0.08835302257091385,0.18938481123385426,-0.5166032563123971,0.12500905538202303,1.2658401655687304,0.41735637872309306,0.36422393336767167,-0.2382377170995567,0.4035991090266761,0.6122413909300382,-0.1040734420330636,0.0014991980931253375,-0.45514309404252856,-0.2933432260644697,1.6109457075810307,0.32768784313291827,0.11778121429333778,0.4522065959317964,-0.04572505131363869,0.05332411825656891,-0.004006441682577133,0.0008022338151931763,-0.008000418543815613,-0.01453255582600832,-0.030233055353164673,-0.008072476834058762,-0.004449252970516682,-0.029692476615309715,-0.010981112718582153,-0.011909320950508118,0.002692868234589696,-0.05629650875926018,0.0023868768475949764,0.03870490565896034,1.6840332349764118,-0.03761693835258484,-0.0002841763198375702,0.08078400790691376,0.0261918343603611,-0.0027323258109390736,1.0,0.020218173041939735,-0.008899083361029625,-0.031941864639520645,1.0,54498.93526824177,-0.011036112904548645,-0.0014368512202054262,0.0041601285338401794,0.2846451997756958,0.23713010549545288,-0.01882823184132576,-0.06000766158103943,-0.08136428892612457,-0.04372437670826912,-0.01623547449707985,0.09559967368841171,0.28207552433013916,1.3121329354238633,-0.007363729644566774,-0.009203745052218437,-0.05278295278549194,-0.05217805132269859,-0.020676331594586372,0.16204525530338287,-0.020474661141633987,-0.19361932575702667,1.0348239192738005,-0.0007563219405710697,1.0,-0.03519671410322189,1.0,0.27197593450546265,-0.018894705921411514,0.08334864675998688,-0.04846757650375366,-0.1068805530667305,-0.1371382772922516,-0.0610194057226181,-0.28051501512527466,0.49943450641362486,-0.06756411492824554,-0.00329299783334136,-0.03972913324832916,-0.010500345379114151,-0.08529872447252274,-0.13861191272735596,1.0,0.02,-0.020794613286852837,-0.02944527566432953,0.3505270779132843,1.0,3.6913901567459106e-05,1.3563290637607741,-0.004201924428343773,-0.007815062068402767,-0.1044718399643898,-0.06569163501262665,-0.001081943279132247,-0.002947181463241577,-0.026940282434225082,0.2339830482378602,-0.04282865673303604,0.7667479684108274,-0.004800960421562195,-0.001022064359858632,1.0,0.18786561489105225,-0.222785085439682,1.0,0.4783792318343781,-0.005658626556396484,-0.551529586315155,-0.13166826963424683,-0.024402037262916565,0.6774029715457993,-0.09001477062702179
5600,1.9815916241770064,0.5884492391908238,0.41012269679241337,0.7293213485681583,0.07702790702949576,5.18760841877572,-0.0015185556097820699,0.33678608888935346,0.2626683394808514,0.5541211927501384,0.09898601496321524,-0.5665377518276746,-0.014048244612674822,0.23892262122926067,0.2566982571640562,0.5641833590224031,0.22094237109475973,0.7096033458555566,0.08161551578122739,0.2563757406415954,0.7556227017585845,0.06362407154031079,4.655470272598321,-0.17042097690223412,0.7828400277472172,0.047628251260258554,0.572733467352719,0.13991538695889727,0.1405857690900668,0.25054629173930487,0.14655540976864082,-0.1919316931497949,3.14984688455457,0.9227806728037661,0.2717363581947584,0.09174214568665809,-0.0483386293053627,0.05203530192375183,-0.00505819171667099,-0.005194865167140961,-0.005003310739994049,-0.00615612231194973,-0.1077335774898529,-3.553926944732666e-06,-0.0027164584025740623,-0.01806539110839367,-0.01255372166633606,-0.022259734570980072,0.003908857703208923,-0.07423847913742065,0.003127224277704954,0.04134848713874817,7.263690486871692,-0.04020772874355316,-0.015225201845169067,0.08114474266767502,0.02656298503279686,-0.006155027542263269,1.0,0.042881011962890625,0.02004627324640751,-0.020694412291049957,1.0,361268.0149099328,-0.019369281828403473,-0.002050406765192747,0.003104431089013815,0.3013933598995209,0.14022056758403778,0.0009483527392148972,-0.06532720476388931,-0.0009707361459732056,-0.2075410783290863,-0.011276718229055405,0.21083033084869385,0.40124547481536865,2.0493908913395904,-0.004877716768532991,-0.005739916115999222,-0.06101863831281662,-0.009989768266677856,-0.013909213244915009,0.21253766119480133,-0.008152378723025322,-0.2184142768383026,2.437079206431849,-0.0019066231325268745,1.0,-0.009665366262197495,1.0,0.4140583872795105,-0.022256668657064438,0.08516002632677555,-0.06699362397193909,-0.042029332369565964,-0.06478812545537949,-0.04557020217180252,-0.46565303206443787,1.1964962024347268,-0.041839513927698135,-0.0026721800677478313,-0.004752632230520248,-0.014945324510335922,-0.04461394250392914,-0.08486241102218628,1.0,0.02,-0.006930192932486534,-0.01821032166481018,0.16337049007415771,1.0,-0.05809621512889862,2.8218001651031885,-0.011512693017721176,-0.024316050112247467,-0.016028854995965958,-0.05442974343895912,-0.003131943754851818,-0.0026527568697929382,-0.020427532494068146,0.25121384114027023,0.0009088702499866486,0.671382242142523,-0.0028486251831054688,0.0009972359985113144,1.0,0.16605445742607117,-0.11999964714050293,1.0,0.4947392035323096,-0.0009923726320266724,-0.061432287096977234,-0.07972461730241776,-0.006977066397666931,1.1398974260860373,-0.03296135365962982
5700,1.1214850372406366,0.5093493772890423,-0.15833936988268277,-0.2571237148168358,-0.04909802357111882,1.0162447439018387,0.20652611153129063,0.23481741148461507,-0.0573945943158195,0.9341648699333649,0.15745408157621707,-0.6704400782579669,0.1847545954608939,0.6149378375132288,-0.016175910486684042,0.12766944865324364,-0.07277220904708334,0.3517140244069405,0.13306956488229238,-0.06606772599796486,0.20713207336419215,0.05448892314535726,1.2647264715989082,0.23197194655391148,0.7079213964369822,-0.33651423404825975,0.5139377108804759,0.17863587273938714,0.2564694288116937,0.3561482934818187,-0.5517005283154827,-0.1949849077740479,1.432533082863691,0.2981194658151858,0.5029642471802774,0.156822409186053,-0.029674354940652847,0.05064995586872101,-0.00047347694635391235,-0.003565490245819092,-0.000623457133769989,-0.030590299516916275,-0.10906887799501419,-0.0023025907576084137,-0.0025480170734226704,-0.02457606792449951,-0.016345202922821045,-0.017498835921287537,0.002562436740845442,-0.08488805592060089,0.0021518641151487827,0.027574066072702408,0.8223916610062398,-0.04687359184026718,-0.01085357740521431,0.08168622851371765,0.020473742857575417,-0.001167487120255828,1.0,0.01632852852344513,-0.017774038016796112,-0.020938729867339134,1.0,22302.52354144288,-0.02054727077484131,-0.002063571009784937,0.002664959989488125,0.20011837780475616,0.22832134366035461,-0.007299477234482765,-0.03943297266960144,-0.0365983247756958,-0.19099834561347961,-0.006953937001526356,0.14729377627372742,0.4210907518863678,1.220482428881583,-0.00678168935701251,-0.00656551867723465,-0.0917666032910347,-0.0376528836786747,-0.022267736494541168,0.07221788167953491,-0.013774954713881016,-0.20094318687915802,0.8340477262924784,-0.010778116062283516,1.0,-0.011895710602402687,1.0,0.29195448756217957,-0.0070728943683207035,0.08281534351408482,-0.06260482221841812,-0.055254604667425156,-0.06667497009038925,-0.045257002115249634,-0.5308794975280762,0.49304955673669276,-0.06364477425813675,-0.009493252262473106,-0.009068481624126434,-0.0022677164524793625,-0.11042651534080505,-0.07016748934984207,1.0,0.02,-0.005129285156726837,-0.02416294813156128,0.23394332826137543,1.0,-0.037787601351737976,1.59529583537521,-0.005841212347149849,-0.01214909553527832,-0.0423329696059227,-0.1969796121120453,-0.00032626884058117867,-0.002203114330768585,-0.002692854031920433,0.21331017464399338,-0.08456628024578094,0.6435927851268647,-0.0038683228194713593,-0.0022322027944028378,1.0,0.11154145002365112,-0.1700199991464615,1.0,1.0964611453660782,-0.0014673396944999695,-0.1645483523607254,-0.011622857302427292,-0.016150638461112976,0.9810635823651737,-0.028773317113518715
5800,0.5963088513303815,0.6838328632645998,0.2182585427932431,0.4450347359181698,0.2490229183939422,3.1567655949056643,-0.17792192039658072,0.15598297556285043,-0.20867672169345994,0.412676538373687,0.09613394649298992,-0.4206075922515771,0.154979659053898,0.10740078704842489,0.10040544713076571,0.5366597403629664,0.20596559961107924,0.3881805101708812,0.24702962347560112,-0.20489520322925464,-0.15879554516271743,0.18287516568692141,1.476692847801283,0.3802475372654619,0.37443950652306923,0.08489197759211618,-0.17285383137063698,0.6515409515939068,0.03284256763998999,-0.025211034830509786,0.5472982419060284,0.011170887032750019,2.6497277798418177,0.3223837147475973,-0.2714284622104518,-0.40327950499497345,-0.006996534764766693,0.04970162734389305,-0.0050481390208005905,-0.029171355068683624,-0.005703404545783997,-0.014863187447190285,-0.01763615384697914,-0.003220893442630768,-0.0009024280589073896,-0.018121911212801933,-0.007453732192516327,-0.019345723092556,0.002751400461420417,-0.08179230988025665,0.0019026481313630939,0.022845035418868065,3.7671556656765475,-0.050515737384557724,-0.026491176337003708,0.07990242540836334,0.025602567940950394,-0.00880495086312294,1.0,0.024706725031137466,0.0006549395620822906,-0.011186711490154266,1.0,158858.19918437712,-0.01588798686861992,-0.01356718223541975,0.0026788655668497086,0.28244638442993164,0.16832786798477173,-0.002548009157180786,-0.022990331053733826,-0.0786653459072113,-0.24363873898983002,-0.007403288967907429,0.23617826402187347,0.5207210779190063,0.8610822356014154,-0.0083376569673419,0.007250312715768814,-0.07271849364042282,-0.037117354571819305,-0.004436494782567024,0.06926299631595612,-0.025676973164081573,-0.21722517907619476,1.3130492825192488,-0.0030286007095128298,1.0,-0.09172314405441284,1.0,0.4324290156364441,-0.005703390575945377,0.08203441090881824,-0.07751023769378662,-0.05661698430776596,-0.09357689321041107,-0.038740988820791245,-0.40717077255249023,0.2913728518252256,-0.01108340173959732,-0.0010324293980374932,-0.04310410097241402,0.0022259633988142014,-0.09387373179197311,-0.12515006959438324,1.0,0.02,-0.021273422986268997,-0.032334838062524796,0.15347805619239807,1.0,-0.030124235898256302,3.3196569414609236,-0.034553300589323044,-0.003690744051709771,-0.01683216169476509,-0.1260586827993393,9.147915989160538e-07,-0.0018732398748397827,-0.03295084834098816,0.24204504862427711,-0.013025280088186264,0.7488817966712218,-0.011861132457852364,-0.001678989501670003,1.0,0.07351672649383545,-0.1552545726299286,1.0,0.6327028760557966,-0.004481300711631775,-0.06257080286741257,-0.1541185975074768,-0.04049881547689438,0.6892136476357298,-0.0536363385617733
5900,1.5501612519834338,0.900545546698491,0.06682883421429078,-0.23998968175437901,-0.3688039172630787,3.4945219253474944,-0.03322967266953378,-0.22347315296245757,0.08533125110130832,0.3446641670636998,0.43442459925098614,0.11278341464842845,0.03755172505142308,0.8441981052060629,0.6805234173937055,0.4815488709343205,-0.3711702811809068,0.03038717062822118,0.0504104794324586,0.06850054725736474,-0.7308824913169806,0.0008992885839493384,4.366345430389533,0.6009799120092966,0.8227649595638936,-0.21099625573318337,0.08195043207927327,0.8583123964325547,-0.3723106624911529,-0.5955945630418124,-0.23707084549885465,-0.5120713573416664,0.9942557970526683,0.2654055911265859,0.26384778785560864,0.0336743662293639,-0.020115401595830917,0.05420254170894623,-0.016989998519420624,-0.0013197660446166992,0.004500828683376312,-0.0032722351606935263,-0.03374403715133667,-0.013498760759830475,-0.002017965307459235,-0.026805203408002853,-0.056797176599502563,-0.0010974034667015076,0.0020917512010782957,-0.05203833803534508,0.0016107067931443453,0.027457650750875473,0.7965267660685345,-0.009874768555164337,-0.00222092866897583,0.0803203135728836,0.021500805392861366,-0.007090114057064056,1.0,0.029667489230632782,-0.011295702308416367,-0.026801088824868202,1.0,276064.01470487355,-0.04119656980037689,-0.002599286148324609,0.0048269182443618774,0.13456164300441742,0.0724031925201416,-0.014944532886147499,-0.05405397713184357,-0.06572259962558746,-0.19507461786270142,-0.01713968813419342,0.17012955248355865,0.5167242288589478,1.561110723310786,-0.0026628097984939814,-0.0018698759377002716,-0.06086769700050354,-0.05694102868437767,-0.02652030438184738,0.09712143242359161,-0.019742416217923164,-0.11442496627569199,4.249124255889051,-0.0017869684379547834,1.0,-0.00042810291051864624,1.0,0.2974717617034912,-0.01659185253083706,0.08245501480996609,-0.04477197676897049,-0.1429537683725357,-0.048497386276721954,-0.05890796333551407,-0.6027489304542542,0.4137473184676073,-0.03959273546934128,-0.019356820732355118,-0.02966860681772232,-0.0035285353660583496,-0.007153687067329884,-0.09470294415950775,1.0,0.02,-0.03006356582045555,-0.049281373620033264,0.24316969513893127,1.0,0.005036458373069763,1.1559718920163347,-0.0020728111267089844,-0.006354303099215031,-0.03730390965938568,-0.0037094932049512863,-0.0015050782822072506,0.0016768574714660645,-0.004804475232958794,0.20535888709127903,-0.046542346477508545,0.7860374790038154,-0.008517611771821976,-0.0015617304015904665,1.0,0.11128959059715271,-0.08606892824172974,1.0,0.5456759542752476,-0.009528182446956635,-0.5030165314674377,-0.08218337595462799,-0.053265273571014404,0.8695913582224922,-0.01140036154538393
6000,0.9926785374550252,0.6715695434250525,0.13467382680193535,0.3419864461924654,-0.35029087334233266,5.574899696492934,-0.267419552877131,-0.08107935583643383,0.696257846603285,0.8083276936285221,0.2465105884866763,0.7213013765295992,0.018870189342445248,0.5917558881722408,-0.28301767010172696,0.5552463226234049,0.37178647771978496,0.6622163743277345,0.03897820050792787,-0.19967972214898158,0.2031068117521138,0.11770719354577545,2.01374959269563,-0.21775481324945464,0.6949768724290079,0.055832753989911124,0.2715618520126146,0.7505532455416121,-0.3486497986396611,-0.1762335264397199,0.15439417428415883,-0.19700933533187498,1.2487306292686051,0.35853405035059455,0.4500953932641192,0.20815265963552598,-0.03626560419797897,0.04888265207409859,-0.00870855525135994,-0.015971772372722626,-0.005811978131532669,-0.005413384642452002,-0.08719699084758759,-0.025899525731801987,-0.0013185599818825722,-0.016176287084817886,-0.013255275785923004,-0.027861416339874268,0.002530782949179411,-0.022668419405817986,0.004158594645559788,0.022136429324746132,7.038084923756138,-0.0046485550701618195,-0.016207169741392136,0.07927098125219345,0.02204902097582817,-0.011175410822033882,1.0,0.038941215723752975,0.010528672486543655,-0.031882282346487045,1.0,150932.21308635542,-0.018076669424772263,-0.010937832295894623,0.0029555275104939938,0.14130784571170807,0.22428582608699799,-0.012843865901231766,-0.029737643897533417,-0.024800248444080353,-0.1852615624666214,-0.011946426704525948,0.20145808160305023,0.5543122291564941,1.0975490586071364,-0.01734735071659088,-0.005243957042694092,-0.06476922333240509,-0.01619386486709118,-0.004200827330350876,0.09673502296209335,-0.009120937436819077,-0.17458952963352203,1.4144994574535537,-0.0010591992177069187,1.0,-0.0004702955484390259,1.0,0.2861422896385193,-0.012946651317179203,0.08276690170168877,-0.03973223268985748,-0.06271619349718094,-0.07191170006990433,-0.043726664036512375,-0.46334415674209595,0.47149977517568503,-0.04519214108586311,-0.006499278359115124,-0.011052984744310379,-0.0123564712703228,-0.039548613131046295,-0.08103713393211365,1.0,0.02,-0.013609791174530983,-0.02849694713950157,0.22220958769321442,1.0,-0.031151767820119858,1.3763492912657709,-0.032253023236989975,-0.010835368186235428,0.0050911083817481995,-0.06113171949982643,-0.0002710232511162758,-0.004778958857059479,-0.02233819104731083,0.22354168025776744,-0.002323392778635025,0.4610108155610332,-0.006074102595448494,-0.000887349946424365,1.0,0.06188255921006203,-0.16054274141788483,1.0,0.4527239155554248,-0.02252274751663208,-0.07482052594423294,-0.13967877626419067,-0.033343784511089325,1.0007343666837536,-0.02778453379869461
6100,0.4104202304269733,0.6368542496079267,0.07872706540357173,-0.5056438119922321,-0.2215584961102514,1.0401638072424024,-0.3026273722906198,-0.26955513450102436,0.7414315231624593,1.055805514444967,0.15308365777351776,0.6410634753707264,0.1610552055175918,-0.3553744865372604,0.708263781882045,0.06808817986592527,-0.07835812066675232,-0.14539754552171505,-0.04481977853578133,0.46566636481078727,-0.15059842600238765,0.2569458011219566,0.3158490203210647,0.31586701645497595,0.9595036227773021,-0.3199327347727022,0.465420159096125,0.7120862748095937,-0.25205657963989714,-0.2961304800187854,-0.34376654616591706,-0.123255010131388,3.190399196792196,0.36259036633209046,0.2620763230878536,-0.0013646093049183182,-0.02111850678920746,0.049664951860904694,-0.003183431923389435,-0.05994179844856262,-0.004986025393009186,-0.020703498274087906,-0.05097167566418648,-0.006093822419643402,-0.002673618495464325,-0.03149406611919403,-0.056851863861083984,-0.03841675817966461,0.002322048880159855,-0.007478401064872742,0.0026839617639780045,0.01859138160943985,1.2633833397267025,-0.03311561048030853,-0.05391030013561249,0.08259075880050659,0.024640846997499466,-0.010976814664900303,1.0,0.021754467859864235,-0.014087481424212456,-0.03747022524476051,1.0,25044.859315257836,-0.06659988313913345,-0.023602822795510292,0.002767133293673396,0.33008629083633423,0.3210931420326233,-0.02746155485510826,-0.007328614592552185,-0.060397595167160034,-0.03419246897101402,-0.016363823786377907,0.2569117844104767,0.581739068031311,0.6142649011557061,-0.010886270552873611,-0.0014744456857442856,-0.05358048528432846,-0.04067493975162506,-0.018564051017165184,0.1983685940504074,-0.013037462718784809,-0.2186671495437622,0.8506461414493133,-0.003128290642052889,1.0,-0.02021682821214199,1.0,0.4002706706523895,-0.0008807568810880184,0.08384804427623749,-0.019762776792049408,-0.02478005550801754,-0.04544450715184212,-0.021633222699165344,-0.09518856555223465,0.3821569766629505,-0.00865737721323967,-0.012507792562246323,-0.04081542044878006,-0.023426104336977005,-0.13967153429985046,-0.13300229609012604,1.0,0.02,-0.017107993364334106,-0.024026505649089813,0.26132825016975403,1.0,-0.048602983355522156,3.6062979923453526,-0.04729149863123894,-0.004120498895645142,-0.030683299526572227,-0.1516278237104416,-0.0012008403427898884,-0.0029109418392181396,-0.011600005440413952,0.3134882301092148,-0.016749462112784386,0.5227365138808525,-0.01842523366212845,-0.0010729706846177578,1.0,0.15810804069042206,-0.08331409841775894,1.0,1.4279354115988643,-0.007233165204524994,-0.08492165058851242,-0.07303499430418015,-0.04278245568275452,0.9902648314251133,-0.04405996948480606
6200,0.8138144220539296,0.7400294086310284,-0.06839458183979658,-0.37357314435268973,-0.21972204017534153,1.6376089725025353,0.26442113590765043,0.22555213551845488,-0.47364629611256653,0.7690223348459653,0.11257454219208522,-0.7508763736942683,0.12558638541442335,0.6967898053230873,-0.008976341494711076,0.391618905855037,-0.031288019635170014,0.5647453729545819,-0.08899276108405893,0.353127659802251,0.6034309291015358,0.18937528463960568,2.1843997914205073,-0.2942316084947117,0.43587384552007935,0.31109279171566073,0.5812396916468621,0.4437030219950825,-0.05377467712266671,-0.13776742104169373,-0.592149978659396,-0.13805686426719868,1.3418536336927502,0.4407377547062962,-0.08194522644900194,0.13540045380614443,-0.02075180411338806,0.05311419442296028,-0.012614715844392776,-0.0007934197783470154,-0.005468558520078659,-0.029928572475910187,-0.07487505674362183,-0.010691579431295395,-0.001757640391588211,-0.022748004645109177,-0.006890967488288879,-0.029339835047721863,0.0020019335206598043,-0.0725003033876419,0.002621750347316265,0.020372431725263596,0.9723959211766174,-0.04073038697242737,-0.004288975149393082,0.08384768664836884,0.021014360710978508,-0.004339463077485561,1.0,0.020374486222863197,-0.0024934541434049606,-0.030824387446045876,1.0,31570.735704567393,-0.003338135778903961,-0.001245616003870964,0.0026717442087829113,0.22875793278217316,0.13574832677841187,-0.016989493742585182,-0.027107998728752136,-0.043740496039390564,-0.20715902745723724,-0.009023765102028847,0.3031594753265381,0.6445476412773132,0.9058316411794972,-0.005009941756725311,-0.005229029804468155,-0.07409105449914932,-0.013706948608160019,-0.02269059605896473,0.16332489252090454,-0.008718417957425117,-0.19821371138095856,1.9012920253503596,-0.002976322779431939,1.0,-0.01285921223461628,1.0,0.4903758764266968,-0.010233620181679726,0.08455591648817062,-0.05577412620186806,-0.05513757839798927,-0.02053951658308506,-0.038105662912130356,-0.6596121788024902,0.4612374917180547,-0.025555217638611794,-0.006312940269708633,-0.02467210218310356,-0.004010133445262909,-0.12978149950504303,-0.11230670660734177,1.0,0.02,-0.03462093323469162,-0.02573327347636223,0.25601860880851746,1.0,-0.043676864355802536,1.4399938797186458,-0.013563519343733788,-0.011473556980490685,-0.008011266589164734,-0.24359187483787537,0.00020939100068062544,-0.0023818612098693848,-0.003943960648030043,0.29886982776224613,-0.06497088819742203,0.7825883152128329,-0.013105478137731552,-0.004834366030991077,1.0,0.16902586817741394,-0.00952073186635971,1.0,0.7465933096085031,-0.006418392062187195,-0.026097092777490616,-0.024044927209615707,-0.032708585262298584,0.6923499860670393,-0.015478636138141155
6300,0.6617897594495125,0.5593387050105441,0.381364157970045,0.5251551495340933,0.2263437564012528,0.6547311771380024,0.33373361097813525,0.3536140302683444,0.23445887886964228,0.44431266696419924,0.1976751323306902,-0.10792588549772392,0.3321133096949823,0.7472835863909669,0.6546059068269103,0.333157796794119,0.25855707747643586,0.6771689945652122,0.27577740056333233,0.3604153057675744,0.6368539418436969,0.5290604928740964,1.307271940309536,0.4277651280913527,1.2112252536989336,0.5836878575739216,0.495507549756501,0.8253150919314393,0.3299668547876259,0.4508664903787183,0.21140383671370105,0.33438682435927697,2.2168424488149463,0.42530023242776677,0.2859151524050042,0.12728733321249638,-0.019380373880267143,0.04833655804395676,-0.0022783931344747543,-0.018664903938770294,-0.006333198398351669,-0.016448507085442543,-0.037578240036964417,-0.009049873799085617,-0.0037567028775811195,-0.02708580531179905,-0.05037126690149307,-0.01610204577445984,0.00173719332087785,-0.0052195098251104355,0.0017264648340642452,0.016240838915109634,1.5233494694802048,-0.016785109415650368,-0.022070057690143585,0.0841773971915245,0.02148880437016487,-0.006842858158051968,1.0,0.01478119008243084,-0.014857221394777298,-0.01518622413277626,1.0,94533.31252403474,-0.04703106731176376,-0.010172201320528984,0.0017203213647007942,0.19271720945835114,0.12234315276145935,-0.009560313075780869,-0.02714528888463974,-0.03096618503332138,-0.04525143280625343,-0.012626368552446365,0.11367946118116379,0.42017611861228943,0.9262168930269282,-0.006456646602600813,-0.006171638146042824,-0.060353390872478485,-0.015126802027225494,-0.019637154415249825,0.14305898547172546,-0.009501821361482143,-0.22173868119716644,0.6240003355841596,-0.002766425721347332,1.0,-0.020988235250115395,1.0,0.44658252596855164,-0.011742061004042625,0.08382320776581764,-0.010925649665296078,-0.09110850095748901,-0.017724577337503433,-0.03186144679784775,-0.1392194926738739,0.49128318447792396,-0.014475859701633453,-0.022389965131878853,-0.021311163902282715,-0.0019714422523975372,-0.11159082502126694,-0.1282358318567276,1.0,0.02,-0.012607659213244915,-0.021306544542312622,0.18020722270011902,1.0,-0.031605347990989685,2.6197246379867405,-0.010565772652626038,-0.007526249624788761,-0.02315654046833515,-0.13316074013710022,-0.0051175253465771675,-0.0007891207933425903,-0.007858045399188995,0.21767909172922373,-0.024614768102765083,0.7031882107812166,-0.018129222095012665,-0.00537578109651804,1.0,0.12266805768013,-0.028554920107126236,1.0,0.36361294848122677,-0.0023927241563796997,-0.17544150352478027,-0.028971664607524872,-0.02522965520620346,1.4334060965883786,-0.04076886177062988
6400,1.1149804322008683,0.6625900709015524,0.453717487979859,0.19873130393862573,0.120937123399964,1.0235200134614169,0.18535155697920558,-0.10475173907017886,0.821032974774707,0.3904381823278688,0.38594565790789054,0.793714186111126,0.029511696774179606,0.2221308054028696,0.7933687107901022,0.08900524637225786,0.2932004728697726,0.20762932789756788,0.375913953993961,0.6324771021556486,0.013014300107800435,0.04509824147497067,0.4544597904536738,0.6332772074358057,1.3746699584027002,-0.02570736872067573,0.3986485575873202,0.8906625014797932,0.05115232751661988,-0.20697791638219543,0.1663406244206795,-0.2015075262971726,2.8643219838474865,0.3316289440092321,0.5361553368164502,0.12201374310331035,-0.04181953892111778,0.05095665901899338,-0.0021201549097895622,-0.04398803412914276,-0.005032137036323547,-0.014852543361485004,-0.03435526043176651,-0.0017679333686828613,-0.0019839785527437925,-0.02814999222755432,-0.06406320631504059,-0.04590822756290436,0.0022397402208298445,-0.07554265111684799,0.0017148510087281466,0.013396658934652805,1.4536620509867475,-0.022797007113695145,-0.03787644952535629,0.0828707367181778,0.02116214670240879,-0.0027077156119048595,1.0,0.019414279609918594,-0.008669018745422363,-0.006124047562479973,1.0,19215.984606305905,-0.06463699787855148,-0.02163953334093094,0.0021087639033794403,0.2113710194826126,0.27028200030326843,-0.001318078488111496,-0.04094572365283966,-0.05240000784397125,-0.05045086145401001,-0.012515971437096596,0.31516990065574646,0.4439792037010193,1.2596265462329814,-0.021539214998483658,-0.0068693943321704865,-0.07203689962625504,-0.03584916144609451,-0.021085131913423538,0.09635557234287262,-0.012150337919592857,-0.26294052600860596,0.9149502859081627,-0.0007641566917300224,1.0,-0.036590419709682465,1.0,0.36596542596817017,-0.011646348051726818,0.08440069481730461,-0.051310572773218155,-0.05405598133802414,-0.04127340018749237,-0.06196669489145279,-0.16330024600028992,0.47763832199347567,-0.054345034062862396,-0.02323584072291851,-0.033899568021297455,-0.0027001742273569107,-0.07531791180372238,-0.09237337112426758,1.0,0.02,-0.008991776965558529,-0.02393627166748047,0.1778169572353363,1.0,-0.052122972905635834,3.283163804805205,-0.01429746113717556,-0.005452238954603672,-0.008755190297961235,-0.1442098617553711,-0.0005394229665398598,-0.0006737858057022095,-0.010006126016378403,0.2467261217534542,-0.017766963690519333,0.6098552211626034,-0.006157043389976025,-0.000805574469268322,1.0,0.09286889433860779,-0.06519242376089096,1.0,0.5980714187990614,-0.00029559433460235596,-0.060091085731983185,-0.034377239644527435,-0.02830570936203003,1.424788182087677,-0.05428721755743027
6500,2.2231314515633986,0.2603886065411272,0.16628304574509487,-0.31671068429252563,-0.3747351146728048,4.1752044828725206,-0.3164725516234671,-0.3699939866995417,0.5409509440545954,0.9603227388287016,-0.15071215357426596,0.5938710372233056,0.05058558865035201,0.2613532873592066,-0.18679242903455326,-0.4447412285034148,0.3822096369434932,0.6232993323198064,0.04873202143461495,-0.22065104230583246,0.5637832519407171,0.043373427505824416,0.4706732635133835,-0.18870852091378065,0.8042546896269835,0.029099596509621628,0.43648834996295927,0.7782130081068372,-0.2949120327109643,-0.47359766799147396,-0.21999475434396493,-0.497787344437834,2.4588063232994997,0.2983758186922442,0.5281348063981359,0.2202937927485181,-0.01335258036851883,0.054582782089710236,-0.009029184468090534,-0.04682651162147522,-0.008361220359802246,-0.004459050018340349,-0.07113327085971832,-0.02809329330921173,-0.0030935448594391346,-0.01806948333978653,-0.02571427822113037,9.249895811080933e-05,0.0016899664187803864,-0.04878877475857735,0.005356957204639912,0.01200751680880785,5.048865847999114,-0.006386147812008858,-0.01082717627286911,0.08308714628219604,0.02075144648551941,-0.010291697457432747,1.0,0.029326455667614937,-0.001086292788386345,-0.030243869870901108,1.0,194246.63069184535,-0.015824906527996063,-0.03776484355330467,0.0018731369636952877,0.21275684237480164,0.2011321485042572,-0.017890438437461853,-0.07062575221061707,-0.01460835337638855,-0.012261288240551949,-0.015138804912567139,0.22961139678955078,0.4040799140930176,2.193987235165634,-0.009961235336959362,-0.004783688113093376,-0.05662986636161804,-0.017879780381917953,-0.005091225728392601,0.26225972175598145,-0.007020205724984407,-0.22280165553092957,0.8139245178160134,-0.0036722859367728233,1.0,-0.002062356099486351,1.0,0.32026761770248413,-0.026518594473600388,0.0831676572561264,-0.044293709099292755,-0.11642204225063324,-0.04342496395111084,-0.060160763561725616,-0.1473948210477829,0.3956359057259854,-0.013679593801498413,-0.008935194462537766,-0.01127612590789795,-0.014490336179733276,-0.024050351232290268,-0.10556997358798981,1.0,0.02,-0.013043560087680817,-0.06307300180196762,0.23119887709617615,1.0,0.005254045128822327,2.9608232991573766,-0.015973150730133057,-0.011416705325245857,-0.11293996870517731,-0.050084181129932404,-0.001782181323505938,-0.001906082034111023,-0.02974279783666134,0.2605287991464138,-0.06947363913059235,0.276453463647613,-0.02563423663377762,-0.0017864754190668464,1.0,0.2229238748550415,-0.05182798579335213,1.0,0.520237030320687,-0.013986587524414062,-0.47999513149261475,-0.2333831787109375,-0.059222519397735596,0.8052910504527488,-0.030673224478960037
6600,1.7220695487543913,1.2192574065377735,0.28792033136425604,0.49846286254536176,-0.299321098033447,0.8217037351566062,-0.36496596342907106,-0.23092703978958706,0.716130333249995,0.4030529498698891,0.30752206998135934,0.6845250456825442,-0.18445296446840678,0.6198818725468399,0.5040327220797236,0.3933432804886433,0.11604555103075061,0.37376503124797145,0.25521998922425104,0.17063370323324203,0.2215683171994734,-0.028506806139166105,2.8383297192849097,0.5099352040810423,1.818078626808309,0.03535244281363442,0.4633185292187101,0.9095746177348385,-0.2903000739298237,-0.10285905371623724,0.40378210653912516,-0.05110995005321239,3.1871799473152467,0.3766906754305232,0.2575736425550488,0.10503501709611242,-0.012870055623352528,0.05176113545894623,-0.0274397861212492,-0.014579430222511292,-0.002867441624403,-0.010402679443359375,-0.001968551427125931,-0.015378080308437347,-0.001732107950374484,-0.014223307371139526,-0.062337830662727356,-0.019116371870040894,0.002504577161744237,-0.03509077429771423,0.002174575114622712,0.011972503736615181,1.255220745749429,-0.0138106569647789,-0.009944722056388855,0.08531336486339569,0.023321589455008507,-0.01780528761446476,1.0,0.019212305545806885,-0.01127300038933754,-0.03251350671052933,1.0,62962.75833243687,-0.0570065900683403,-0.011599000543355942,0.0034329912159591913,0.29308563470840454,0.10389695316553116,-0.02134793810546398,-0.049557700753211975,-0.06361238658428192,-0.14832158386707306,-0.015384085476398468,0.17225147783756256,0.5338107943534851,1.7816432920466796,-0.017867958173155785,-0.009951852262020111,-0.03115193173289299,-0.01727043092250824,-0.016636647284030914,0.10939617455005646,-0.009472782723605633,-0.20624490082263947,2.6800767329627146,-0.007523809559643269,1.0,-0.04823683947324753,1.0,0.37033921480178833,-0.016422230750322342,0.0849072840064764,-0.03052503429353237,-0.04756908118724823,-0.031238047406077385,-0.06223909556865692,-0.4163808226585388,0.27282585163349965,-0.0019883140921592712,-0.02621474489569664,-0.04349580407142639,-0.022854262962937355,-0.05627451837062836,-0.11807787418365479,1.0,0.02,-0.012064558453857899,-0.035945527255535126,0.17648229002952576,1.0,-0.022087767720222473,3.180576279993811,-0.057727791368961334,-0.0010449537076056004,-0.008283643051981926,-0.056020162999629974,7.051578722894192e-05,0.0002877935767173767,-0.006149142049252987,0.24207394290715456,-0.0323064848780632,1.0045694344061415,-0.020123587921261787,-0.0008031392935663462,1.0,0.17732900381088257,-0.04863636940717697,1.0,0.4481594297294925,-0.0144072026014328,-0.04719927906990051,-0.03798668086528778,-0.044995978474617004,1.6902041141078912,-0.05112327262759209
6700,0.7901416595552138,0.4783712769815905,0.1484330548149291,0.260047286748011,-0.34719953206452603,2.6014882233314087,0.13002606570536054,0.16999784834225837,-0.13146245694420527,0.6711079394795535,0.29522294527011506,-0.08173264278599035,0.06530050280654605,0.5639191867548553,-0.2892858514762377,0.4725267675282717,0.2028437461827553,0.6871086109540202,0.1804181311367595,0.11638975658999202,0.5137753453689622,0.10709870932467482,1.0473602549902015,-0.182294750281307,0.7103503722685228,0.012559414106345734,0.4512848275981597,0.8691867103354821,-0.35846688830086254,-0.4908450458323612,0.28068539251805846,-0.3226206174481623,1.843954236185896,0.4312921154962135,0.32511942761588347,0.14208712443970112,-0.012203983962535858,0.051838718354701996,-0.00988137349486351,-0.01804385334253311,-0.00599144771695137,-0.010301798582077026,-0.0952690839767456,-0.02049233764410019,-0.0015585888177156448,-0.01810968853533268,-0.04002693295478821,-0.01440545916557312,0.0014164536260068417,-0.07546794414520264,0.002917302306741476,0.007588017266243696,3.7923821189104614,-0.01855599693953991,-0.013245515525341034,0.08345092833042145,0.01964729279279709,-0.008541222661733627,1.0,0.024616288021206856,-0.00276186503469944,-0.02850101888179779,1.0,4496.551190940953,-0.04552239179611206,-0.013007638975977898,0.0015797787345945835,0.12091458588838577,0.15531067550182343,-0.014343850314617157,-0.030077144503593445,-0.017369873821735382,-0.1570800244808197,-0.01103316992521286,0.1579030305147171,0.456803560256958,0.8980029528035951,-0.0020512277260422707,0.0012133773416280746,-0.06932751834392548,-0.019224150106310844,-0.011538425460457802,0.057426515966653824,-0.006732826586812735,-0.2083950638771057,0.8985369324458834,-0.0023249704390764236,1.0,-0.007317082956433296,1.0,0.22410356998443604,-0.010360205546021461,0.08354946412146091,-0.05416401848196983,-0.05389409139752388,-0.0512949638068676,-0.04204261302947998,-0.38638728857040405,0.4852942360012683,-0.006531873717904091,-0.011724591255187988,-0.006527837365865707,-0.011221248656511307,-0.06301277130842209,-0.11148107051849365,1.0,0.02,-0.012830877676606178,-0.035971470177173615,0.31220462918281555,1.0,-0.018411509692668915,2.16636013240847,-0.01335112378001213,-0.01669379696249962,-0.012280473485589027,-0.07934744656085968,-0.000395346200093627,-0.0031060874462127686,-0.015506930649280548,0.19621160300448537,-0.015864869579672813,0.6165659478266545,-0.02323928102850914,-0.001414035214111209,1.0,0.08502625674009323,-0.05934588983654976,1.0,0.5277437101200999,-0.01955026388168335,-0.06519603729248047,-0.10647528618574142,-0.04966147243976593,0.7975046924231325,-0.033333804458379745
6800,0.5798457579924651,0.5186214235532808,0.12719531735419748,-0.7567351842221367,-0.15634277343865502,0.9604777105864605,0.13375449073629758,0.18482839305255833,-0.5507772259015357,0.7150002206527307,-0.03693284558870001,-0.31067425469783516,0.22408990123083714,0.5086922502946234,0.363507864712999,-0.08813338020381424,0.4337907241362018,0.06124798063850216,-0.01985922267773934,-0.19204002022865835,0.4522528313774984,0.05805549019831428,0.9158968979553697,0.11379482431189633,0.7618386533480948,-0.42806924926916556,0.4688965742177842,0.7736709039996713,-0.2444492967395938,-0.08239283617445149,-0.5065871245603948,-0.04234325768160828,3.331699835882922,0.8049620082543791,0.5561772674055333,0.08974158247836542,-0.050369743257761,0.05239293351769447,-0.007207103539258242,-0.0022027119994163513,-0.0026351511478424072,-0.009211074560880661,-0.1178831160068512,-0.007173512130975723,-0.00955093465745449,-0.024474138393998146,-0.026993989944458008,-0.03343208134174347,0.003265721257776022,-0.21045707166194916,0.0023120087571442127,0.0057677156291902065,1.182244561058383,-0.028706759214401245,0.0006743296980857849,0.08410781621932983,0.02430407516658306,-0.002374982461333275,1.0,0.012565582990646362,-0.005570504814386368,-0.02833019383251667,1.0,17933.097489487896,-0.03480130806565285,-0.002777270507067442,0.001724730245769024,0.27173468470573425,0.23412811756134033,-0.009228916838765144,-0.004341810941696167,-0.03734254837036133,-0.010754149407148361,-0.008430385030806065,0.16637414693832397,0.41801637411117554,0.8364390988150583,-0.011181825771927834,-0.019402094185352325,-0.08629634231328964,-0.03651503100991249,-0.02080925554037094,0.11087039113044739,-0.015087799169123173,-0.16739976406097412,0.4629579893145972,-0.0021575274877250195,1.0,-0.058777570724487305,1.0,0.4284759759902954,-0.00045897229574620724,0.08483215421438217,-0.06172698363661766,-0.050745151937007904,-0.05127466470003128,-0.01139594241976738,-0.09559442102909088,0.9117461133700135,-0.07767634093761444,-0.004793504718691111,-0.022390183061361313,-0.01908152736723423,-0.04149750992655754,-0.10149965435266495,1.0,0.02,-0.019171401858329773,-0.006555873900651932,0.31446731090545654,1.0,-0.03348143771290779,2.942950055374652,-0.010224955156445503,-0.007027797866612673,-0.012392792850732803,-0.04318363964557648,-0.0007064836099743843,-0.0007369369268417358,-0.010949221439659595,0.255712847225368,-0.022797800600528717,0.7625502115291458,-0.006435173097997904,0.000856300350278616,1.0,0.10163577646017075,-0.06444038450717926,1.0,0.9241619434103362,-0.011577501893043518,-0.03920036554336548,-0.06165458634495735,-0.008223660290241241,0.82598530611374,-0.1037544533610344
6900,0.5557243567082398,0.6368920156426716,0.3355799317669268,-0.3056179188082921,0.027332588159746474,1.9027277009796746,0.005374989681959222,0.3465736535265628,-0.25210805642220824,0.6777709015530139,0.10805184053236358,-0.5923622462396918,0.10428474179276065,0.6743637611712028,0.1432140926123387,0.038561833609801074,0.3395347931670128,0.06967604835529763,0.1162847835358241,0.33004288296923645,0.5613417255908123,0.5008885213968325,1.2284765434104477,-0.22382654110065153,0.5813411731719448,0.5151660981194047,0.4308881234778952,0.5826701181161723,0.156033062845774,0.10036689403972965,-0.5087709525977985,-0.2660916149551955,1.8868334334541317,0.4242841065629648,0.443692965389964,-0.06181289712343842,-0.018707210198044777,0.052601493895053864,-0.002120940014719963,-0.003678441047668457,-0.0072102174162864685,-0.013943325728178024,-0.05098111182451248,-0.020695753395557404,-0.00984850712120533,-0.017091993242502213,-0.01012544333934784,-0.022896401584148407,0.0012314976193010807,-0.1306701898574829,0.0027996236458420753,0.006243743002414703,3.6210133135260265,-0.0073756929486989975,-0.0006605461239814758,0.08270224928855896,0.018954657018184662,-0.00465542683377862,1.0,0.02557540126144886,-0.001493208110332489,-0.015891481190919876,1.0,26321.82838732224,-0.013314120471477509,-0.003339624498039484,0.0019834046252071857,0.30543047189712524,0.15568670630455017,-0.0034781564027071,-0.014862075448036194,-0.04513511061668396,-0.019085593521595,-0.009778335690498352,0.14629364013671875,0.5921515822410583,0.7997740129548628,-0.00432683015242219,0.00015800632536411285,-0.06171327084302902,-0.021901380270719528,-0.008774084970355034,0.028735529631376266,-0.008299360051751137,-0.03952081874012947,0.8998093785203911,-0.0027901041321456432,1.0,-0.012305190786719322,1.0,0.30407869815826416,-0.004622064996510744,0.0844570342451334,-0.06666271388530731,-0.05313210189342499,-0.020192772150039673,-0.020310498774051666,-0.02478814497590065,0.5848519874066214,-0.020366288721561432,-0.0020870589651167393,-0.02790980041027069,-0.020032834261655807,-0.06851894408464432,-0.12047174572944641,1.0,0.02,-0.009097324684262276,-0.03443620353937149,0.18389415740966797,1.0,-0.03164171427488327,1.4688688989116396,-0.026752859354019165,-0.007593769114464521,-0.006355365738272667,-0.12262389808893204,-8.233904372900724e-05,-0.0032817721366882324,-0.017250150442123413,0.2190413512289524,-0.004974130541086197,0.8046944031112896,-0.011472467333078384,-0.0013280939310789108,1.0,0.03606002405285835,-0.019233904778957367,1.0,0.4953557772044301,-0.020765729248523712,-0.035523854196071625,-0.11496933549642563,-0.04034768044948578,0.7196979453125466,-0.010037624277174473
7000,0.6370711127223208,0.4939938023066028,-0.033289020837712034,0.6293070626218545,-0.0034487568484904796,3.9899431244620387,0.3029923410117342,0.2006436660970275,0.49793047835140813,1.2701370030259294,-0.062346574133498055,-0.24867250230253984,0.2005731144526175,0.5854644989865236,0.5958592735690722,0.20825654301210111,-0.03989539814529137,0.6449203669310334,-0.11053044748713342,0.4157545428161984,0.47650044677775566,0.2085811111334444,1.6798740452745584,0.07704772937908992,1.7527635338447998,0.5338653721698456,0.4505100071947879,0.19967720412837847,0.23306865998400367,0.14076996340347997,-0.2018753410621285,0.017967932034022478,2.2699817338737334,0.899181122529486,0.02407346486240056,0.09548442723128356,-0.04387860745191574,0.055635616183280945,-0.0003504273481667042,-0.007703676819801331,0.001352556049823761,-0.0018704626709222794,-0.06130475178360939,-0.005134426057338715,-0.0031910939142107964,-0.011076992377638817,-0.050633400678634644,-0.008696787059307098,0.0028546061366796494,-0.01968224160373211,0.005865854676812887,0.004412330687046051,1.2208111063533484,-0.048800598829984665,-0.02380220592021942,0.0920737087726593,0.021619435399770737,-0.003547268221154809,1.0,0.03367282822728157,-0.013223133981227875,-0.022737663239240646,1.0,88344.41204178192,-0.06785869598388672,-0.005535229574888945,0.0016892838757485151,0.1752791851758957,0.09530052542686462,-0.015618350356817245,0.001630254089832306,-0.01871013641357422,-0.1440495252609253,-0.00936627946794033,0.10383020341396332,0.3782186508178711,0.8673894016868425,-0.0028283116407692432,-0.008696150034666061,-0.06600265204906464,-0.021810809150338173,-0.027669265866279602,0.08859875798225403,-0.009489882737398148,-0.20140394568443298,1.7072191853709533,-0.0021456019021570683,1.0,0.0034315623342990875,1.0,0.5024058818817139,0.0004006568342447281,0.084469523280859,-0.0107481824234128,-0.059685900807380676,-0.012488129548728466,-0.005635906010866165,-0.37132564187049866,0.8082040745394361,-0.03327338770031929,-0.020111212506890297,-0.02448274940252304,-0.005853269249200821,-0.004648338537663221,-0.08541589975357056,1.0,0.02,-0.014690445736050606,-0.004761748015880585,0.14978991448879242,1.0,-0.03341785818338394,2.285429980044036,-0.010908778756856918,-0.007593476213514805,0.0033504292368888855,-0.005621973425149918,-0.0022436464205384254,0.006950587034225464,-0.08590748906135559,0.19568761065602303,0.0001074858009815216,0.7415309176836306,-0.00801742635667324,-0.007948914542794228,1.0,0.07207776606082916,-0.017148498445749283,1.0,1.3565440951334085,0.004359669983386993,-0.05884061008691788,-0.31860437989234924,0.003210216760635376,1.9339894885226876,-0.013163750991225243
7100,0.9414215895468501,0.8304739846262847,0.0735362386552857,0.3181725063020663,-0.4110598151127837,2.310980604884991,-0.3449541501189703,-0.29913644077743035,0.6839179124547684,0.3124855630414416,0.29890096439127567,0.6874633424936913,-0.039674155883528135,0.7247777899741311,0.6418294700002024,0.5543441752428172,0.25940118961043795,-0.06728544675536705,0.1134697826182732,0.26040788779999924,-0.3971008444242967,0.01317420547951046,3.9869271457579183,0.5816468199198691,1.20381597610649,0.07313919184468373,0.36380923255977116,0.9110056470731024,-0.4127683016866157,-0.6455213702068212,0.34216198742511633,-0.4786953289673891,1.1547770743476933,0.21787452440964167,0.32783548208958907,0.11142362752346982,-0.01580830104649067,0.052663132548332214,-0.00868872832506895,-0.009232975542545319,-0.006507463753223419,-0.006633634679019451,-0.018744656816124916,-0.02449312061071396,-0.000341236824169755,-0.02222040854394436,-0.07080177962779999,-0.034827619791030884,0.0017335258889943361,-0.030263129621744156,0.0019593003671616316,0.007651147432625294,2.8939348557368927,-0.02092881128191948,-0.009140174835920334,0.08497004210948944,0.017366332933306694,-0.015598023310303688,1.0,0.019616439938545227,-0.008527100086212158,-0.027602853253483772,1.0,152254.0053468493,-0.06619784235954285,-0.0036695257294923067,0.0019317364785820246,0.1323249340057373,0.15439248085021973,-0.013643460348248482,-0.04956166446208954,-0.06489677727222443,-0.1875588595867157,-0.012801242992281914,0.11314750462770462,0.5848013162612915,1.0260346403027107,-0.0166106466203928,0.0012774467468261719,-0.04689794033765793,-0.016731631010770798,-0.011540442705154419,0.063084177672863,-0.008296369574964046,-0.17569909989833832,2.8824932303639192,-0.0017653906252235174,1.0,-0.011734995990991592,1.0,0.2541033625602722,-0.013467722572386265,0.0831101443618536,-0.03288000449538231,-0.06398127973079681,-0.034463848918676376,-0.06040841341018677,-0.5330073237419128,0.35736853740321417,-0.033979058265686035,-0.02257928065955639,-0.044515542685985565,-0.0034077931195497513,-0.051102638244628906,-0.13519001007080078,1.0,0.02,-0.018091261386871338,-0.03880169242620468,0.31995755434036255,1.0,-0.03761887550354004,1.1522062374469584,-0.03592808544635773,-0.0024787343572825193,-0.0020037107169628143,-0.0700138732790947,-0.0005261476617306471,-0.0036757290363311768,-0.012894991785287857,0.2076343037188053,-0.044076770544052124,0.5277480321547373,-0.019051801413297653,-0.0018632139544934034,1.0,0.03926309943199158,-0.043506767600774765,1.0,0.4472321905402942,-0.025285765528678894,-0.07828682661056519,-0.07831548154354095,-0.052266255021095276,1.2210876155030628,-0.02801097370684147
7200,0.7900119920801679,0.4220320489380987,0.2604626524550239,0.24745224938500943,-0.2846812640904169,1.6465788474824339,0.27013422178221,0.43118880218534794,-0.13908608112465368,1.3209536104364301,-0.056713358640734846,-0.5714555791888479,0.27076620341695185,0.6948049904423044,0.23858497381942007,-0.047122440016144906,0.34716325120060365,0.717147615103237,0.07462056759790733,0.27321353772837464,0.6604303711271287,0.4698323005653705,1.0080138792430304,-0.15591138125024565,0.5671500187329951,0.39562894897717826,0.5302635813520796,-0.24023058500333844,0.15409173406030513,0.1799020960455724,-0.6257531622345069,-0.2571452215383772,3.799774358429323,0.5417168069596134,0.3498693052779174,0.31510244571717994,-0.03696943446993828,0.053671613335609436,-0.0020444027613848448,-0.009169228374958038,-0.005143322050571442,-0.010026218369603157,-0.07880771160125732,-0.009613148868083954,-0.0041573019698262215,-0.02160552702844143,-0.0226246640086174,-0.014318160712718964,0.001797995064407587,-0.05922052636742592,0.00479878531768918,0.003652202198281884,2.4843766908814118,-0.021387001499533653,-0.0113392174243927,0.08759265393018723,0.023154467344284058,-0.004389687906950712,1.0,0.017498256638646126,-0.004890980198979378,-0.048155635595321655,1.0,37695.58903058084,-0.028161056339740753,-0.004856414627283812,0.001418441068381071,0.29337701201438904,0.16710445284843445,-0.008349798619747162,-0.03941404074430466,-0.004747852683067322,-0.12519744038581848,-0.008960187435150146,0.21220265328884125,0.5365070700645447,0.859547359801402,-0.0024603037163615227,-0.0024334602057933807,-0.06001865863800049,-0.009717089124023914,-0.01858600042760372,0.09859229624271393,-0.003341986797749996,-0.22097480297088623,0.8340422935025029,-0.0035867071710526943,1.0,-0.018664682283997536,1.0,0.30657869577407837,-0.013341370970010757,0.08309377916157246,-0.05159260705113411,-0.06437837332487106,-0.010767731815576553,-0.03595864027738571,-0.3652346730232239,0.6315739441588637,-0.02793251723051071,-0.01152237132191658,-0.0053161680698394775,0.0014869868755340576,-0.060948990285396576,-0.1350727677345276,1.0,0.02,-0.008941534906625748,-0.01415310800075531,0.23037263751029968,1.0,-0.02755415439605713,4.400780893381181,-0.004624113440513611,-0.014057058840990067,-0.019673870876431465,-0.06178050488233566,-0.001747154863551259,-0.0006013065576553345,-0.01796415075659752,0.24195149913430214,-0.032280683517456055,0.6338138028867814,-0.017477618530392647,-0.003908158279955387,1.0,0.09087717533111572,-0.007751191966235638,1.0,1.0359695607160808,-0.0014928504824638367,-0.10035964846611023,-0.10295088589191437,-0.013027839362621307,0.7546887077863027,-0.031246572732925415
7300,1.1840853551106956,0.4027662190591371,-0.3031634973404149,-0.6514479897858392,-0.4132488784353842,1.8421511090070122,0.1520190943784241,0.2650822289733906,-0.6336860039368375,0.9569355803568751,0.09815305766573228,-0.4287800612463953,0.30371043291380195,0.6793065579577071,-0.04276136528229111,0.3592033889696315,-0.11043336646119947,0.6960252899490174,-0.19449235556821515,0.21398848175006696,0.6052057473584961,0.4596665425969716,1.0621412444527716,-0.36673168011929386,0.44713411446462575,0.38658131043767996,0.5757990521267465,0.5259002300877703,-0.1110070713516029,-0.15381660339010364,-0.6222816006255789,-0.47875630244906753,2.2326568298660336,0.45001758925263674,-0.1964596199388927,-0.229035825648938,-0.012264919467270374,0.05360235273838043,-0.005072427447885275,-0.0006089881062507629,-0.012680098414421082,-0.011931580491364002,-0.046756811439991,-0.022859498858451843,-0.004746736492961645,-0.018309392035007477,-0.005068771541118622,-0.006648682057857513,0.0015390642220154405,-0.1056332215666771,0.0035109790042042732,0.003454808611422777,0.9693388116718461,-0.03571942448616028,0.004205692559480667,0.08690669387578964,0.01986865885555744,-0.0054179597645998,1.0,0.017107710242271423,-0.02894342690706253,-0.03571011871099472,1.0,45438.629761583354,-0.006688520312309265,-0.00041126133874058723,0.0016946267569437623,0.2339806705713272,0.12703582644462585,-0.0069195423275232315,-0.06032363325357437,-0.039280183613300323,-0.022014237940311432,-0.010434742085635662,0.24478282034397125,0.5931256413459778,1.254544718928749,-0.00065652746707201,-0.02363390475511551,-0.060951340943574905,-0.023103641346096992,-0.026144716888666153,0.10128963738679886,-0.008819341659545898,-0.19242031872272491,0.6530806236791926,-0.00429712375625968,1.0,-0.060483336448669434,1.0,0.36428505182266235,-0.0215655118227005,0.08300567045807838,-0.058733873069286346,-0.04850487411022186,-0.04710068181157112,-0.05392742156982422,-0.055033255368471146,0.5042264216455588,-0.00784827210009098,-0.00020289071835577488,-0.030689463019371033,-0.004901692271232605,-0.06681735068559647,-0.1325327306985855,1.0,0.02,-0.006468613166362047,-0.043303318321704865,0.3466985821723938,1.0,-0.015199407935142517,2.5043227434719135,-0.01631329394876957,-0.006928654853254557,-0.008468251675367355,-0.0848085954785347,-0.0033103483729064465,-0.00790378451347351,-0.0062012081034481525,0.26410515047609806,-0.006352616474032402,0.6194586634763174,-0.02063341997563839,-0.001015840214677155,1.0,0.10164297372102737,-0.10942215472459793,1.0,0.7233842951046688,-0.012940451502799988,-0.03471396118402481,-0.028077829629182816,-0.044619448482990265,0.6888365458410318,-0.041064146906137466
7400,0.4318230758159153,0.24818172130019966,0.3433201926949505,0.31271400769231866,0.4055750553210437,1.6985401801799522,0.19423347112648337,0.15966796332557112,0.6183786980354109,0.693095844092466,0.3691024594524127,0.6072663880372642,0.4015959886768037,0.01821603845351734,-0.19226114704969854,-0.18610402232758186,0.2627784851945863,0.07660925028998745,0.23037120251180465,0.19078623574526699,0.2621376512097662,0.24329064362775943,0.4491554813569485,-0.0810390513966462,0.6126800587890897,-0.15299903618337096,0.5489475135751221,0.7607842914343993,0.4213307267646814,0.23695612953933887,0.12985006136942573,0.18007498244770748,0.7949721733036194,0.6720312202500216,0.014632911259407782,0.08727552342698695,-0.05118571221828461,0.054468944668769836,-0.00932466983795166,0.001574970781803131,-0.0051608942449092865,-0.007737965323030949,-0.0878152996301651,-0.025688856840133667,0.00020279199816286564,-0.018003568053245544,-0.01731458306312561,-0.008805081248283386,0.002124064601957798,-0.004842966794967651,0.0017338149482384324,0.0023791883140802383,2.6020225790312543,-0.04788414388895035,0.004854127764701843,0.08703158795833588,0.016193760558962822,-0.005196218378841877,1.0,0.021618546918034554,-0.002058090642094612,-0.013936711475253105,1.0,7992.802154795896,-0.01671954244375229,-2.2611930035054684e-05,0.0011741509661078453,0.13237494230270386,0.2685069143772125,-0.006836807355284691,-0.006363630294799805,-0.042475730180740356,-0.171059712767601,-0.009875685907900333,0.24333395063877106,0.6489108800888062,0.7125610952602162,-0.004886406473815441,0.0030681733042001724,-0.08676939457654953,-0.02373763918876648,-0.015836110338568687,0.14411206543445587,-0.008534743450582027,-0.08997760713100433,0.57830630029104,-0.002485038712620735,1.0,-0.012015486136078835,1.0,0.3320671319961548,-0.00486678397282958,0.08273769356310368,-0.009810478426516056,-0.07921810448169708,-0.008684619329869747,-0.008246496319770813,-0.6243085861206055,0.7559182547413578,-0.0696408599615097,-0.014283467084169388,-0.020769760012626648,-0.0022547561675310135,-0.05723750218749046,-0.12320248782634735,1.0,0.02,-0.004111539572477341,-0.008330218493938446,0.10629503428936005,1.0,-0.013537317514419556,0.7968768826161627,-0.011614041402935982,-0.007721832953393459,-0.009060880169272423,-0.06168913096189499,-0.0010826168581843376,-0.0011807829141616821,-0.01922101527452469,0.2540332116186619,-0.08163829892873764,0.24320164922737858,-0.006346849724650383,-0.0007267666514962912,1.0,0.15666477382183075,-0.005089960992336273,1.0,0.9337994254906506,-0.029712140560150146,-0.33558130264282227,-0.1406940370798111,-0.0074369460344314575,0.7391303685534563,-0.017307763919234276
7500,0.9818087795243039,0.3846944214562581,-0.2449790026880058,-0.06566556293152981,-0.22455503221563988,2.9461672039779465,0.10835171290729359,-0.04314180945552305,0.07585987236150019,0.23233587852750107,0.3397064815866965,-0.7215070403167433,0.08277683748647262,0.8576932773793431,0.3495815563174534,0.4666291671555686,-0.04861605653183376,0.3946860479798627,-0.19386654854467406,0.07507215943647098,0.4264269999529995,0.0520519335686257,0.917998954632239,-0.07712207808482056,0.668481476138358,0.06777783845202655,0.46319590690506846,-0.15383623538578364,0.07858225364514326,0.09440411508351874,-0.6163556800870496,-0.11390138072971502,4.219189835198955,0.9930559594675363,0.19648450107688303,-0.11455154441164629,-0.04695933684706688,0.053574856370687485,-0.004840333946049213,-0.003717973828315735,-0.009991247206926346,-0.002817536238580942,-0.00486307218670845,-0.008228551596403122,-0.0018625790253281593,-0.023347729817032814,-0.02457701414823532,-0.022886909544467926,0.00213186489418149,-0.18918222188949585,0.0014326026430353522,0.0032240143045783043,0.6882325589141869,-0.0049256738275289536,0.0035887733101844788,0.08778344839811325,0.024308744817972183,-0.006347122602164745,1.0,0.017601652070879936,-0.034569770097732544,-0.03996168449521065,1.0,26218.956595434116,-0.02634413167834282,-0.0047509022988379,0.0015361260157078505,0.3075673580169678,0.28704017400741577,-0.012271370738744736,-0.045461080968379974,-0.02875799685716629,-0.010473767295479774,-0.011157899163663387,0.2504858672618866,0.4167853891849518,1.1004915327216034,-0.009854760952293873,-0.029407454654574394,-0.011850140057504177,-0.005316657014191151,-0.025523239746689796,0.19662673771381378,-0.0049754539504647255,-0.21554265916347504,0.630784664291205,-0.00668712193146348,1.0,-0.04086442291736603,1.0,0.6007887125015259,-0.00900652538985014,0.0853317491710186,-0.06450533121824265,-0.04790079593658447,-0.022794729098677635,-0.04020557180047035,-0.053276173770427704,0.9244416934476566,-0.013278048485517502,-0.015447176061570644,-0.011569041758775711,-0.0006775669753551483,-0.006952239666134119,-0.07910813391208649,1.0,0.02,-0.009325876832008362,-0.006089780479669571,0.19163009524345398,1.0,-0.04626978561282158,4.303968312071608,0.0011650323867797852,-0.00226049916818738,0.0001892540603876114,-0.006132952868938446,6.345892325043678e-05,-0.003189973533153534,-0.03359656408429146,0.2977267913520336,0.0015655998140573502,0.5157420707035225,-0.017839737236499786,-0.003804947715252638,1.0,0.13088999688625336,-0.12704423069953918,1.0,0.12515422384560954,-0.0005464553833007812,-0.04198139160871506,-0.1895809918642044,-0.0030825063586235046,0.7555158721050479,-0.04080932214856148
7600,1.497435333282107,1.1187611182720008,0.005826621724172814,0.6746991952504374,-0.2920845152951129,2.5469597145045872,-0.23393607927695864,-0.243295463137695,0.696908215406119,1.0140836493335919,-0.07240944114012969,0.6977393005261789,-0.18222957031475062,0.7978101194201932,0.47445338412164,-0.11005083146010744,0.4515457282093107,0.2937764800618774,0.051337973104346166,0.3291866989478086,0.2015856423203026,-0.28362473883893335,1.0231847665811196,0.3314545924966297,1.6516078486369123,0.43464773966029147,0.859595143758743,0.8958944974985117,-0.2649717750042903,-0.3487857159847534,0.5411446215643175,-0.3035091654681259,2.8221677951249284,0.5762093372504886,0.3648989804448376,0.48862953718030105,-0.005442412570118904,0.054832980036735535,-0.010128775611519814,-0.04512429237365723,-0.0040390752255916595,-0.0004306549672037363,-0.08810517936944962,-0.014351963996887207,-0.004860296845436096,-0.02251347154378891,-0.07261501252651215,-0.030086100101470947,0.0026364175137132406,-0.04645451903343201,0.005089168436825275,0.004162156488746405,2.7012535307410603,-0.033016957342624664,-0.032180964946746826,0.08876602351665497,0.018056051805615425,-0.007733702659606934,1.0,0.015630947425961494,-0.021861815825104713,-0.02754533849656582,1.0,286433.9466180084,-0.06017383933067322,-0.022267937660217285,0.0033569838851690292,0.13466903567314148,0.2372971624135971,-0.011960642412304878,-0.05236177146434784,-0.03160551190376282,-0.01892782188951969,-0.01795773208141327,0.14061589539051056,0.2663510739803314,1.5739105569080525,-0.012904464267194271,-0.004747290164232254,-0.07478614896535873,-0.014391625300049782,-0.011746441945433617,0.08682649582624435,-0.0027602817863225937,-0.16461840271949768,1.4119829880081685,-0.0025227221194654703,1.0,-0.03184620290994644,1.0,0.35318607091903687,-0.015949182212352753,0.08192101866006851,-0.02822316251695156,-0.02555347979068756,-0.017882337793707848,-0.060628779232501984,-0.05220793932676315,0.3869769496812616,-0.012875307351350784,-0.024458836764097214,-0.014936253428459167,-0.014434890821576118,-0.02270226553082466,-0.13350975513458252,1.0,0.02,-0.009052575565874577,-0.04498720169067383,0.2354898452758789,1.0,-0.03136821091175079,2.7723069871818007,-0.030941950157284737,-0.009285390377044678,-0.0365239754319191,-0.019800757989287376,-0.004660101607441902,-0.0026035457849502563,-0.024669794365763664,0.19528501573950052,-0.0170516986399889,1.1405862258153274,-0.03099743090569973,-0.003360624657943845,1.0,0.10784454643726349,-0.02816873975098133,1.0,1.1698479753063322,-0.014922231435775757,-0.019216660410165787,-0.26523542404174805,-0.059321194887161255,1.762186501383088,-0.06252539902925491
7700,2.9241081810351393,0.9436478966172543,0.09246509222976633,0.7381188856199835,-0.02097958410189995,3.0568019862429714,0.1489017628419238,-0.21823666275939518,0.6952241512271518,0.38380737816372545,0.042662605071428224,0.7232409030535073,-0.006981098016144192,0.7066734013930899,0.5480660324973465,0.28165422329616496,0.1362693180999218,0.2991426536806936,0.09094808626510949,0.3944993885190662,0.07830245456978127,-0.24403588165057974,1.1825719996891644,0.41496160790290704,2.127656210352996,0.4519643080406624,0.44561200067556345,0.9044866863281313,-0.07934208258259907,-0.46890508201696146,0.646352132266561,-0.4285784148528802,2.5509437246072193,0.30620517749548826,0.17493124065876525,-0.12524636183157037,-0.03953606262803078,0.058232348412275314,-0.0014136494137346745,-0.03382447361946106,-0.003954228013753891,-0.005407388787716627,-0.04160505533218384,-0.0037010014057159424,-0.0016470941482111812,-0.01871528849005699,-0.06604640185832977,-0.02415846288204193,0.0012770412722602487,-0.03043515607714653,0.0018501932499930263,0.004068974871188402,4.034278373529864,-0.03997235745191574,-0.012736473232507706,0.08908863365650177,0.017713584005832672,-0.000651633832603693,1.0,0.022462420165538788,-0.005397172644734383,-0.009412411600351334,1.0,209760.8970710271,-0.03723156824707985,-0.021415775641798973,0.002436947077512741,0.23092235624790192,0.1771577000617981,-0.007380206137895584,-0.05398857593536377,-0.03353991359472275,-0.028980683535337448,-0.013854678720235825,0.116257444024086,0.4182255268096924,2.937928115507474,-0.015490332618355751,0.00032035261392593384,-0.0768795907497406,-0.02076798491179943,-0.013708896934986115,0.05654902011156082,-0.007223295047879219,-0.26443344354629517,1.6279692433257507,-0.0009420373244211078,1.0,-0.03588392585515976,1.0,0.4496426582336426,-0.018528709188103676,0.08422691933810711,-0.026967214420437813,-0.03532632440328598,-0.02767825499176979,-0.045117754489183426,-0.12745891511440277,0.45035360240179795,-0.03151421993970871,-0.027476603165268898,-0.0030572526156902313,-0.005796108394861221,-0.03493054211139679,-0.1270577609539032,1.0,0.02,-0.012479270808398724,-0.04543155059218407,0.1921776384115219,1.0,-0.012595150619745255,2.4503902231468184,-0.014693599194288254,-0.008593284524977207,-0.028305601328611374,-0.061186276376247406,-0.0017906635766848922,-0.0021316781640052795,-0.01837978884577751,0.2101117316633463,-0.002992989495396614,0.8305853737492825,-0.014277758076786995,-0.0021161851473152637,1.0,0.03996150940656662,-0.04400854557752609,1.0,0.5528918257959338,-0.004965692758560181,-0.027552586048841476,-0.23173730075359344,-0.04242968559265137,2.1698676650845528,-0.04160585626959801
7800,2.0178812864826643,1.1803381211758892,0.07893928248600145,0.6272010595794779,-0.29581543220973405,1.2900331861109944,-0.2526104704042737,-0.18653672671114047,0.7573615941743428,0.7073600269811383,0.1678929469670974,0.7603646215288882,-0.10324543167527449,0.7289236176473812,0.6894297740708447,0.3811642312911554,0.10105113571188903,-0.07783593254116042,0.07575539206123603,0.4594820289997149,-0.15835875895159474,-0.16512274344731684,2.074480976033972,0.5799861126858139,1.2396640089716735,0.3701094161240564,0.43514546377429664,0.8875850132228096,-0.2910561328058533,-0.3447761624040841,0.5553186054539512,-0.20609828277047432,1.310962888301189,0.502373405619735,-0.11900887759007928,0.04034249492488542,-0.043541137129068375,0.05407502129673958,-0.008642700500786304,-0.027885019779205322,-0.005455955862998962,-0.012579338625073433,-0.014224691316485405,-0.018762391060590744,-0.0007191479671746492,-0.028857916593551636,-0.06890752911567688,-0.03911527991294861,0.0013029470574110746,-0.03273266553878784,0.0020438837818801403,0.004692332819104195,2.285451048932079,-0.024564586579799652,-0.013760488480329514,0.08695757389068604,0.017285102978348732,-0.010611968114972115,1.0,0.02113993465900421,-0.01874244585633278,-0.021508051082491875,1.0,49045.786529451754,-0.04721971973776817,-0.009080609306693077,0.002768417354673147,0.16198641061782837,0.20195794105529785,-0.011078247800469398,-0.057699620723724365,-0.056679293513298035,-0.06440220773220062,-0.016195235773921013,0.1469557285308838,0.3971599042415619,2.031910711371178,-0.009050080552697182,-0.016752544790506363,-0.05147138610482216,-0.01443239115178585,-0.020761586725711823,0.09018179774284363,-0.004565834067761898,-0.2166864275932312,2.528768369642391,-0.0005339058116078377,1.0,-0.015748314559459686,1.0,0.5047672390937805,-0.009812327101826668,0.08418534137308598,-0.02573094516992569,-0.042630963027477264,-0.027023302391171455,-0.05333578214049339,-0.32337895035743713,0.5488080382771399,-0.029261408373713493,-0.014840131625533104,-0.021157171577215195,-0.005149427801370621,-0.07848145812749863,-0.13589181005954742,1.0,0.02,-0.016248740255832672,-0.01911584660410881,0.10682587325572968,1.0,-0.031221311539411545,1.5200021928933782,-0.027561841532588005,-0.00315575092099607,-0.01563684642314911,-0.10783747583627701,-0.0004543410614132881,-0.003418169915676117,-0.007148197386413813,0.22268926538527012,-0.03593338280916214,0.9599072156296354,-0.028048155829310417,-0.0017582105938345194,1.0,0.17167922854423523,-0.043086424469947815,1.0,1.10995903017084,-0.012495622038841248,-0.0643681064248085,-0.09227257966995239,-0.02321961522102356,1.3533377807031721,-0.02925819903612137
7900,1.6259146192199563,0.3690694653714199,0.06450530287139086,-0.47625974347318706,0.02317999080383274,0.621863666552429,0.19743531110724483,0.2504389085011067,-0.2119079143064477,0.27705330641237136,0.07391239692348252,-0.44516378187483047,0.09288947123555552,0.3712731431603202,-0.17848319941301272,0.09050974541983957,0.029003495600140462,0.014335191543661675,0.03158650035134459,0.29275570278933655,0.44481703322798793,0.23647031982963215,1.06159248792063,-0.29322584895934223,0.806832281199589,0.3717804779349439,0.16094264996765842,0.785564896694126,0.04830403093828173,-0.22174080978060445,-0.582112754244437,-0.33722622848217837,1.5191451291929967,0.23012829723259492,-0.0019784394002161573,0.14100305822663478,-0.01351962797343731,0.05339690297842026,-0.0007866569794714451,-0.012119576334953308,-0.0021450817584991455,-0.01610904559493065,-0.02356867864727974,-0.000901397317647934,-0.0017685688799247146,-0.02016299217939377,-0.02254166454076767,-0.028584562242031097,0.001354007632471621,-0.09399718046188354,0.001346849137917161,0.002222562674432993,0.878195455035191,-0.005656151100993156,-0.024321667850017548,0.08550558984279633,0.016536250710487366,-0.0013506750110536814,1.0,0.013332510367035866,-0.022396540269255638,-0.011990437284111977,1.0,13616.611791103101,-0.017836570739746094,-0.003480358747765422,0.0016169517766684294,0.27966415882110596,0.13602358102798462,-0.0014779362827539444,-0.0481494665145874,-0.011783167719841003,-0.15242621302604675,-0.005889544263482094,0.23727571964263916,0.2998211681842804,1.6637336560426292,-0.006892520003020763,-0.020630864426493645,-0.031830012798309326,-0.009989859536290169,-0.01239807903766632,0.10143677890300751,-0.003316739806905389,-0.2599499821662903,0.9093329463478876,-0.005221548490226269,1.0,-0.036180488765239716,1.0,0.22116529941558838,-0.011344794183969498,0.08369681797921658,-0.059789855033159256,-0.04070177301764488,-0.051768556237220764,-0.04629838466644287,-0.4234903156757355,0.33581534302143545,-0.021514296531677246,-0.004727424122393131,-0.010466888546943665,-0.003215741366147995,-0.07413970679044724,-0.11494982987642288,1.0,0.02,-0.009796875528991222,-0.04005838930606842,0.20353776216506958,1.0,-0.04988688975572586,1.7259940435437506,-0.004769008606672287,-0.00435404060408473,-0.01898963190615177,-0.1357182115316391,-0.0008703524945303798,3.248453140258789e-06,-0.00169604760594666,0.19321672152727842,-0.043679602444171906,0.5136636246617392,-0.009300192818045616,-0.0004967086715623736,1.0,0.06680930405855179,-0.06854904443025589,1.0,0.20333842988213077,-0.0007496178150177002,-0.05016404762864113,-0.007846103981137276,-0.03533255308866501,0.9029922231132645,-0.04977869614958763
8000,2.0244191573859656,0.32286416067223117,-0.12121489047302479,-0.7643580813293784,-0.387691871999223,0.6931643853441816,0.2018249859417144,0.27574982690184635,-0.7104703506900789,0.25744295645221177,0.1355593307206982,-0.5933004856447839,0.23513684059960915,0.8241884863255957,0.5358712167699634,0.17508933327944512,0.14737645502289703,-0.2527953950621844,-0.11435065485397947,-0.36204285059819385,-0.5101749870122776,0.38541570945885273,0.7561063020113663,0.47117144252132465,0.7998776375327391,-0.40498917421712866,0.3555606943819336,0.8126919238353527,-0.3401627368943284,-0.5369024893165514,-0.5485031471001847,-0.42153431693900933,1.7529210822596841,0.3969554433858241,-0.10787587187672665,0.036341183820507904,-0.007612098474055529,0.05867995321750641,-0.008104458451271057,0.0009199157357215881,-0.006966635584831238,-0.015210239216685295,-0.03498286381363869,-0.029108330607414246,-0.0006596517050638795,-0.026172887533903122,-0.04111400991678238,-0.02692403644323349,0.0008076741360127926,-0.06051139160990715,0.0012867453042417765,0.0018760659731924534,2.028797145589622,-0.020448286086320877,0.004296299070119858,0.08792877942323685,0.016518067568540573,-0.01017414964735508,1.0,0.02061222493648529,-0.019431065768003464,-0.02673674002289772,1.0,12679.019420311608,-0.022376418113708496,5.6974124163389206e-05,0.0013064049417153,0.17211107909679413,0.15639953315258026,-0.013098245486617088,-0.05734925717115402,-0.05478709191083908,-0.18571721017360687,-0.01033778302371502,0.09676522016525269,0.5009669065475464,1.8796334501832497,-0.01050656009465456,-0.012017019093036652,-0.06759537756443024,-0.033586692065000534,-0.012476004660129547,0.09153027832508087,-0.01459745317697525,-0.24623961746692657,0.6135515861845684,-0.002807940822094679,1.0,-0.03674238547682762,1.0,0.3417912721633911,-0.013367347419261932,0.08255580253899097,-0.04642576351761818,-0.05016881972551346,-0.05041932687163353,-0.04743386059999466,-0.5762415528297424,0.4440754813176769,-0.013257648795843124,-0.01046355627477169,-0.015249580144882202,4.631653428077698e-05,-0.07116690278053284,-0.13043227791786194,1.0,0.02,-0.013210516422986984,-0.04937848448753357,0.15552464127540588,1.0,-0.04564252495765686,1.9049431976792754,-0.002003127709031105,-0.004271887708455324,-0.013278726488351822,-0.0866590142250061,-0.0017509772442281246,-0.0035851821303367615,-0.01728598028421402,0.1991134025156498,-0.04147109389305115,0.42532992192650815,-0.022388020530343056,-0.0018234546296298504,1.0,0.07781828939914703,-0.08273497968912125,1.0,0.5797481436741697,-0.01649579405784607,-0.04814882203936577,-0.1682606190443039,-0.05049818009138107,0.9558673361551396,-0.04005887731909752
8100,1.6339910436468004,0.21566779914363854,0.11946852540513278,0.5363725683323565,-0.06868192435709108,6.2380760331255605,0.19022802921948573,0.036562409195240744,0.2523641647603272,0.6064282943290419,-0.3237955160716323,0.30663290367153184,-0.010657781561494406,-0.012532738491962403,0.6904447099518584,0.44934349127390555,0.06382267781738427,-0.1391069372688794,0.1086583271203246,0.23225829459911856,-0.1978255713419037,-0.05693523052576546,0.47780390583091814,0.5664061600989952,1.1559969578832738,0.30091033662150696,0.5022705244156106,0.8854615870076671,-0.13748692331911885,-0.2694867101426853,0.4702174257262315,-0.2745291131387991,1.9970623431195034,0.6548389728438647,0.08416636120924711,-0.1689452552579717,-0.0474594421684742,0.053867775946855545,-0.0017747374949976802,-0.03985469043254852,-0.004206914454698563,-0.004533177241683006,-0.023542560636997223,-0.00703854113817215,-0.002624356420710683,-0.023560505360364914,-0.05836215615272522,-0.0020521879196166992,0.0016904787626117468,-0.06541765481233597,0.0022869291715323925,0.0018933311803266406,6.542598937311025,-0.044399894773960114,-0.023099903017282486,0.08751364052295685,0.01666536182165146,-0.002422923222184181,1.0,0.03766850382089615,0.010125121101737022,-0.010928146541118622,1.0,154645.33103946678,-0.04264339432120323,-0.015390940010547638,0.0008627907955087721,0.1389668732881546,0.0627107322216034,-0.0058846548199653625,-0.054518863558769226,-0.05274941027164459,-0.021529121324419975,-0.00931468140333891,0.09845370054244995,0.4666234254837036,1.5603887286677844,-0.007744962815195322,0.01232730783522129,-0.06667110323905945,-0.02716412954032421,-0.023334845900535583,0.0364527553319931,-0.013007051311433315,-0.22727036476135254,0.7297391409388271,-0.00137360580265522,1.0,-0.05258239805698395,1.0,0.33480602502822876,-0.009856641292572021,0.08399944379925728,-0.04700174927711487,-0.12359525263309479,-0.05089188367128372,-0.053047146648168564,-0.0661526769399643,0.735650801564443,-0.04828547686338425,-0.01313382014632225,-0.021995622664690018,-0.006143711507320404,-0.03746522590517998,-0.08127570897340775,1.0,0.02,-0.009364331141114235,-0.01995626464486122,0.13184332847595215,1.0,-0.002173788845539093,1.7549868652623433,-0.004845920950174332,-0.0035261919256299734,-0.124735526740551,-0.06565721333026886,-0.002657243749126792,-0.0028375908732414246,-0.028592536225914955,0.16218149987980723,0.013008052483201027,0.1982772925533587,-0.006407218053936958,-0.0023768676910549402,1.0,0.0275951586663723,-0.08923753350973129,1.0,1.0304781601285489,-0.008117660880088806,-0.5257799625396729,-0.2247152030467987,-0.01762016862630844,1.3428456015709558,-0.038205452263355255
8200,0.672042965118695,0.16281529286691665,0.37644667467361337,-0.052377695360787443,-0.23347988941459122,3.4607617529039976,0.2533975044178319,0.34399026607921784,0.2686047446833497,1.3547480513164518,0.11725555416095018,-0.2409531341721521,0.32824265055518476,0.5406962307652873,0.2824076140233694,0.03971197512263852,0.32555266923390797,0.5938302771357464,0.24638482876954163,0.37655798788769923,0.6130670390670889,0.5471597819907948,0.6341144551662834,-0.19325802882626758,0.6149572602325553,0.5421993331792656,0.5070990329554905,0.4579838849303436,0.060089401425376665,0.09653185503936812,-0.478082498351033,-0.17279609775113403,2.932399685166837,0.5418475431269981,0.3770869729227228,0.3661828717930333,-0.019366255030035973,0.05122704803943634,-0.005623656325042248,0.0010278373956680298,-0.006789810955524445,-0.0045083132572472095,-0.022167935967445374,-0.012810885906219482,-0.00390290142968297,-0.011975906789302826,-0.005949839949607849,-0.03370608389377594,0.0014293839922174811,-0.20022043585777283,0.0051666609942913055,0.0018777549266815186,2.0632080704810107,-0.005801336839795113,0.002302601933479309,0.08735743165016174,0.01806538552045822,-0.008724192157387733,1.0,0.014354223385453224,-0.021934932097792625,-0.02311023324728012,1.0,67506.62883907594,-0.009813398122787476,0.0025487104430794716,0.0010140263475477695,0.1879703402519226,0.14385145902633667,-0.007715698331594467,-0.012849047780036926,-0.03932197391986847,-0.04682052880525589,-0.008840525522828102,0.27835556864738464,0.807249128818512,0.8224852824172627,-0.005401088856160641,-0.017387865111231804,-0.046606164425611496,-0.024365343153476715,-0.009186431765556335,0.04389403387904167,-0.010963674634695053,-0.21055936813354492,0.5851850001178541,-0.003255802672356367,1.0,-0.023158440366387367,1.0,0.393341988325119,-0.002681458368897438,0.08403020910918713,-0.05630788579583168,-0.05082407221198082,-0.04084277153015137,-0.01776053011417389,-0.10485398769378662,0.47990799095172504,-0.009000716730952263,0.0027534770779311657,-0.02822703868150711,0.0015935786068439484,-0.021905960515141487,-0.1380157172679901,1.0,0.02,-0.0075586405582726,-0.02303130179643631,0.31519246101379395,1.0,-0.04455195367336273,2.793841976365647,-0.008500121533870697,-0.0059057921171188354,-0.013179881498217583,-0.024239975959062576,4.438275936990976e-05,-0.0033011138439178467,-0.008485989645123482,0.27925895480439067,-0.012297311797738075,0.3263234603970775,-0.01920492760837078,-0.0008268560050055385,1.0,0.06421665847301483,-0.21608330309391022,1.0,1.3207381182750515,-0.005460865795612335,-0.03891727700829506,-0.13394078612327576,-0.027613498270511627,0.8576195989418786,-0.027339838445186615
8300,2.3996033342420917,0.49167176886637315,0.046994139416743255,0.2964131012396679,-0.2938650099423621,1.4952489971267309,-0.21546824653102026,-0.28454281978246154,0.7503056595676809,0.32481334084901403,0.05667981444735994,0.7825073623486951,0.10123676092159306,0.346199507498225,0.5817946713275235,0.4454214716541568,0.17554812520503754,0.024305742927238583,-0.012950073305131694,0.44032646497708694,-0.2757180035531088,0.05281993549337035,0.5215480678698323,0.5092499642162716,1.1924541916847404,0.17126619065631712,0.443415732949152,0.8519063964698923,-0.30234457080526395,-0.4765736976669258,0.2421063696770862,-0.3130852655771259,1.101093164678584,0.34748729228563163,-0.328187552452618,-0.0035192095432551376,-0.027806906029582024,0.05860355496406555,-0.004284965805709362,-0.03253006935119629,-0.010947346687316895,-0.006868285592645407,-0.02083660289645195,-0.02747350186109543,-0.0011016028001904488,-0.03405528515577316,-0.062457263469696045,-0.04876534640789032,0.0011387071572244167,-0.04341144114732742,0.0010838562157005072,0.002098808065056801,1.5797081648149858,-0.03513341024518013,-0.010563008487224579,0.08686353266239166,0.01581811159849167,-0.006438552867621183,1.0,0.022650502622127533,-0.012375809252262115,-0.020558364689350128,1.0,54697.00046198023,-0.032820820808410645,-0.014337804168462753,0.0014407603302970529,0.17119719088077545,0.05881085991859436,-0.009914014488458633,-0.059223875403404236,-0.05731230974197388,-0.00994153507053852,-0.012271407060325146,0.08856643736362457,0.4917237162590027,2.3245708197500696,-0.015441039577126503,-0.007965702563524246,-0.05996975302696228,-0.029307140037417412,-0.015218034386634827,0.07608930766582489,-0.00957306008785963,-0.17552432417869568,0.7506174330690742,-0.0017564562149345875,1.0,-0.016980264335870743,1.0,0.3486080765724182,-0.013833614066243172,0.08368920907378197,-0.03150242939591408,-0.03165210783481598,-0.03362717106938362,-0.04616938531398773,-0.05028437823057175,0.4460968346126711,-0.027327291667461395,-0.016350198537111282,-0.015338137745857239,-0.0042106881737709045,-0.05897742137312889,-0.13104557991027832,1.0,0.02,-0.014316527172923088,-0.02801205962896347,0.14108644425868988,1.0,-0.03041892498731613,1.2602629508274537,-0.03069232776761055,-0.003709174692630768,-0.012501738965511322,-0.07096796482801437,-0.0011443430557847023,-0.006728708744049072,-0.011128370650112629,0.1835516346618533,-0.00997956097126007,0.3622313726689823,-0.020884685218334198,-0.0021865847520530224,1.0,0.09233104437589645,-0.0584140345454216,1.0,0.4534067612967389,-0.018173247575759888,-0.03608248382806778,-0.12569992244243622,-0.031088344752788544,1.2911302128331759,-0.025771815329790115
8400,0.5010597835905253,0.6327587890289459,-0.3176263235545879,-0.6217946702998209,-0.275572467997846,3.573084074430216,-0.0747891574467878,-0.05591546227526964,-0.19546846876361237,1.0193994542557885,0.3724800026216309,0.18472957329456863,0.154311137163793,0.4728999773477638,0.047358159859402255,0.512374956603832,-0.32163230842692303,0.6200427687038829,-0.10902096544654508,-0.1213493885262997,0.6084641933049901,0.11892088968801177,2.440451254855041,-0.1625047654340908,0.3578415767953787,0.09456482842878638,0.6583557236456923,0.5631440560443349,-0.06708860233431195,-0.10855026300930812,-0.4924427016044594,-0.18591264307723163,5.519113480686041,0.5988589483831827,-0.32735003049510375,-0.380862066359365,-0.03099592961370945,0.05495845898985863,-0.0015485892072319984,0.002123415470123291,-0.003126174211502075,-0.003543486585840583,-0.06495023518800735,-0.005084685981273651,0.0003577170427888632,-0.015401380136609077,-0.02904181182384491,-0.026468150317668915,0.0023299765307456255,-0.2535996437072754,0.004209641367197037,0.0030103791505098343,0.5865676252512866,-0.05331310257315636,0.004365190863609314,0.08823874592781067,0.025788957253098488,-0.00593307800590992,1.0,0.027536068111658096,-0.02883525937795639,-0.04480481892824173,1.0,269443.1011073365,-0.02758914604783058,0.0006028194911777973,0.0018784751882776618,0.1342540830373764,0.14902791380882263,-0.016774708405137062,-0.036607593297958374,-0.006451986730098724,-0.2126065045595169,-0.012015900574624538,0.09445015341043472,0.32937970757484436,0.6156972775442108,-0.01567601040005684,-0.021867841482162476,-0.05798047035932541,-0.012685125693678856,-0.05771222338080406,0.04129358381032944,-0.005786127410829067,-0.1506604552268982,2.057590852216157,-0.001230984227731824,1.0,-0.0641898512840271,1.0,0.262477308511734,-0.012588933110237122,0.08303603157401085,-0.08171509206295013,-0.020242417231202126,-0.09738712757825851,-0.037782665342092514,-0.6406167149543762,0.5046233310864933,-0.017452897503972054,-0.003868812695145607,-0.0033803991973400116,0.0071872528642416,-0.021539989858865738,-0.07408669590950012,1.0,0.02,-0.004163210280239582,-0.007825080305337906,0.11357405036687851,1.0,-0.01678146794438362,5.064509019390514,-0.02734222076833248,-0.010670281015336514,-0.024581391364336014,-0.021775970235466957,-0.0013602522667497396,-0.0038664638996124268,-0.0003432376543059945,0.14856827445328236,-0.033601876348257065,0.5440620503720377,-0.01596035808324814,-0.0010654246434569359,1.0,0.06408939510583878,-0.3148045837879181,1.0,0.7069582898788006,-0.0024064481258392334,-0.1312606930732727,-0.0014918027445673943,-0.010678663849830627,0.683224444717637,-0.035351064056158066
8500,1.189036127183377,0.5682368752751695,0.19645419486674023,-0.732264899764546,-0.06806621677626998,1.9271603258927998,0.07099807744610684,0.3897452619321606,-0.7359982221632936,0.6755247101406866,-0.08707196670712009,-0.6654120582847126,0.06956797271193663,0.7881361153708788,-0.14539994787348315,-0.0519376249028358,0.16894838833849818,0.7752712693916507,-0.0003548873124020655,0.18637027416915586,0.3778286683597025,0.5697018833430477,0.9036532937952244,-0.14927340196336214,0.4394920586424616,0.23316354886618634,0.251047858267333,0.667562843938129,-0.06046952118595012,-0.41386466749161754,-0.6358099500700138,-0.43062860918168155,3.2058987810997137,0.47499928320518187,-0.28380983463341547,-0.3667993085653779,-0.007392858620733023,0.055518738925457,-0.00012316694483160973,-0.020131587982177734,-0.009388096630573273,-0.015434992499649525,-0.07764671742916107,-0.0023334622383117676,-0.004357691388577223,-0.01496252790093422,-0.03532024472951889,-0.02450323849916458,0.0009583918144926429,-0.04633665829896927,0.0028249467723071575,0.0021386058069765568,1.4629473289264139,-0.01706884056329727,-0.020342417061328888,0.08752569556236267,0.01880800351500511,-0.0010787041392177343,1.0,0.01184740662574768,-0.0102656539529562,-0.013430144637823105,1.0,157442.76341196374,-0.026635996997356415,-0.01473207026720047,0.0012422450818121433,0.3192119002342224,0.14634424448013306,-0.01017349399626255,-0.06573721766471863,-0.028475984930992126,-0.13205479085445404,-0.004813486244529486,0.13008266687393188,0.4049278199672699,1.2906877772716019,-0.006696209777146578,-0.008970778435468674,-0.06560299545526505,-0.017373397946357727,-0.015066403895616531,0.08489924669265747,-0.00613153213635087,-0.17802198231220245,0.6877596014906306,-0.0019517518812790513,1.0,-0.09027814865112305,1.0,0.558241069316864,-0.012124380096793175,0.0838677678257227,-0.04497315734624863,-0.07167555391788483,-0.04561943933367729,-0.06314276903867722,-0.34651845693588257,0.5137380533576354,-0.0007199980318546295,-0.008408980444073677,-0.02108701318502426,-0.018429134041070938,-0.10181471705436707,-0.141999289393425,1.0,0.02,-0.0518939383327961,-0.03597409278154373,0.20642389357089996,1.0,-0.0402931347489357,3.816453348093394,-0.014552425593137741,-0.016918910667300224,-0.034766778349876404,-0.14967918395996094,-0.0013061562785878778,-0.005948066711425781,-0.004609573632478714,0.23759836936369538,-0.0377546027302742,0.778304492214907,-0.013182228431105614,-0.0014471352333202958,1.0,0.050656113773584366,-0.04980705305933952,1.0,0.30855849139779407,-0.001328989863395691,-0.13765500485897064,-0.07362949103116989,-0.03744089603424072,0.6551433004855629,-0.04341242462396622
8600,1.7452976265604434,0.8609212272913505,0.13061200004987858,0.6869766805384864,-0.34847812430794545,4.49779563881941,-0.2639395732080478,-0.32644620614462905,0.6976177656071579,0.4877794662573025,0.2531853878985193,0.6975470777593625,-0.25507232406414204,0.8524664576440331,0.2592443336514255,0.3678923681439767,0.25891317104347555,0.420872258893282,0.17766232230748089,0.06686307407322542,0.11229684312331009,-0.3664759845067066,1.9406459815894734,0.28738563833484604,2.028847875418452,0.02364133880062109,0.6275728583881506,0.9008602557918897,-0.3980059230132779,-0.5478365970867025,0.6210834862495931,-0.41563496826937346,1.452112588500987,0.1615937514070996,0.3426012452176914,0.3698153244348852,-0.010932127013802528,0.05429547280073166,-0.01763683557510376,-0.03243345022201538,-0.0038047730922698975,-0.004398370627313852,-0.049395449459552765,-0.025953836739063263,-0.0026614340022206306,-0.021004503592848778,-0.06891093403100967,-0.02560817450284958,0.001277308794669807,-0.05557336285710335,0.002153205219656229,0.004834872204810381,4.215247654359561,-0.0004969313740730286,-0.024073712527751923,0.08827512711286545,0.01718839444220066,-0.011492213234305382,1.0,0.02972264029085636,-0.004736939445137978,-0.01822449080646038,1.0,147753.23016301522,-0.05668459087610245,-0.02704460360109806,0.0023328617680817842,0.18731029331684113,0.2200058549642563,-0.014297490939497948,-0.0407249853014946,-0.026639774441719055,-0.04131266102194786,-0.013409529812633991,0.3820836544036865,1.0222115516662598,1.8053379789876545,-0.0188850499689579,0.015695013105869293,-0.02456427365541458,0.0007919981144368649,-0.002170441672205925,0.11576336622238159,-0.0053518954664468765,-0.2167203724384308,1.9115909254815617,-0.003022602293640375,1.0,0.0030030589550733566,1.0,0.5982328653335571,-0.013603651896119118,0.08373399637639523,-0.034366074949502945,-0.05185637250542641,-0.02646055817604065,-0.05138499289751053,-0.12348808348178864,0.23864076753784796,-0.009703539311885834,-0.028386229649186134,-0.01961395889520645,-0.014872396364808083,-0.015875432640314102,-0.10735567659139633,1.0,0.02,-0.00698676984757185,-0.046082377433776855,0.29052993655204773,1.0,-0.02586788684129715,1.5973332925045214,-0.02960524894297123,-0.007990201003849506,0.011431824415922165,-0.01761728711426258,-0.0010203217389062047,-0.00220508873462677,-0.017290443181991577,0.36623874027282,0.011172300204634666,0.6801684020208145,-0.03358633071184158,-0.0017749062972143292,1.0,0.11377239972352982,-0.028315607458353043,1.0,0.42803782098426574,-0.02752041071653366,-0.04721170291304588,-0.21771739423274994,-0.06443072110414505,2.1191845859604737,-0.04236794635653496
8700,1.820756894413784,0.3788600470206373,0.28888648618049717,-0.11291265600043,-0.3199356248700366,1.5396263506890548,-0.34329916221670065,-0.16644708181335194,0.7586625681508651,0.460029742919949,0.27345491506330794,0.6992973863391586,0.2018073792304544,-0.13808971003213713,-0.28782500570866154,0.14389723888702258,0.1872308751360918,0.6617412201230767,0.10694308286004853,-0.31895323118220453,0.20500785466033006,0.2753844761912271,0.3534271522695087,-0.2777303124855229,0.9503523829970465,0.36157683290934106,0.06492886551661693,0.7597933382134865,-0.23260906275990761,-0.2918789270825588,-0.3152813858114847,-0.31875644629671007,1.95170193644553,0.44515302993377226,0.10778540780165313,0.051993249080046516,-0.028566354885697365,0.05560901761054993,-0.006650821305811405,-0.0014727488160133362,-0.005165308713912964,-0.004085169639438391,-0.06953252851963043,-0.02267574518918991,-0.005915584042668343,-0.011402299627661705,-0.04781969636678696,-0.031673118472099304,0.001317533547990024,-0.05540774390101433,0.0017001763917505741,0.0015344948042184114,3.407356746818462,-0.020583435893058777,0.0012895837426185608,0.0852486863732338,0.01700780913233757,-0.008304039016366005,1.0,0.028389528393745422,-0.004651933908462524,-0.022872552275657654,1.0,31003.411473850665,-0.030710510909557343,-0.0013384574558585882,0.0009564123465679586,0.10470688343048096,0.17622458934783936,-0.01069643720984459,-0.051005102694034576,-0.01815708726644516,-0.008920839056372643,-0.008698278106749058,0.23620563745498657,0.5742747187614441,1.8164115958063227,-0.018956521525979042,-0.002915468066930771,-0.06641559302806854,-0.013783585280179977,-0.005875550210475922,0.08535407483577728,-0.005527898669242859,-0.22154629230499268,0.2954459002476727,-0.0025744112208485603,1.0,-0.017205212265253067,1.0,0.32102683186531067,-0.013847053050994873,0.08351358026266098,-0.035670146346092224,-0.07021880894899368,-0.03925081342458725,-0.04691348224878311,-0.016086336225271225,0.4654406806384852,-0.031109247356653214,-0.013140816241502762,-0.014364436268806458,0.0006660539656877518,-0.020621074363589287,-0.12869887053966522,1.0,0.02,-0.009467177093029022,-0.031243622303009033,0.1264403909444809,1.0,-0.019464418292045593,2.3149967153916866,-0.047442514449357986,-0.010074310936033726,0.00024552643299102783,-0.020778615027666092,-0.00201589846983552,-0.0018270686268806458,-0.01578880473971367,0.2139563411474228,-0.004116140305995941,0.26981596196681495,-0.011066448874771595,-0.0016393315745517612,1.0,0.0874176025390625,-0.06460971385240555,1.0,0.2793928151718411,-0.01265023648738861,-0.12597671151161194,-0.12346077710390091,-0.028255783021450043,1.0478231721536424,-0.0324450246989727
8800,0.5234564585358621,0.28439189189445424,0.32706051457031243,0.2453151907437907,-0.08299486007750723,4.3558116598715975,0.1966119133149889,0.4972101948522714,0.311300064576603,0.821979584482797,0.08236784401113884,-0.36664104521887,0.16379336302022174,0.6555194715641975,0.571589146063114,0.014761263647296453,0.20249945076851272,0.37357047129278154,0.24865961909054643,0.4116523626001689,0.6505357452599585,0.5722255278346559,0.8527555973486121,-0.17085555642784855,0.5228968878917181,0.5314008338393501,0.476359515329108,0.17828197035172264,0.2769701711545841,0.4618737245502762,-0.38417025141306077,-0.17967269520217222,2.217083491053516,0.4873054328633674,0.4113831074650226,0.2484522376101078,-0.01000603660941124,0.05370789021253586,-0.004889508709311485,-0.01143413782119751,-0.002652689814567566,-0.0031127536203712225,-0.01676657237112522,-0.011932961642742157,-0.0056161051616072655,-0.01314483117312193,-0.006562843918800354,-0.021365970373153687,0.0009856487158685923,-0.13839855790138245,0.003447246737778187,0.002550578908994794,6.581618296368607,0.003358965739607811,-0.010180078446865082,0.08806462585926056,0.01568961702287197,-0.0015660962089896202,1.0,0.02814890258014202,0.010507641360163689,-0.006810968741774559,1.0,137981.87074403025,-0.007197916507720947,-0.005126618780195713,0.0010049236007034779,0.3229062557220459,0.23699678480625153,9.411387145519257e-05,-0.008698873221874237,-0.04663872718811035,-0.043832845985889435,-0.007397584151476622,0.18443776667118073,0.858386218547821,0.7697600473981593,-0.004615535959601402,0.008871598169207573,-0.04325582832098007,-0.02241344004869461,-0.0006112139672040939,0.1365659087896347,-0.011545250192284584,-0.0997503250837326,0.7254782480614601,-0.001200386555865407,1.0,0.007371017709374428,1.0,0.6193888783454895,-0.0014079473912715912,0.08405876345932484,-0.041918400675058365,-0.04686528071761131,-0.014484692364931107,-0.012092448770999908,-0.12748757004737854,0.5217499729376279,-0.0061711277812719345,-0.0006588520482182503,-0.034751154482364655,-0.013198468834161758,-0.009087694808840752,-0.10186579823493958,1.0,0.02,-0.010802914388477802,-0.0290793776512146,0.2386075258255005,1.0,-0.03688981384038925,1.7232424270483664,-0.01606026478111744,-0.00341596151702106,-0.00731651671230793,-0.034451454877853394,-0.00044852402061223984,-0.0003490746021270752,-0.01266537420451641,0.3447926249355078,-0.01587054692208767,0.46632829679767634,-0.012380070053040981,-0.00025262834969908,1.0,0.1610516607761383,-0.0576632097363472,1.0,0.7530267943698556,-0.010606423020362854,-0.03402521461248398,-0.1436074674129486,-0.03155597299337387,0.6732397822163702,-0.0157330259680748
8900,1.1875306639165821,0.26743898682162853,0.08855124074445182,0.33340417135336564,-0.30521099632262,1.1262327476250196,0.18872153702175484,0.028035605416807614,0.14575747614233556,0.49488900005199715,0.07902790351590275,0.12311180765686416,0.06335388480224889,0.708621937416148,-0.6582718454069977,-0.013443554579336926,0.11338876222527929,0.6321694074846711,0.14608353448522665,0.16019262864231082,0.7005313997715935,-0.16576708145345803,0.42117128214570887,-0.44080600772176026,1.165794211811591,-0.04117100944830816,0.5242552752336034,0.8382291780490962,-0.44155314752339847,-0.6367090044140584,0.20862281508662164,-0.40948818782278956,1.0337611530931157,0.3866254150910644,0.2040273630835972,-0.005221687476423622,-0.010329014621675014,0.0540369413793087,-0.004825256764888763,-0.0349714532494545,-0.002688884735107422,-0.011796252802014351,-0.008345403708517551,-0.020067643374204636,-0.006497484166175127,-0.015404416248202324,-0.05887863039970398,-0.007465235888957977,0.0007577345822937787,-0.17578887939453125,0.0016506914980709553,0.0018032791558653116,1.630654933147135,-0.009947790764272213,-0.021327238529920578,0.08697333931922913,0.014494442380964756,-0.0012663147645071149,1.0,0.010265232063829899,-0.009806071408092976,-0.01152923982590437,1.0,35792.48716727495,-0.05018564686179161,-0.029570983722805977,0.001165321678854525,0.1899697482585907,0.194248229265213,-0.008693951182067394,-0.025893814861774445,-0.07349230349063873,-0.02645985595881939,-0.009546387009322643,0.12368939816951752,0.5530375242233276,1.3461265241481812,-0.005613064393401146,-0.0247785821557045,-0.038894686847925186,-0.030985340476036072,-0.015214852057397366,0.07819009572267532,-0.013585387729108334,-0.1646021604537964,0.5366175491275198,-0.010265935212373734,1.0,-0.024328820407390594,1.0,0.43948787450790405,-0.00824434868991375,0.08411671221256256,-0.04438185691833496,-0.025635788217186928,-0.039597392082214355,-0.033724669367074966,-0.05315957963466644,0.4612908698697725,-0.01845904439687729,-0.024894943460822105,-0.048135507851839066,-0.01296562422066927,-0.0440024808049202,-0.14387404918670654,1.0,0.02,-0.0057952310889959335,-0.03888304904103279,0.16449326276779175,1.0,-0.012817371636629105,1.2869397024517122,-0.012477780692279339,-0.006572898477315903,-0.04262254759669304,-0.08443791419267654,-0.0012686126865446568,-0.0032758116722106934,-0.011239815503358841,0.22462286008521914,-0.016153234988451004,0.27200053090655135,-0.019557377323508263,-0.0032926725689321756,1.0,0.05386674776673317,-0.0524132214486599,1.0,0.4762059601334091,-0.024646446108818054,-0.0683731883764267,-0.17990823090076447,-0.05011478066444397,1.2627270113576698,-0.025934403762221336
9000,1.5324763387236677,1.0982650663497158,-0.14368480377691187,0.6857558422280359,0.022130219364103854,1.9441894260751444,0.14430968923457893,-0.2870800160079615,0.775717251342183,0.22274506703287236,-0.16409662163452457,0.694969562099657,0.07387487023213724,0.8065828395166581,-0.007229121349637439,-0.3556863322489917,-0.032771473884042376,0.7336758742123859,-0.10204641894036373,0.05063939169615308,-0.17774557904675653,-0.17568828530603714,2.8410185325032673,-0.0786665696016748,1.104713611354779,0.1035221255022807,-0.182058851407932,0.8339526201253687,-0.022212011584850682,-0.2884544871538024,0.48533452930911003,-0.18964083647777383,1.9078874064079114,0.43838671735012147,0.2964559227668843,0.23539104829271545,-0.0284525528550148,0.05576258897781372,0.002254979219287634,-0.02549690008163452,-0.0047423988580703735,-0.013486838899552822,-0.0985780879855156,0.0006322301924228668,-0.00150779215618968,-0.018345817923545837,-0.062371015548706055,-0.04287317395210266,0.001243457430973649,-0.03357046842575073,0.0010013057617470622,0.005411352030932903,1.7428600007894395,-0.015996992588043213,-0.013053789734840393,0.08638307452201843,0.01547871995717287,0.0015656612813472748,1.0,0.018145285546779633,-0.026472102850675583,-0.007379389367997646,1.0,73950.29574112865,-0.0456676259636879,-0.01191793940961361,0.0028381296433508396,0.11543252319097519,0.31249356269836426,-0.002919859252870083,-0.04406943917274475,-0.008270494639873505,-0.07647540420293808,-0.016050055623054504,0.21973232924938202,0.4646337926387787,1.6901079853614014,-0.016468841582536697,-0.03036024048924446,-0.07852654904127121,0.0014263466000556946,-0.012173667550086975,0.0692354366183281,0.0016839210875332355,-0.25419390201568604,2.4903426190334295,-0.0023721621837466955,1.0,-0.022331520915031433,1.0,0.3686237037181854,-0.010534502565860748,0.08403737097978592,-0.021854734048247337,-0.038659896701574326,-0.02353881485760212,-0.04517870396375656,-0.3029765188694,0.4109028930684738,-0.020278897136449814,-0.016884097829461098,0.0012049712240695953,-0.0011212965473532677,-0.07217031717300415,-0.1370832920074463,1.0,0.02,-0.011551504954695702,-0.021168440580368042,0.19416022300720215,1.0,-0.03405964374542236,2.5217715794462774,-0.019292525947093964,-0.010712848976254463,-0.016599558293819427,-0.0972103625535965,-0.00012059498112648726,-0.00203859806060791,-0.0024151834659278393,0.23479477129876614,-0.05056469887495041,0.8294265043694383,-0.03189217671751976,-0.001378846587613225,1.0,0.13404659926891327,-0.027888115495443344,1.0,0.1891517884749566,-0.001021847128868103,-0.033378709107637405,-0.04763777181506157,-0.025850534439086914,1.259885410053172,-0.039128974080085754
9100,3.736016538840312,1.2238831761184386,0.05411528727842444,0.3183448216513038,-0.13014702521899726,3.6389365453911426,-0.06447255295964943,0.09758895395204364,0.5729139546272649,1.0936180848466408,0.19504653203480563,0.6530743680703663,0.07171354751665211,0.6347005000010221,0.7412321414633274,0.39449327058447475,0.055099797758849246,0.18090171314172596,0.03355308343655808,0.5086760276014946,0.1704172253684833,0.06036892312067716,0.6943180596702928,0.6273230673033732,3.1312227844322598,0.34748813996656724,0.44666947675159985,0.8993632354366816,-0.09069585368250774,-0.15141065070089102,0.3291916332539685,-0.06064472246481603,2.4738441890563205,0.7989348421951014,0.2543640357554513,-0.07770785661009584,-0.045424606651067734,0.06639383733272552,-0.0026721307076513767,0.003128156065940857,0.013616133481264114,-0.003985296469181776,-5.3452327847480774e-05,-0.01388617604970932,0.0006360759725794196,-0.023052409291267395,-0.05145353078842163,-0.009995892643928528,0.0020085996948182583,-0.03251428157091141,0.0037353085353970528,0.002827385440468788,0.7243206959810474,-0.002501200884580612,0.01546420156955719,0.09400486946105957,0.019224541261792183,-0.005772165022790432,1.0,0.025209955871105194,-0.01683039218187332,-0.01679084636271,1.0,167908.0088710927,-0.02061588317155838,-0.004376620054244995,0.00450246874243021,0.1803933084011078,0.1946151852607727,-0.010249108076095581,-0.037720948457717896,-0.028426237404346466,-0.10200803726911545,-0.005566640757024288,0.18683457374572754,0.7127513885498047,3.8065028703299406,-0.003989610355347395,-0.015480279922485352,-0.030028734356164932,-0.021685326471924782,-0.022128276526927948,0.22507107257843018,-0.003911488689482212,-0.24905835092067719,1.465868447128476,4.119030199944973e-05,1.0,-0.039224788546562195,1.0,0.4730139374732971,-0.008365008048713207,0.08402782678604126,-0.01924172043800354,-0.012764754705131054,-0.019897811114788055,-0.027161777019500732,-0.3581152558326721,0.8434620353524963,-0.02952374331653118,-0.01890615001320839,0.00014638900756835938,0.0010699871927499771,-0.0016529331915080547,-0.03641612082719803,1.0,0.02,-0.00659946957603097,-0.008665844798088074,0.21340559422969818,1.0,0.001699596643447876,2.2216883132182375,-0.013649379834532738,-0.0018304805271327496,0.005668077617883682,-0.00476975180208683,0.00018326658755540848,0.006703473627567291,-0.0027280389331281185,0.30481248907744884,-0.023980848491191864,1.1806214400773565,-0.014064226299524307,-0.001491486094892025,1.0,0.25241485238075256,-0.04585187882184982,1.0,1.2643703729495304,-0.0079725980758667,-0.011342985555529594,-0.05144483596086502,-0.014766007661819458,3.42469818212963,-0.03127004951238632
9200,0.7151667840626132,0.2797649102556609,0.15853572669417512,0.6185504984869825,-0.1572653755117735,1.9075175666581714,-0.08341462064756928,-0.37507916785984347,0.6813340312937399,0.3578815775031422,0.08231058831722822,0.6079640832572357,0.029125974277568314,0.6814385279053716,-0.33667809715246444,0.12186691720650994,0.14750850797627163,-0.09011848851007381,0.27066539721789373,-0.30133398976594805,0.4144926323678314,-0.30580830077206944,0.36609350490693937,-0.1042957078435027,1.4387153829574415,-0.3704852125909129,0.2253612336425931,0.8395793220817274,-0.27177685329262163,-0.48931919883923547,0.5253894557274504,-0.26599780426943187,0.5108282964201958,0.36009470631772983,0.30030901534056487,-0.00017679742071563878,-0.009837361052632332,0.05113685876131058,-0.0024938276037573814,-0.0498901903629303,-0.004015713930130005,-0.004017774015665054,-0.05304381251335144,-0.017627626657485962,-0.0038939325604587793,-0.017045840620994568,-0.06440690159797668,-0.028585076332092285,0.0011293275747448206,-0.42197608947753906,0.0014655371196568012,0.0012638121843338013,1.9159322965391639,-0.010310057550668716,-0.0432419553399086,0.08636081218719482,0.014147757552564144,-0.0012619532644748688,1.0,0.019706210121512413,-0.013710243627429008,-0.008583457209169865,1.0,37659.11650989788,-0.0650867149233818,-0.033399779349565506,0.000823568319901824,0.26765313744544983,0.09556268155574799,-0.006108944304287434,-0.010079167783260345,-0.020550385117530823,-0.03394084796309471,-0.009854456409811974,0.16663500666618347,0.6803440451622009,1.084361361013709,-0.018518831580877304,-0.03130120784044266,-0.06011548638343811,-0.020589176565408707,-0.005526650696992874,0.13288433849811554,-0.006187126040458679,-0.07759200036525726,0.5424315545954771,-0.0023451403249055147,1.0,-0.006923189386725426,1.0,0.500082790851593,-0.0027732569724321365,0.08411410823464394,-0.14306826889514923,-0.05691102147102356,-0.03837035968899727,-0.01970098912715912,-0.08766459673643112,0.3901616080745855,-0.012627777643501759,-0.022103063762187958,-0.006560325622558594,-0.008033347316086292,-0.026249263435602188,-0.1366068571805954,1.0,0.02,-0.004055548459291458,-0.025358043611049652,0.21698738634586334,1.0,-0.03633809834718704,0.6319628818768814,-0.023824483156204224,-0.004225708544254303,-0.005366630852222443,-0.03435853123664856,-0.0008531815838068724,-0.0025237277150154114,-0.02265981212258339,0.2748232390731573,-0.015363184735178947,0.25941896219108684,-0.024052662774920464,-0.0026599024422466755,1.0,0.13843652606010437,-0.051996320486068726,1.0,0.2749808643947208,-0.025306932628154755,-0.04850108176469803,-0.23598262667655945,-0.044239625334739685,1.5052737685764328,-0.019293976947665215
9300,1.5516469400652122,0.32271738616155304,-0.21369624669853646,-0.2790626382534763,-0.013174318996642453,1.6614743809649988,0.17416818402918902,0.4836635418943497,-0.0008708352885263212,0.5301581874445221,0.14569904629367147,-0.15182986250743108,0.19797195230419629,0.6897094475735539,-0.0017920067765282777,0.34143151109105885,0.15374159898218176,0.7183756015766055,-0.11752739243539245,0.36248173016223206,0.6223740655281017,0.4376232156191888,0.3302130827635209,-0.07780539985580749,0.7303953626052047,0.27542204522604424,0.5161418990098027,0.7856762323079921,-0.03868301811446295,-0.15118464557268185,-0.35842753907673275,-0.256115438295545,2.310863674301596,0.4822028487817844,0.3415588346256594,0.2053141763418567,-0.04468037560582161,0.05522722005844116,1.3354700058698654e-05,-0.01852947473526001,-0.0028939656913280487,-0.010024311020970345,-0.11832886189222336,-0.0010702535510063171,-0.0033302013762295246,-0.01748848333954811,-0.04475519061088562,-0.008326321840286255,0.0013524778187274933,-0.12076161801815033,0.0015351069159805775,0.0010269132908433676,2.0044605855709796,-0.02010289579629898,-0.002954445779323578,0.08649939298629761,0.015149110928177834,-0.0005144891329109669,1.0,0.014421030879020691,-0.034595370292663574,-0.005734110251069069,1.0,30890.309224523993,-0.029984839260578156,-0.014368604868650436,0.0010236278176307678,0.2529442310333252,0.3157476484775543,0.0005083763971924782,-0.045272842049598694,-0.0007925182580947876,-0.01095449086278677,-0.004910794086754322,0.14022892713546753,0.3832489848136902,1.5995958448670904,-0.004181828815490007,-0.03466697409749031,-0.061911966651678085,-0.0035733880940824747,-0.015053551644086838,0.19660554826259613,-0.0015023085288703442,-0.24639171361923218,0.3172365330274074,-0.006364017724990845,1.0,-0.006405549123883247,1.0,0.41195961833000183,-0.009307658299803734,0.08401978947222233,-0.04049838334321976,-0.02521609514951706,-0.03798350691795349,-0.041520267724990845,-0.026001352816820145,0.6191486954974563,-0.048224590718746185,-0.007893279194831848,-0.00035466253757476807,-0.0024224519729614258,-0.044878747314214706,-0.12071733176708221,1.0,0.02,-0.006540735252201557,-0.01772046834230423,0.137803852558136,1.0,-0.02025488018989563,2.4780328749352396,-0.0032912828028202057,-0.018865913152694702,-0.0194135420024395,-0.0432349294424057,-0.0019539750646799803,-0.0014012008905410767,-0.007689119316637516,0.25683045014739037,-0.00348847359418869,0.39699509805669364,-0.002815867541357875,-0.0006533532869070768,1.0,0.21610479056835175,-0.06373554468154907,1.0,0.4187026903910446,-0.0011978298425674438,-0.026551013812422752,-0.1098184585571289,-0.010185949504375458,0.9197130566910606,-0.030308369547128677
9400,0.7643796932796498,0.7726712683797422,-0.11319349145480943,0.1685012932371025,0.26861442753208303,1.0403906625875503,0.31757300675896183,0.18781947020555564,0.21668057339873462,1.3351703557062156,0.3691168364049856,0.2844932010578643,0.20993303522185947,0.8154476232762611,0.49946331531651833,0.5129745424712806,0.3323329210405342,0.6135752833695574,-0.10926978588199024,0.33988768915734824,0.5318542217804162,0.23770932163581454,1.7000923911617098,0.3990221193034942,0.9780217185912419,0.4113865642604138,0.4011771400639364,0.9209266034286389,0.25533077031725515,0.20519406008096785,0.14753594214680424,0.1744856965065253,2.2668366373294724,0.7354463571531019,0.24344085322492273,0.16388888690460598,-0.039687272161245346,0.053779274225234985,-0.0019528558477759361,-0.01698930561542511,-0.0021639466285705566,-0.011093408800661564,-0.0457601398229599,-0.00600944459438324,-0.0020916941575706005,-0.009841276332736015,-0.024889975786209106,-0.0259636789560318,0.0013858703896403313,-0.24421259760856628,0.0034829883370548487,0.0025578136555850506,0.8315254537096616,-0.022324033081531525,-0.014474518597126007,0.088944211602211,0.016664892435073853,-0.002973343711346388,1.0,0.01139791402965784,-0.04249729961156845,-0.006634341552853584,1.0,50787.78755847213,-0.019010834395885468,-0.0031183252576738596,0.0016315802931785583,0.28727996349334717,0.11616846919059753,-0.003931988030672073,-0.028716683387756348,-0.02050580084323883,-0.1843990683555603,-0.004232569597661495,0.13080067932605743,0.25367122888565063,1.022291019702315,-0.004310395568609238,-0.03736703842878342,-0.05369844287633896,-0.01540357619524002,-0.01476225908845663,0.09244121611118317,-0.003941478207707405,-0.233152836561203,1.4962915618642976,-0.002497245790436864,1.0,-0.02242661640048027,1.0,0.4972411096096039,-0.006058846600353718,0.08405746705830097,-0.04076651856303215,-0.07983893901109695,-0.02939237654209137,-0.03161162883043289,-0.4882139563560486,0.739842166828526,-0.019702844321727753,-0.007845335640013218,-0.0105694979429245,-0.0021662339568138123,-0.0406670942902565,-0.12576863169670105,1.0,0.02,-0.00539493840187788,-0.0009345822036266327,0.24093332886695862,1.0,-0.032993778586387634,2.301537075752843,-0.0048549361526966095,-0.006299934349954128,-0.021904949098825455,-0.06885122507810593,-0.0029988083988428116,-0.0016776993870735168,-0.002658100798726082,0.21730835270136595,-0.04261085391044617,0.8440635830066023,-0.009928733110427856,-0.0024519581347703934,1.0,0.11993082612752914,-0.2177477777004242,1.0,1.4067164454304357,-0.003194749355316162,-0.13818898797035217,-0.040308281779289246,-0.0014000236988067627,1.0095845711971057,-0.019176088273525238
9500,0.4809447159654632,0.5239889774659747,0.3556967702665569,0.4403969807274435,0.047027685654675674,1.2988580874426563,0.2323712173025829,0.3503676770582078,0.19008543694467994,0.7698443008715699,-0.0273263220719002,-0.10105706721589568,0.21889250559063209,0.7395184111531395,0.6094761846148596,0.015882226336242262,0.31509962740321473,0.5119616666224365,0.2924314656255782,0.34798528712803667,0.7097728432161627,0.6035036086957724,0.6643683578872152,0.3354568088938886,0.7488425284118924,0.5790597216773228,0.324920897951535,0.7107917639456591,0.20539495805749122,0.48958356395991176,0.11294321787103012,0.30774192885028523,2.6166916962989206,0.48821932942170293,0.3855725635788091,0.2780361240006102,-0.010206320323050022,0.055396948009729385,-0.004737930838018656,-0.016352377831935883,-0.004720959812402725,-0.007472952827811241,-0.01850900799036026,-0.008001375943422318,-0.0019769789651036263,-0.01850965805351734,-0.02093449980020523,-0.014810316264629364,0.0007614225032739341,-0.19432607293128967,0.001937169348821044,0.0011702203191816807,1.5892768707394032,-0.01355537585914135,-0.016818556934595108,0.08806443214416504,0.017229396849870682,-0.0043129753321409225,1.0,0.009977387264370918,-0.024706462398171425,-0.014743030071258545,1.0,14835.665505019251,-0.01604432985186577,-0.004394751973450184,0.0012864109594374895,0.2872529625892639,0.12999571859836578,-0.006328597664833069,-0.009605646133422852,-0.04008731245994568,-0.15125568211078644,-0.007022624835371971,0.16797471046447754,0.34680598974227905,0.8025292835213607,-0.0037743442226201296,-0.021628720685839653,-0.05749687924981117,-0.02562868967652321,-0.011887412518262863,0.08133438974618912,-0.008041786029934883,-0.23604996502399445,0.5483555507082475,-0.0016717540565878153,1.0,-0.015590973198413849,1.0,0.5662820935249329,-0.0022105120588093996,0.08424167893826962,-0.033284690231084824,-0.10270195454359055,-0.02021714113652706,-0.009551580995321274,-0.4501468539237976,0.5066980684081213,-0.0035594645887613297,-0.007499200291931629,-0.025911521166563034,-0.0009740330278873444,-0.049427516758441925,-0.13288679718971252,1.0,0.02,-0.008416056632995605,-0.020503375679254532,0.16463443636894226,1.0,-0.025401707738637924,2.817291814179038,0.0010144282132387161,-0.004649120382964611,-0.03787156939506531,-0.04173882678151131,-0.0005733155994676054,-0.002303987741470337,-0.007369796745479107,0.2233362589031458,-0.049186065793037415,0.6957587710966812,-0.02319871447980404,-0.0008301659836433828,1.0,0.04240977019071579,-0.16618233919143677,1.0,0.7401455345933327,-0.0031077712774276733,-0.21897783875465393,-0.1519089639186859,-0.027040570974349976,0.8594000502356184,-0.026129314675927162
9600,1.7467758096664814,0.2605606482349278,0.16158202891520812,0.5602988093018851,-0.42800483313541704,1.2002458608614397,-0.3598554627035747,-0.2341341328811078,0.4654082532577732,0.163813863803881,-0.21452839110104244,0.5959511241386883,-0.2975232469302319,0.5162870705096507,0.512520482839149,0.10182693581372829,0.12498440865593873,-0.03742408331811106,0.054228837078624186,0.224898461045981,-0.3303910107205493,-0.14899059754596516,0.3631539553251532,0.4612206150380803,1.0345558141744158,0.12593305913616293,0.10913724749418967,0.8339646316446151,-0.46492910709060176,-0.4610814197579452,0.4887959969741843,-0.36387365754351825,0.6522958892973617,0.3286871322511227,0.04872924974720398,-0.1106820271049406,-0.026224473491311073,0.06018476188182831,-0.013019843958318233,-0.04615539312362671,-0.0033121109008789062,-0.009713217616081238,-0.013110307045280933,-0.04291480779647827,-0.0025695422664284706,-0.016889430582523346,-0.07651901245117188,-0.018754467368125916,0.00102719955611974,-0.03456069529056549,0.0008752427529543638,0.0017715016147121787,0.9875862072388248,-0.006315380334854126,-0.02205183357000351,0.08753758668899536,0.01370724756270647,-0.009370364248752594,1.0,0.029954127967357635,-0.003671877086162567,-0.018995746970176697,1.0,12202.136884061358,-0.04877837002277374,-0.026833998039364815,0.0008717968012206256,0.20047125220298767,0.3061069846153259,-0.008981742896139622,-0.058141857385635376,-0.05898122489452362,-0.023539988324046135,-0.009456065483391285,0.14674511551856995,0.6280225515365601,1.8291651745345203,-0.014565341174602509,-0.00040429458022117615,-0.020396852865815163,-0.013535366393625736,-0.00863715261220932,0.07113592326641083,-0.010573872365057468,-0.11410517990589142,0.78873354812538,-0.0006773014320060611,1.0,-0.013033568859100342,1.0,0.4161466956138611,-0.014940439723432064,0.08477856405079365,-0.030351918190717697,-0.01290163118392229,-0.03674396499991417,-0.053696319460868835,-0.06475529074668884,0.3613436063780765,-0.035889022052288055,-0.023359283804893494,-0.030379921197891235,-0.009302153252065182,-0.04067505896091461,-0.09759702533483505,1.0,0.02,-0.008910772390663624,-0.0351700633764267,0.2328656017780304,1.0,-0.003500312566757202,0.6955461416951407,-0.028666172176599503,-0.0016971885925158858,-0.04734615981578827,-0.0518094040453434,-0.001829797518439591,-0.003296203911304474,-0.02603001892566681,0.26259686052799225,-0.0020261332392692566,0.2997123869841415,-0.014120361767709255,-0.0025526895187795162,1.0,0.09928075969219208,-0.06356760114431381,1.0,0.1931753853397816,-0.036677926778793335,-0.09104593098163605,-0.18781842291355133,-0.0363440066576004,1.409224706700169,-0.018889568746089935
9700,0.42626558341239196,0.1494070546428517,0.30153818591234594,0.42701952000878673,-0.14136156550207607,5.2703376022479045,-0.28279827046944284,0.08149968921210032,0.6455104992312649,0.432462865461483,0.2246650795600076,0.5380868375985445,-0.10971494433080269,0.6946572512837801,-0.10786518313889087,0.08650356553345044,0.10912989165853157,0.44915413589307535,0.2608241676044874,-0.2126360115065332,0.08529778008806926,0.22258728709856923,0.33872000049208695,-0.006756977547367777,0.6673303026944497,-0.13861913528043313,-0.13364253101401127,0.6851168787051529,-0.19527937046517593,-0.22896227051237483,0.3377115154468764,-0.01957460577837436,1.255550530001189,0.586316119473625,0.4673945099159901,0.12070998311529663,-0.042022451758384705,0.054788075387477875,-0.007595971692353487,-0.046660713851451874,-0.0041666775941848755,-0.0030828663147985935,-0.07425830513238907,-0.01234225183725357,-0.004333531018346548,-0.01698032021522522,-0.03624468296766281,-0.0010632574558258057,0.001410611323080957,-0.17078636586666107,0.002364383079111576,0.0011908016167581081,6.524413978961034,0.00503135472536087,-0.034081295132637024,0.08571409434080124,0.01414427999407053,-0.0076306709088385105,1.0,0.026471659541130066,0.010595707222819328,-0.019442401826381683,1.0,135411.55689722815,-0.03704024851322174,-0.033935289829969406,0.0007014641305431724,0.1761176884174347,0.2251637578010559,-0.007913912646472454,-0.003092072904109955,-0.003471285104751587,-0.034322693943977356,-0.007658860180526972,0.15747688710689545,0.46836942434310913,0.7407621106997125,-0.01707487553358078,0.016968652606010437,-0.061862193048000336,-0.00925370678305626,-0.013914700597524643,0.03936440497636795,-0.002026111353188753,-0.2491476684808731,0.42390510005716625,-0.0037650377489626408,1.0,0.0017461217939853668,1.0,0.3757009506225586,-0.0009413305670022964,0.08407968655228615,-0.044807225465774536,-0.08037004619836807,-0.05420546233654022,-0.006352409720420837,-0.06771066784858704,0.6268896779893661,-0.06388955563306808,-0.008002742193639278,-0.0005433782935142517,-0.01944833993911743,-0.02216886356472969,-0.11681942641735077,1.0,0.02,-0.011454921215772629,-0.011249981820583344,0.34108221530914307,1.0,0.0032342076301574707,1.4492872872381855,-0.021553795784711838,-0.007995577529072762,-0.11506384611129761,-0.0252004936337471,-0.0009369313484057784,-0.0023513063788414,-0.023530716076493263,0.22952429950237274,-0.01002597063779831,0.18361562482338117,-0.00536247156560421,-0.002053988166153431,1.0,0.052919067442417145,-0.18485687673091888,1.0,0.2718415669974443,-0.012621566653251648,-0.29086625576019287,-0.22865363955497742,-0.014070801436901093,0.9762602766194499,-0.025966409593820572
9800,1.2717120319118682,0.1743717485017213,0.1555500176810692,-0.7241443756901984,-0.48454245605634855,2.959867668106452,-0.2843725310593152,-0.27804313534601854,0.4757625967248641,0.3233706321406283,-0.05963143860893633,0.5437300454980978,0.4134069409833231,-0.4772897105883622,-0.19924292675370192,-0.1667097292735703,0.1549561582189657,0.16976882320556835,0.07042849668833359,-0.24994210471320602,0.3174699965969484,0.6290426295867354,0.32887392281345634,-0.18861850674854025,0.895632269244932,0.29624280206306025,0.47306693195382044,0.8532706501627205,-0.45451107710261396,-0.5808285277487545,-0.6168676756150087,-0.4617607998657369,0.7430091156695342,0.3003408240928375,0.45042338927619285,0.14500091549839136,-0.007139748428016901,0.055357590317726135,-0.010566753335297108,-0.002154923975467682,-0.005269266664981842,-0.002165698679164052,-0.006457463838160038,-0.043861113488674164,3.382697468623519e-05,-0.021059930324554443,-0.05821322649717331,-0.0024109557271003723,0.0009495944832451642,-0.08695836365222931,0.0018281200900673866,0.0009182699723169208,1.8964234044386603,0.010135408490896225,0.0022570788860321045,0.0873454138636589,0.013216271065175533,-0.009753074496984482,1.0,0.028581107035279274,-0.005556957796216011,-0.01645701751112938,1.0,60260.29396923182,-0.042377129197120667,-0.0007183384150266647,0.0009577055461704731,0.1802881360054016,0.24205970764160156,-0.0075057754293084145,-0.04845789819955826,-0.007143080234527588,-0.17557194828987122,-0.010579925030469894,0.34482842683792114,0.3816249370574951,1.3867685528375453,-0.014296370558440685,0.0009953062981367111,-0.024017181247472763,-0.006549212150275707,-0.006075741723179817,0.12873008847236633,-0.005320996977388859,-0.15083254873752594,0.34651351317217943,-0.003503193845972419,1.0,0.0008684955537319183,1.0,0.407672643661499,-0.014018352143466473,0.08368954807519913,-0.042748451232910156,-0.054058268666267395,-0.04674267768859863,-0.04656179994344711,-0.5192881226539612,0.3442605079760896,-0.008984747342765331,-0.01690835878252983,-0.004824407398700714,-0.0019994089379906654,-0.021899908781051636,-0.12183839827775955,1.0,0.02,-0.005569299217313528,-0.03652770072221756,0.285441130399704,1.0,0.003843240439891815,0.8841228793190005,-0.025444231927394867,-0.004730401560664177,-0.08140993863344193,-0.026782140135765076,-0.001526988809928298,-0.004139520227909088,-0.02286597527563572,0.2612447217106819,-0.036448173224925995,0.154400188565549,-0.02128008008003235,-0.0023603439331054688,1.0,0.11931270360946655,-0.1257539540529251,1.0,0.22610374671726838,-0.040684349834918976,-0.2570008933544159,-0.1959613561630249,-0.04514821618795395,1.3077007657434587,-0.027538679540157318
9900,1.8673994009203834,0.5542707668105209,-0.0331386906947734,0.6999603164368426,-0.10833151163786985,4.640396680067825,0.10361892939104565,-0.02886466739775837,0.7440820764368616,1.218011924600345,-0.13120800919442113,0.729320175237549,0.07145713552714683,0.8298061095347755,0.6138582007245729,-0.17563213432429858,0.17456774099623323,0.2465069243481192,-0.04005874489015682,0.44519295688568794,0.21171503522067558,0.15309915351970232,1.2404426193131364,0.4448670909656067,1.3146502238987414,0.4967463896606089,0.4806371069332636,0.877828372499998,-0.1461299327037991,-0.12680328331776916,0.5529276363644697,-0.17494068413540376,0.7661003069579547,0.3272620229996966,0.3248913450789083,0.3114608525066642,-0.04372863471508026,0.059217482805252075,-0.0010489679407328367,-0.039316326379776,0.004862278699874878,-0.008017124608159065,-0.035801809281110764,-0.017330363392829895,-0.0013799099251627922,-0.017477713525295258,-0.07162612676620483,-0.044616371393203735,0.0011302176862955093,-0.021447213366627693,0.003059868235141039,0.0030353215988725424,1.092119345740146,-0.000157136470079422,-0.017806321382522583,0.08812028169631958,0.013886027038097382,-0.0007556738564744592,1.0,0.03574110567569733,-0.025622844696044922,-0.012222319841384888,1.0,146747.81426230897,-0.04566638171672821,-0.010410716757178307,0.0010258712572976947,0.2254466861486435,0.1832541525363922,-0.005855720490217209,-0.05678360164165497,-0.0422162264585495,-0.03912811353802681,-0.009863089770078659,0.13126572966575623,0.5212658047676086,1.8664977239814255,-0.008151745423674583,-0.02121341973543167,-0.048299532383680344,-0.012823626399040222,-0.006334360688924789,0.07808783650398254,-0.007081435061991215,-0.1044844314455986,1.4298841221233443,-0.0003881845623254776,1.0,-0.0002006739377975464,1.0,0.48614031076431274,-0.006451702211052179,0.08324196375906467,-0.02925426885485649,-0.044218070805072784,-0.031063497066497803,-0.05263212323188782,-0.10348285734653473,0.46148808000880087,-0.0682019516825676,-0.011780116707086563,-0.011743225157260895,-0.00756048783659935,-0.019590023905038834,-0.08803006261587143,1.0,0.02,-0.005888350307941437,-0.017851203680038452,0.22308090329170227,1.0,-0.03310016542673111,0.7150784023757307,-0.023101069033145905,-0.0026993195060640574,-0.004270590841770172,-0.04376157000660896,-0.0007784418994560838,-0.004543915390968323,-0.020650219172239304,0.2363835573196411,-0.024618230760097504,0.45244057489411327,-0.0035845597740262747,-0.0010278692934662104,1.0,0.042527034878730774,-0.04209994524717331,1.0,1.465218063558881,-0.016346633434295654,-0.03346630930900574,-0.13032202422618866,-0.012893520295619965,1.6135201116971727,-0.01769687980413437
10000,1.6022746377137003,0.3584719226904707,0.3608659769525665,0.6353264367189315,-0.31438972100042,6.4561057310285355,-0.2607531336977653,0.12520015852954072,0.5430903061123771,0.7397560349700861,0.04940260808039276,0.5935564520444533,-0.1318224314086666,0.7454103678237713,0.02519148294905684,0.2269570705870721,0.06495912954556092,0.6390489544919405,0.07601712796447549,-0.020116314235412425,0.045685213827945235,0.23185783101996368,0.590160519327056,0.06942255229566327,0.5927520649828246,-0.0544386123409759,0.1116760647794713,0.5461281889894225,-0.1323881274342596,-0.04694098394653169,0.3129846241545942,-0.22076261002848696,1.6464143623690226,0.5788943563490591,0.5922580722128827,0.3670047173499328,-0.04597672075033188,0.05891276150941849,-0.008762520737946033,-0.04401461035013199,-0.0048915669322013855,-0.004582238383591175,-0.01635785773396492,-0.02461964637041092,-0.0028158880304545164,-0.021534211933612823,-0.023970015347003937,-0.02402157336473465,0.0016848684754222631,-0.0564083494246006,0.005762091837823391,0.0014645567862316966,6.879906257943515,-0.005501914769411087,-0.014809630811214447,0.08803083747625351,0.016561228781938553,-0.007588536478579044,1.0,0.0525677353143692,0.03640185296535492,-0.01950647681951523,1.0,133678.1463457151,-0.013441421091556549,-0.029535099864006042,0.0010360172018408775,0.16074344515800476,0.2813534438610077,-0.008881065994501114,-0.06340468674898148,-0.05867216736078262,-0.03125247359275818,-0.007286173291504383,0.22595874965190887,0.42368024587631226,1.6321216829809153,-0.023358739912509918,0.012639418244361877,-0.016794942319393158,-0.00911557488143444,-0.02028830349445343,0.11087128520011902,-0.007750466465950012,-0.1946972906589508,0.5737999390874603,-0.002055863384157419,1.0,0.01659947633743286,1.0,0.37922099232673645,-0.016927506774663925,0.0829523578286171,-0.03480564430356026,-0.036325596272945404,-0.1047951877117157,-0.050488702952861786,-0.06763393431901932,0.6493084007496055,-0.06402811408042908,-0.004167995415627956,-0.025693155825138092,-0.015902992337942123,-0.004164497368037701,-0.04863618314266205,1.0,0.02,-0.0068495552986860275,-0.014371953904628754,0.24165454506874084,1.0,-0.007984913885593414,1.5449325000579004,-0.0362173356115818,-0.003680148860439658,-0.04446209967136383,-0.011036679148674011,-0.002340959617868066,-0.0010205581784248352,-0.034238822758197784,0.2373071201145649,-0.02128279209136963,0.30660630398097255,-0.0025979559868574142,-0.0011486010625958443,1.0,0.07497425377368927,-0.22963745892047882,1.0,0.2898078570300139,-0.01181820034980774,-0.027918249368667603,-0.17889323830604553,-0.005364581942558289,0.9580110758004046,-0.01958542689681053
10100,0.5602672298799259,0.7784152075522404,-0.0524600537802013,-0.72675480778721,-0.13704635811054042,0.9694213384355655,-0.05572459651860155,0.3566403235753871,-0.6830252088832065,0.18980608409927968,0.004838036504545663,-0.6011860551790532,0.16501500946473752,0.6376487556374003,-0.23053227184881786,0.14453661237253498,0.08185870951949925,0.4530853139498718,-0.08961498119423085,0.18104741918634523,0.3630681480978887,0.49175945255957054,0.6668760251924326,-0.147987526217941,0.8070110608266942,0.24799923868229395,0.3743788127671287,0.8532975904999486,-0.1885410556178497,-0.5960302812022572,-0.5934639977247128,-0.3903474440578537,1.3854450253368011,0.3164264761869433,0.1490153715888446,0.20653077422016727,-0.01104581169784069,0.056292854249477386,-0.0007534075994044542,-0.014440611004829407,-0.0038934312760829926,-0.0061232526786625385,-0.05139400064945221,-0.008459620177745819,-0.00108854821883142,-0.01780952699482441,-0.06176140904426575,-0.02870241552591324,0.0007365401252172887,-0.04010310396552086,0.0010526154655963182,0.001018706476315856,1.4219993977028753,-0.009926415979862213,-0.0063541606068611145,0.08789315819740295,0.0131845036521554,-0.0021569281816482544,1.0,0.017083149403333664,-0.02657260000705719,-0.006341028027236462,1.0,33191.28520528094,-0.055240921676158905,-0.002717080293223262,0.0015673341695219278,0.1356397420167923,0.4195409417152405,-0.005435257218778133,-0.03332650661468506,-0.0011266916990280151,-0.20938308537006378,-0.004721516743302345,0.3497886657714844,0.6952534914016724,0.6814880096371806,-0.008378221653401852,-0.021403636783361435,-0.024564744904637337,-0.002406586892902851,-0.009165164083242416,0.2008669078350067,-0.0031266396399587393,-0.2255946546792984,0.6327312688712255,-0.0017323368228971958,1.0,-0.034297142177820206,1.0,0.5818027257919312,-0.005514955148100853,0.08329805172979832,-0.03620190545916557,-0.04831114411354065,-0.04783102869987488,-0.0415588840842247,-0.7083882689476013,0.37056702504504113,-0.010543487034738064,-0.015873732045292854,-0.0007236897945404053,-0.003818442113697529,-0.020548680797219276,-0.12918709218502045,1.0,0.02,-0.010050473734736443,-0.03042273223400116,0.3787290155887604,1.0,-0.03153305500745773,1.276790179989058,-0.022530969232320786,-0.015291193500161171,-0.023739516735076904,-0.03033207729458809,-0.0005627165664918721,-0.0034796521067619324,-0.034540846943855286,0.36209126375615597,-0.05280179902911186,0.8716098977243137,-0.015066143125295639,-0.002224898897111416,1.0,0.13510861992835999,-0.08206573128700256,1.0,0.16244413426942722,-0.011695265769958496,-0.05762907490134239,-0.2491808831691742,-0.042611777782440186,1.0755286163118947,-0.03208061680197716
10200,1.6025189515834677,0.34759873743008957,0.2531653546034043,0.7438976755829858,-0.19362335514845425,2.643064089580634,-0.24038244990545227,-0.17655887738220988,0.7650832757830761,0.8045344453577427,0.2735897341425127,0.6956873054515728,-0.16105858873769077,0.8179860079963431,0.6734437532391779,0.33292806104778827,0.18270792887541243,0.07249081109776194,0.17895340264964255,0.4963899495679722,-0.20415489073304127,-0.08896461129461958,1.0227417588409977,0.5956457328821213,1.271707049381552,0.47470896513589755,0.033449660814420225,0.8656245016988882,-0.15517669027995962,-0.39869854371536606,0.5732524029661452,-0.3927841254507118,4.46807701594315,0.17940310140883797,0.2653816253032632,0.19645883873271563,-0.016274593770503998,0.05858809873461723,-0.006406321190297604,-0.04063813388347626,-0.0018871165812015533,-0.002707904204726219,-0.012457583099603653,-0.00972740724682808,-0.002189978491514921,-0.01717829331755638,-0.06363482773303986,-0.0375286340713501,0.0012434246018528938,-0.02972659468650818,0.0036596995778381824,0.002412683330476284,3.0617236993729597,-0.01859944313764572,-0.021060574799776077,0.08774293959140778,0.02246377244591713,-0.005536675453186035,1.0,0.014348935335874557,-0.0076897479593753815,-0.03086673840880394,1.0,36351.2532964071,-0.04346148297190666,-0.01814897544682026,0.000792926934082061,0.16473516821861267,0.10478853434324265,-0.017312292009592056,-0.053583115339279175,-0.0636005699634552,-0.028188513591885567,-0.005373874679207802,0.1449570506811142,0.34842050075531006,1.5823015599408072,-0.013828273862600327,-0.001024690456688404,-0.04270479828119278,-0.016264375299215317,-0.01342129334807396,0.07676581293344498,-0.011691073887050152,-0.20548737049102783,1.3320331764598345,-0.0005114850355312228,1.0,-0.008793722838163376,1.0,0.3198217451572418,-0.00938338227570057,0.08424456045031548,-0.027882685884833336,-0.03255532681941986,-0.02884630113840103,-0.052237506955862045,-0.09242508560419083,0.2509087169683759,-0.03675290569663048,-0.014140920713543892,-0.029226694256067276,-0.020793616771697998,-0.009080950170755386,-0.11042538285255432,1.0,0.02,-0.009055965580046177,-0.04816015437245369,0.11486758291721344,1.0,-0.025697220116853714,4.767860296409561,-0.03881630674004555,-0.002748822793364525,-0.0003418494015932083,-0.00030206143856048584,-0.0010543875396251678,-0.0005147606134414673,-0.017823822796344757,0.16477379063144326,-0.011621829122304916,0.2811249429904397,-0.009552930481731892,-0.001334368484094739,1.0,0.04383393004536629,-0.06546226888895035,1.0,1.1542009547363772,-0.005256429314613342,-0.04322165250778198,-0.24531616270542145,-0.05110299587249756,1.5087258033749278,-0.027645792812108994
10300,0.40894329941547536,0.6299273006476288,-0.04150532575236583,-0.3152369686417437,0.07230990087268395,9.414818151144361,-0.07637305957703369,-0.0673520310619116,-0.4335849527503607,2.5412866488508854,0.3981213441628792,-0.6241636643576332,-0.12434118902952304,0.8175340421829886,0.4266537205470581,0.5202122615935566,0.40379581958592703,0.6268902755846759,-0.19211046584195315,-0.11909824835321317,0.5086199569693683,-0.06767723005937192,10.144872558809839,0.23958987831569942,1.4968482642782812,-0.12153043462867875,0.6174825893119761,0.7234551210516338,-0.013470136977619257,-0.15007122536581188,-0.5149284764242124,-0.05722224200699768,2.128827996135257,0.2959413760419296,0.5218976758476279,0.4035570501965742,-0.024873584508895874,0.05583781749010086,-0.06644251197576523,-0.0033834725618362427,0.002698693424463272,-0.0009897444397211075,-0.07433134317398071,-0.0006339475512504578,-0.0007771234959363937,-0.007737685926258564,-0.06912758946418762,-0.014775633811950684,0.001419377513229847,-0.3026769459247589,0.010416395030915737,0.009851251728832722,4.336800140710569,0.06082605570554733,0.00243213027715683,0.08846887946128845,0.01604567840695381,-0.0037987492978572845,1.0,0.07403209805488586,-0.02396395057439804,-0.012310009449720383,1.0,451726.91171508044,-0.06947522610425949,-0.006524180062115192,0.0019257733365520835,0.09376899898052216,0.22372207045555115,-0.00669490359723568,-0.006776332855224609,-0.011715292930603027,-0.1884317398071289,-0.011524495668709278,0.2533617615699768,0.7051584720611572,0.6002914770236996,-0.005577529780566692,-0.027268290519714355,-0.03798501193523407,-0.04284743592143059,0.012881658971309662,0.0542372427880764,-0.006935421843081713,-0.1734846532344818,12.633378296900174,-0.0012184642255306244,1.0,0.05703483894467354,1.0,0.2765742540359497,0.004733296576887369,0.0844875629991293,-0.08108852058649063,-0.18035005033016205,-0.04929060861468315,-0.018430247902870178,-0.5715893507003784,0.30812443808510626,-0.05252514407038689,-0.005353338085114956,-0.009308300912380219,-0.013498827815055847,0.00010284688323736191,-0.0015642940998077393,1.0,0.02,-0.04886825010180473,-0.015433616936206818,0.3342834711074829,1.0,-0.007865965366363525,2.329519335347809,-0.007882528007030487,-0.015516060404479504,0.05743101239204407,-0.025761719793081284,-0.0001549870939925313,0.000840499997138977,-0.005030601751059294,0.25202447222545743,0.06435135006904602,0.6019818138362294,-0.043122973293066025,-0.0011641024611890316,1.0,0.07508950680494308,-0.20445287227630615,1.0,2.9313113918855684,-0.001987054944038391,-0.35148492455482483,-0.03183517977595329,-0.02501862496137619,1.690863739211191,-0.008431834168732166
10400,0.7462809020916147,0.1505258144870195,0.33560274796777023,-0.1503730359196393,0.044454096317036756,5.2049385985802274,-0.02998724072559326,0.16052216266058583,-0.40630950917683367,0.5949260973925159,-0.38210477231110657,-0.5518393699026964,-0.0424500693416653,0.8014361618363272,-0.01758815253617539,-0.25028446507082663,0.040397820873066426,0.5975825533586702,0.09627605151726845,-6.142354836743275e-05,0.512781355273933,0.17903316032453392,0.5527882419758285,-0.030118766211110343,0.33631427967453376,-0.11250990775596127,0.3865863040716633,0.039225906401710746,0.10952286990337065,0.16084047780072208,-0.599419242562138,-0.2577354599136552,1.5674123479031925,0.8652817122981258,-0.02539742582936374,-0.2196552649257723,-0.04095331206917763,0.05785202234983444,-0.0018968726508319378,-0.002500571310520172,-0.004133664071559906,-0.0026358910836279392,-0.1106642335653305,-0.0003421679139137268,-0.0013494679005816579,-0.011679021641612053,-0.00942237675189972,-0.010629609227180481,0.0017920384416356683,-0.16769234836101532,0.0016425605863332748,0.001813011709600687,6.442469340766598,-0.05140084773302078,-0.002347327768802643,0.08912459015846252,0.013849467970430851,-0.0020627914927899837,1.0,0.035593144595623016,0.023761490359902382,-0.009626698680222034,1.0,154009.10364968062,-0.008854404091835022,-0.0022506520617753267,0.0006258819485083222,0.19227159023284912,0.1535920649766922,-6.703753024339676e-05,-0.03485166281461716,-0.011242814362049103,-0.16153499484062195,-0.007295432034879923,0.12203627824783325,0.6187887191772461,0.9252468170582167,-0.004065540619194508,0.020350109785795212,-0.0704231783747673,-0.015593519434332848,-0.018958017230033875,0.1325385719537735,-0.005901636090129614,-0.27116021513938904,0.43270573235174487,-5.865190178155899e-05,1.0,-0.040986254811286926,1.0,0.5719013214111328,-0.006172735244035721,0.08373991772532463,-0.0686885416507721,-0.14355632662773132,-0.03781710937619209,-0.033502109348773956,-0.43523305654525757,0.9767470089517931,-0.05127602815628052,-0.001054639695212245,-0.0003439188003540039,-0.008874225430190563,-0.017360107973217964,-0.09102291613817215,1.0,0.02,-0.004530285019427538,-0.015257596969604492,0.1985049843788147,1.0,-0.021234408020973206,1.7839678457854033,-0.008581350557506084,-0.011858921498060226,-0.05955051630735397,-0.02787267044186592,-0.0028836834244430065,-0.002988182008266449,-0.04045695438981056,0.26319754868745804,-0.04678536206483841,0.2706313838308824,-0.003614173736423254,-0.0006554127903655171,1.0,0.11594685912132263,-0.10672900080680847,1.0,0.5271848038361858,-0.00015169382095336914,-0.3175809681415558,-0.24721509218215942,-0.008122265338897705,0.5887460220107954,-0.03645488619804382
10500,2.2962708027751844,0.28334163464269485,0.01446360779448064,-0.15294004005180312,0.07927003953225431,4.9649894370696845,0.1556003991597199,-0.11365637759201258,0.6514812330160418,0.8011650864317179,0.19684652312411222,0.6968977072563108,0.05299120031002028,-0.06683392650885608,0.75634609848267,0.4211454745075827,-0.07662866174651375,0.30705669097028643,-0.004333594611919681,0.5521503492006954,-0.40125520293882727,-0.1811157435298519,0.38343683186981814,0.5862481037299314,2.384630766475698,-0.06022787486523992,-0.20223946914082577,0.9014405585976959,0.055860691253386566,-0.3175038660431674,-0.13574348316134147,-0.21829183672405678,2.068833614038092,0.25051094655082945,0.149039902567497,0.19149362890165703,-0.018668411299586296,0.06110388785600662,-0.0011558207916095853,-0.009557075798511505,0.005824364721775055,-0.00309887807816267,-0.015098406001925468,0.0019404031336307526,-0.0030154273845255375,-0.02414828911423683,-0.06172776222229004,-0.019367434084415436,0.0010092217708006501,-0.04928404837846756,0.002023187465965748,0.0015691228909417987,2.2900215143680085,-0.0014847945421934128,0.003545749932527542,0.09178829193115234,0.015209345147013664,-0.0020534773357212543,1.0,0.016530541703104973,-0.02381015010178089,-0.004445085301995277,1.0,25073.307943870135,-0.041054047644138336,-0.00783942174166441,0.0006885802140459418,0.31129923462867737,0.1636359691619873,-0.0021211840212345123,-0.045495614409446716,-0.035044699907302856,-0.026562524959445,-0.00747333699837327,0.1046612560749054,0.4557090997695923,2.328089393377227,-0.008520309813320637,-0.029527509585022926,-0.04733181744813919,-0.026478571817278862,-0.014892639592289925,0.10377322882413864,-0.011270019225776196,-0.27602124214172363,0.47224018322569156,-0.0008734297007322311,1.0,-0.007342303171753883,1.0,0.4306104779243469,-0.010182171128690243,0.08424273505806923,-0.027288703247904778,-0.007946301251649857,-0.026200028136372566,-0.04637938737869263,-0.1789480745792389,0.28560124905973383,-0.014705376699566841,-0.01820521056652069,-0.010404706001281738,-0.00038577523082494736,-0.022368431091308594,-0.1592007875442505,1.0,0.02,-0.009567764587700367,-0.02886229008436203,0.2422354817390442,1.0,-0.010244563221931458,2.765154643077264,-0.005833445116877556,-0.003758834209293127,0.0018036281690001488,-0.009944546967744827,-0.0006914063123986125,0.0033723115921020508,-0.01863705925643444,0.2393514635041356,-0.02256426401436329,0.31181130413172503,-0.01602921634912491,-0.0015563376946374774,1.0,0.10288695991039276,-0.054761871695518494,1.0,1.045255533645741,0.0005426555871963501,-0.004828868433833122,-0.1256137639284134,-0.04050825536251068,2.6260382075237105,-0.03563699126243591
10600,1.5339282053097627,0.2925060266592306,-0.04513370713069838,-0.6340796359694266,0.117358026658763,1.93231209647304,0.07978706253999475,0.1301153982952823,-0.31135125448239137,0.5178156979050209,0.47374767912610205,-0.1044893005193813,-0.04495252864000021,0.7132465915617211,0.21276463330050077,0.33406744383960113,0.28537731221422374,0.6680642479404705,-0.0013502239142909565,-0.005845676700201363,0.5246873041692587,0.15081691297620986,1.1425746249802418,0.15016781094434867,0.4820206352017843,-0.19686560384027674,0.5496772841119597,0.7760602396615527,0.03573518508522415,-0.24204243733322528,-0.490242824986572,-0.23422927525163884,6.344522801257021,0.3685822720292412,0.48180476599659766,0.34450649082547596,-0.035803817212581635,0.0626964420080185,-0.0037051194813102484,-0.0148739293217659,-0.0038292407989501953,-0.0328594371676445,-0.043406907469034195,0.0032716505229473114,-0.002361261285841465,-0.014266683720052242,-0.059947669506073,-0.005270682275295258,0.0011926982551813126,-0.05510794743895531,0.0019425575155764818,0.0017533816862851381,1.1279166874907203,-0.028565477579832077,-0.01871757209300995,0.08964735269546509,0.026853512972593307,-0.0029196133837103844,1.0,0.014073356986045837,-0.025201745331287384,0.009056538343429565,1.0,14329.939155689952,-0.03862827271223068,-0.0106602618470788,0.000824972870759666,0.1238413080573082,0.14228273928165436,0.005202416330575943,-0.0578334778547287,-0.01948390156030655,-0.18808509409427643,-0.009353119879961014,0.13032299280166626,0.31599491834640503,1.5456250371364813,-0.0028600466903299093,-0.011155042797327042,-0.06700488924980164,-0.020405646413564682,-0.01112399622797966,0.14750437438488007,-0.006090130656957626,-0.16546635329723358,1.0047647514604254,-0.0011299182660877705,1.0,-0.03491649776697159,1.0,0.1735810935497284,-0.009605328552424908,0.0843438133597374,-0.02554243803024292,-0.1697702258825302,-0.03317597135901451,-0.05061568319797516,-0.5664668679237366,0.4971110097466007,-0.007888507097959518,-0.009459885768592358,0.00014728307723999023,-0.016739796847105026,-0.07720260322093964,-0.11358582973480225,1.0,0.02,-0.0060530053451657295,-0.0221543088555336,0.1168869137763977,1.0,-0.007772594690322876,7.254254168816748,0.005421213805675507,-0.011713722720742226,-0.053300365805625916,-0.12674584984779358,-0.001156655140221119,-0.0024069100618362427,-0.024334929883480072,0.16492223646491766,-0.04308218136429787,0.3618086004816181,-0.0026381404604762793,-0.0010919631458818913,1.0,0.16896355152130127,-0.08836805075407028,1.0,0.3429842088271359,-0.00021250545978546143,-0.5955294966697693,-0.15224885940551758,-0.014691859483718872,0.8226201008802848,-0.03321634605526924
10700,1.337729923433572,0.16396668593623068,-0.2451841181039535,-0.03924373824232903,-0.011117013173001344,1.0041350717973854,0.10939504555925657,0.040501827477944875,-0.4440832270269741,0.3434209047964879,0.25204381001081455,0.22924210051167931,0.06586529857857719,-0.1433438537257136,0.2841812882187175,0.2472030398279745,0.08261335712050785,0.4380354677545071,-0.17902121090328757,-0.2240808342544781,0.44500319841203423,0.510741261270898,0.5779601388009371,-0.4427042893938646,0.5776697685639067,0.5671188266707609,0.009783865179299214,0.27275430484571594,0.0890698623250559,0.1696665099727723,-0.5669933372542031,-0.22629105825730614,1.927404062383984,0.4039013123037705,0.07044498137590734,0.11819127524606322,-0.01014622300863266,0.05959703028202057,-0.0011234532576054335,-0.016627684235572815,-0.004304617643356323,-0.007207052316516638,-0.007461970672011375,0.0003044232726097107,-0.002094159135594964,-0.01616528630256653,-0.0036203190684318542,-0.0015655532479286194,0.0007361299358308315,-0.14806872606277466,0.0010243128053843975,0.0009616361930966377,1.5691223732125716,-0.012492622248828411,-0.025033071637153625,0.0895797461271286,0.014063028618693352,-0.000946241372730583,1.0,0.010044730268418789,-0.04518914595246315,-0.00392269529402256,1.0,77752.14411072926,-0.0025073662400245667,-0.006301430985331535,0.0006357922102324665,0.18070343136787415,0.2220347672700882,-6.267894059419632e-05,-0.034917011857032776,-0.052665457129478455,-0.19178037345409393,-0.009773214347660542,0.1581709086894989,0.37421926856040955,1.4307586814901931,-0.0014929231256246567,-0.03383144363760948,-0.029391830787062645,-0.01885305345058441,-0.00936069618910551,0.18675921857357025,-0.01495401095598936,-0.23530082404613495,0.5003970375121328,-0.0006290806923061609,1.0,-0.028727218508720398,1.0,0.400190144777298,-0.0062394519336521626,0.08415001444518566,-0.03963324800133705,-0.16188380122184753,-0.1262437254190445,-0.02883140742778778,-0.6084136962890625,0.41737961839669224,-0.008508363738656044,-0.0005654741544276476,-0.0548008531332016,-0.007792333140969276,-0.03863978013396263,-0.1439237743616104,1.0,0.02,-0.00907256081700325,-0.02726476639509201,0.1728949248790741,1.0,-0.0001827143132686615,2.7571725014276,-0.004226403310894966,-0.005693795625120401,-0.06767325103282928,-0.05978900194168091,-0.00045465631410479546,-0.0010575205087661743,-0.012736879289150238,0.22352344915270805,-0.043366387486457825,0.27182424680472395,-0.016811147332191467,-9.956827852874994e-05,1.0,0.09321492910385132,-0.3504422605037689,1.0,0.29420459223033624,0.00017645955085754395,-0.5179296731948853,-0.12474998086690903,-0.025646299123764038,0.9617571239111322,-0.03407596796751022
10800,1.6087747303662105,0.28961797595246386,0.3041077680416741,-0.6760796181460408,-0.4895604788171408,1.8781375180166544,-0.17684655396325222,-0.14338302159746447,-0.39821592738460265,0.9243389672660505,-0.5373066446810109,0.07088511199641415,0.339513947105726,0.5039335879806333,-0.2951621092135957,-0.46425314493969744,0.10914579578672512,0.6824336491442651,0.08961733715088069,-0.1647666487646033,0.6898211662429788,0.37772264049894594,0.8195214361020277,-0.4122257076783463,0.6689215550079393,0.35967307743455224,0.5054671273294532,0.7062996340537706,-0.32311869512247043,-0.39115999325755846,-0.5223996298562504,-0.4417947031659891,1.1703381028105178,0.35756668107837086,0.20837052334664197,0.32077635346493283,-0.006606678012758493,0.059364356100559235,-0.012819195166230202,-0.010691769421100616,-0.003983587026596069,-0.003481457941234112,-0.02834969013929367,-0.054142728447914124,-0.0004899093182757497,-0.01358119584619999,-0.03495613485574722,-0.0033813640475273132,0.0007494903402402997,-0.05550125986337662,0.0029906569980084896,0.0010635254438966513,1.8497394830063414,-0.013484455645084381,-0.013853602111339569,0.08817160874605179,0.012976796366274357,-0.011165023781359196,1.0,0.012383366003632545,-0.024960948154330254,-0.01981370896100998,1.0,23302.192699390205,-0.021306388080120087,0.00137272197753191,0.0007442652713507414,0.2830078601837158,0.06185080111026764,-0.007110315375030041,-0.05931171029806137,-0.04956112056970596,-0.2095409780740738,-0.011716878972947598,0.14137527346611023,0.7240685820579529,1.575353115904874,-0.004566550254821777,-0.007597902789711952,-0.04317057877779007,-0.025454629212617874,-0.010531984269618988,0.05601273849606514,-0.012398427352309227,-0.1466568112373352,0.7974236388406991,-0.001534273731522262,1.0,-0.017165036872029305,1.0,0.46291160583496094,-0.02022453024983406,0.08297748677432537,-0.0264730267226696,-0.18179650604724884,-0.058721873909235,-0.0485726073384285,-0.6791546940803528,0.40415046143484906,-0.007949999533593655,-0.010396338999271393,-0.04204209893941879,-0.00026374589651823044,-0.012775696814060211,-0.118535615503788,1.0,0.02,-0.0025667957961559296,-0.038891494274139404,0.18048621714115143,1.0,0.0016080737113952637,1.1173473611297877,-0.007874169386923313,-0.004605286754667759,-0.11151891201734543,-0.020500730723142624,-0.0024383249692618847,-0.001373283565044403,-0.03674560412764549,0.24343513417989016,-0.08677313476800919,0.3702404446276763,-0.020547600463032722,-0.0016382456524297595,1.0,0.03776799514889717,-0.20117539167404175,1.0,0.9650803716950762,-0.042472951114177704,-0.56786048412323,-0.266072154045105,-0.04005425423383713,0.9791945639956185,-0.020711569115519524
10900,2.276170591845079,0.6605182429571693,0.16867877585279697,0.755998191070725,-0.34143971849344057,0.6661471582231303,-0.15141496630658957,-0.24903763844977556,0.7206159084135406,0.4936685428805779,0.17873251239498217,0.7155221183834826,-0.13494816326580084,0.7651293501592217,0.6463171573095858,0.3335401204988194,-0.073461969766415,-0.13411694281824105,0.10688754286107516,0.44653111845212323,-0.4874258571986001,-0.3194365194639221,1.286274421335998,0.4757949360669411,1.7823432065859546,0.5165434809143878,0.2605907211500237,0.8617909096907896,-0.3512280339626802,-0.3491685096335663,0.5948433486018387,-0.22808546323521336,0.45178089133751853,0.2788197230745988,-0.006628543598129616,-0.2727545278041709,-0.017703985795378685,0.06067479029297829,-0.00735892541706562,-0.027840889990329742,-0.0042564161121845245,-0.010256785899400711,-0.029099125415086746,-0.04177270457148552,-0.0017818259075284004,-0.02374797686934471,-0.059186287224292755,-0.02873196452856064,0.0009437673725187778,-0.0203083585947752,0.001340084127150476,0.003108024364337325,2.2779795538569,-0.022792257368564606,-0.010948162525892258,0.08875372260808945,0.013227362185716629,-0.004545353818684816,1.0,0.0043069105595350266,-0.02610728144645691,-0.009607305750250816,1.0,34482.987898547326,-0.03513399139046669,-0.013674138113856316,0.0013291486538946629,0.13397681713104248,0.17414003610610962,-0.005722377449274063,-0.048128701746463776,-0.039142586290836334,-0.01898202672600746,-0.008988311514258385,0.21642878651618958,0.30205976963043213,2.36409086428827,-0.012995066121220589,-0.014585278928279877,-0.057253479957580566,-0.013596780598163605,-0.01412811130285263,0.13328438997268677,-0.005553769879043102,-0.04426495358347893,1.7879277770580586,-0.0011634472757577896,1.0,-0.0344814658164978,1.0,0.3454955220222473,-0.0106935640797019,0.08402922190725803,-0.018895326182246208,-0.03603999689221382,-0.02239803969860077,-0.04363000765442848,-0.09232766926288605,0.32249161586985914,-0.015426602214574814,-0.01719386875629425,-0.008819486945867538,-0.004039693623781204,-0.047678448259830475,-0.1313496232032776,1.0,0.02,-0.003977346234023571,-0.026115763932466507,0.20951469242572784,1.0,-0.01896166428923607,0.5660751408035976,-0.02503126487135887,-0.005232163239270449,-0.007338784635066986,-0.056349437683820724,-0.0005637900903820992,-0.002791397273540497,-0.008583327755331993,0.19893876742571592,-0.03912796825170517,0.5277035387326402,-0.026350051164627075,-0.001372012309730053,1.0,0.07661012560129166,-0.05557519942522049,1.0,0.7397711389136736,-0.039649076759815216,-0.02706674113869667,-0.10520587116479874,-0.03321468085050583,2.1608518364447593,-0.023574674502015114
11000,1.2381567802993125,0.7267078596535507,-0.15703091615326284,-0.619911413378057,-0.20079783678447694,2.7249580623326946,0.2082289745430831,0.14981703905683477,-0.6896751369664147,0.29812499507233153,0.27408792322505793,-0.5736121014678248,0.10264480273990632,0.8104269837297711,0.5284624968204542,0.43861327778927833,0.018475837027070056,0.36587774294820835,-0.08295901565980196,-0.23183344042995357,-0.5256939799332141,0.154980502842807,3.479164654447015,0.5446478675235537,0.5678222214165723,-0.16246601231447394,-0.1544383992026572,0.8277436546479412,-0.1445665725886165,-0.3902275322272767,-0.45414389732315835,-0.3718679088853545,3.55687548555966,0.3410728694097789,-0.19339696571924986,-0.19904207069168106,-0.028968272730708122,0.05802134424448013,0.00229920307174325,-0.010924577713012695,-0.0034694336354732513,-0.011776264756917953,-9.780377149581909e-05,-0.00953434407711029,-0.001050631864927709,-0.01648678071796894,-0.05719207227230072,-0.027932651340961456,0.0008683553896844387,-0.14371643960475922,0.001605106983333826,0.005375904496759176,0.3485246831517744,-0.01422538235783577,-0.013242103159427643,0.08977068960666656,0.018658071756362915,-7.487810216844082e-05,1.0,0.01893409714102745,-0.037321317940950394,-0.022844642400741577,1.0,53402.26741716551,-0.042332299053668976,-0.004992780741304159,0.0021174519788473845,0.2195732593536377,0.1738002598285675,-0.008775468915700912,-0.059094756841659546,-0.07201625406742096,-0.16323429346084595,-0.00846792757511139,0.2039375603199005,0.5415680408477783,1.3336199886678366,-0.010130351409316063,-0.02651873230934143,-0.029230428859591484,-0.03638512268662453,-0.0075994860380887985,0.12403421103954315,-0.01901407167315483,-0.20767855644226074,2.9343259862242084,-0.0022067716345191,1.0,-0.04514933004975319,1.0,0.4686696231365204,-0.0105716772377491,0.08392542414367199,-0.04894695058465004,-0.0473872534930706,-0.07539376616477966,-0.055262498557567596,-0.46910038590431213,0.41108049846826056,-0.04746607691049576,-0.009040312841534615,-0.038871586322784424,0.003209414891898632,-0.03545399755239487,-0.10138973593711853,1.0,0.02,-0.008857961744070053,-0.025255925953388214,0.1506100296974182,1.0,-0.038512080907821655,4.046116180645976,0.001806836575269699,-0.006489879917353392,-0.012038169428706169,-0.04368261992931366,-0.0018171954434365034,-0.007070943713188171,-0.029396269470453262,0.25272320955991745,-0.03529041260480881,0.6994561515105165,-0.006021530833095312,-0.0017744777724146843,1.0,0.13959269225597382,-0.22416259348392487,1.0,0.3727934419276023,-0.004139140248298645,-0.06404107809066772,-0.16600653529167175,-0.02279166877269745,0.9447412783229048,-0.03193041309714317
11100,0.5818407534690436,0.4028186318944484,-0.3609632017387252,-0.6173817886932857,0.14991753924905812,6.747681399671811,0.07675361726854037,0.19137705788166515,-0.6894769490757037,0.5249933089133072,0.3649303875197991,-0.3917406706031221,0.07085260104431333,0.7563853505175161,0.12912467793950616,0.43583642968600333,0.07269125849691796,0.8084955496963737,-0.1252708875335806,-0.012154246096380397,0.2548285954518571,0.31740131897484036,1.170964051621242,0.15740919093590275,0.4705537348747645,-0.03943878263713768,0.47797171105940706,0.5933692149325822,0.12082316687951246,-0.010301459107726318,-0.41151013241313694,-0.00942296623353428,1.144777264588188,0.30326804652999345,0.5127291000732932,0.40983914733173415,-0.011533024720847607,0.058363959193229675,-0.003229789901524782,-0.007585473358631134,0.0034854114055633545,-0.0032866853289306164,-0.1216299831867218,-0.001880735158920288,-0.0012970735551789403,-0.013111647218465805,-0.014603905379772186,-0.009908914566040039,0.0007478495826944709,-0.2914928197860718,0.0034261983819305897,0.0012378697283565998,2.8630135314643095,-0.014655794948339462,-0.005838051438331604,0.08937031030654907,0.012783821672201157,-0.001553041860461235,1.0,0.033104341477155685,-0.03317548707127571,-0.014538297429680824,1.0,152013.05886958278,-0.01780950278043747,-0.008522259071469307,0.0009691363666206598,0.13497686386108398,0.26782649755477905,-0.002299549989402294,-0.004167124629020691,0.0004669949412345886,-0.20025676488876343,-0.008514929562807083,0.20195221900939941,0.4436056613922119,0.8858572923917081,-0.003764260094612837,-0.023779161274433136,-0.045359302312135696,-0.009181689471006393,0.004509251564741135,0.18756836652755737,-0.0014353657606989145,-0.1619918793439865,1.1167661137510687,-0.0009334414498880506,1.0,-0.002748720347881317,1.0,0.43299540877342224,0.0025610122829675674,0.0841421615332365,-0.07307692617177963,-0.1943340003490448,-0.12880092859268188,-0.007522903382778168,-0.5885149836540222,0.3918808043456073,-0.018859051167964935,0.0014660321176052094,0.0008101910352706909,-0.008401699364185333,-0.014738388359546661,-0.12273655831813812,1.0,0.02,-0.02183465100824833,-0.022394083440303802,0.16344864666461945,1.0,-0.009762659668922424,1.7081955377762608,-0.00353451631963253,-0.03313977271318436,-0.012984592467546463,-0.01359385997056961,-0.00044132594484835863,9.313970804214478e-05,-0.021056989207863808,0.2547453586012125,-0.015285644680261612,0.4363862297254191,-0.01402333751320839,-0.0005146282492205501,1.0,0.2055892050266266,-0.392103374004364,1.0,0.4875270019328175,-0.001840256154537201,-0.45340824127197266,-0.11396706849336624,-0.029469646513462067,0.8404470828701174,-0.03300059586763382
11200,1.5782942246966207,0.16343138761082804,0.07955473751953475,-0.18736576886322293,-0.26999088669604465,2.009347553636297,-0.11004791503292165,0.26125498245487977,0.284459147456262,0.5612183575315977,0.1232083513302707,0.3335447073999159,0.08688951455244578,0.12222539964914372,-0.13567659881559824,0.17470793555899497,0.22214336139066387,0.6604025750513113,0.09916894726680775,0.05132963048879298,0.5143622215155113,0.26470360382859637,0.14948967116400097,-0.029643497447825053,1.3508048176199943,0.08875948560811332,0.3910285561905604,0.893078515976474,-0.2537601471459333,-0.28165685611024516,-0.0816936685894056,-0.14579426774075738,2.9429833858563144,0.6083207397905771,0.5133925508551926,0.34452414283288196,-0.032135676592588425,0.05728086829185486,-0.005356991663575172,-0.025822453200817108,-0.005043640732765198,-0.003736428916454315,-0.08135832846164703,-0.014933019876480103,-0.0018312226748093963,-0.020817721262574196,-0.06078759580850601,-0.004376508295536041,0.0012346195289865136,-0.06139397993683815,0.0024580752942711115,0.0011556500103324652,1.813988265146936,-0.015861254185438156,-0.012301594018936157,0.08970292657613754,0.015463586896657944,-0.005647098645567894,1.0,0.0072538526728749275,-0.014783787541091442,-0.02594848722219467,1.0,50625.28459486456,-0.04589611291885376,-0.018170632421970367,0.0006556666921824217,0.16890601813793182,0.15207181870937347,-0.01359534077346325,-0.043465785682201385,-0.0006356611847877502,-0.006956823170185089,-0.005553676746785641,0.24651260673999786,0.35318470001220703,1.7868772557682027,-0.014184098690748215,-0.007511339150369167,-0.04745268449187279,-0.00659263227134943,-0.014233171008527279,0.1117657721042633,-0.002169619780033827,-0.2202518880367279,0.43726517939906634,-0.005889414809644222,1.0,-0.008408865891397,1.0,0.5025630593299866,-0.01587444730103016,0.08405493572354317,-0.02971404790878296,-0.035103630274534225,-0.03220473229885101,-0.04441545903682709,-0.022739144042134285,0.599570150336372,-0.017387639731168747,-0.021682994440197945,0.001277230679988861,-0.007368415594100952,-0.02245529368519783,-0.13437801599502563,1.0,0.02,-0.0030760853551328182,-0.008848309516906738,0.1888466477394104,1.0,-0.0021047070622444153,3.177142754393709,-0.026335585862398148,-0.010910306125879288,-0.05679861083626747,-0.03554807975888252,-0.0007090757135301828,-0.005000494420528412,-0.007449496537446976,0.23035732470452785,-0.004494787193834782,0.19239836239630315,-0.017235176637768745,-0.0019149015424773097,1.0,0.11900797486305237,-0.07854960858821869,1.0,0.36729714258305646,-0.011759527027606964,-0.05519740283489227,-0.12089268118143082,-0.01497109979391098,1.7353537759619575,-0.02115725539624691
11300,3.790761741392597,1.220940893558467,0.1686954304995562,0.7143102468587939,0.13723991222388332,1.6906815078646251,0.2130472001603295,0.08654950470010558,0.6923958318034402,1.1752244717522438,0.055547491718719186,0.7116545847001279,0.14480405246063777,0.7840320356365066,0.7272669661925463,-0.06780891570445402,0.0751641286610109,0.394861355627356,0.13196348645769065,0.4764951129503334,0.13652573107251045,0.0817505197856189,1.5829107137739007,0.5456439696306784,3.13778491505344,0.5535183680095923,0.01628951355554546,0.8821017054571969,0.10710185710397689,0.09685595907119862,0.5804965268859235,0.07494587279072419,3.0438153115395434,0.3872270146490201,0.41944869286658837,0.3111123572746516,-0.016731021925807,0.07121941447257996,0.0022060098126530647,-0.012191936373710632,0.010856963694095612,-0.005528882145881653,-0.009943438693881035,0.007618933916091919,-0.00045021972618997097,-0.003262557089328766,-0.044531047344207764,-0.010730981826782227,0.001759234583005309,-0.018248382955789566,0.0031338976696133614,0.003951678983867168,0.6519999384868091,-0.006271233782172203,0.006530150771141052,0.0952972024679184,0.016346929594874382,0.0018866416066884995,1.0,0.007444468326866627,-0.014064631424844265,-0.0001995079219341278,1.0,115602.49057186295,-0.014861702919006348,-0.007311176508665085,0.003132611745968461,0.22502422332763672,0.20058020949363708,0.000833156518638134,-0.029434174299240112,-0.02309677004814148,-0.016595862805843353,-0.0018062542658299208,0.21684496104717255,0.4953075647354126,3.786189101831867,-0.0035209464840590954,-0.01331451814621687,-0.036583904176950455,-0.010627476498484612,-0.0013720672577619553,0.04887029528617859,-0.0014003391843289137,-0.22273313999176025,1.8897028166339802,0.0008433999610133469,1.0,-0.03678726777434349,1.0,0.38742852210998535,-0.0055941203609108925,0.08393272012472153,-0.010549943894147873,-0.028011247515678406,-0.010758407413959503,-0.016878798604011536,-0.12816517055034637,0.34273572301783,-0.001705331727862358,-0.012633739970624447,0.006077319383621216,0.002251921221613884,-0.017123285681009293,-0.029905598610639572,1.0,0.02,-0.007939128205180168,-0.007695496082305908,0.32847726345062256,1.0,0.0013859570026397705,3.9338746800783593,-0.003417881205677986,-0.0016818433068692684,-0.007413317449390888,-0.02430560253560543,0.00069437175989151,-0.0059264302253723145,-0.0004327550996094942,0.25174838304519653,-0.027274135500192642,1.1586754041147564,-0.002308160997927189,0.0004086705157533288,1.0,0.11145402491092682,-0.025959700345993042,1.0,1.4078703410139775,0.0035970062017440796,-0.025074906647205353,-0.011066547594964504,-0.006730802357196808,3.35896701822757,-0.03925451636314392
11400,1.0971612324169082,0.5585900321259,0.10772906800886982,0.6383596258411023,-0.5823537713981184,1.7387498631497798,-0.4320632392600434,-0.25986076593655066,0.7360048862249833,0.19822150388520896,0.18400510981924742,0.7446023174922833,-0.27234355880462824,0.7440840395754673,0.8750087254611915,0.38466477502547514,0.12584626744636634,-0.6822817535434713,0.08061596562117702,0.535778538686021,-0.2387311787244141,-0.08336272065554455,1.1975086715529901,0.7235631345757325,1.1751817482748974,0.4799581258976473,0.41286387016765763,0.896565611420703,-0.6453698385648668,-0.33047055779864376,0.5116445205034642,-0.3104160365449019,0.4285296638545004,0.4517819872089915,0.11022578355757734,-0.17497207404441087,-0.037558019161224365,0.057539720088243484,-0.009277889505028725,-0.03755746781826019,-0.00452766939997673,-0.011683803051710129,-0.008692702278494835,-0.03568163886666298,-0.002677892567589879,-0.01626642793416977,-0.07786689698696136,-0.041574880480766296,0.0009127450175583363,-0.02223380282521248,0.0009474145481362939,0.0028036797884851694,0.9955512666619862,-0.014819817617535591,-0.0238528810441494,0.09019701182842255,0.0115817841142416,-0.005412768106907606,1.0,0.026731694117188454,-0.0074653346091508865,-0.01218893937766552,1.0,64445.65981775228,-0.062200065702199936,-0.020436828956007957,0.0010633842321112752,0.2319328784942627,0.19418850541114807,-0.006804224103689194,-0.05551093816757202,-0.07189704477787018,-0.03054990991950035,-0.009436331689357758,0.13347111642360687,0.4668572247028351,1.2125409420022588,-0.015555095858871937,-0.0017871633172035217,-0.03546718508005142,-0.01339491456747055,-0.014259209856390953,0.06404168903827667,-0.007777214050292969,-0.08056896924972534,1.2821272830145076,-0.0018026982434093952,1.0,-0.027700277045369148,1.0,0.41581404209136963,-0.012341328896582127,0.0841637160629034,-0.021795624867081642,-0.037389952689409256,-0.0232697743922472,-0.05695995315909386,-0.1075521856546402,0.5274767434365207,-0.04682106524705887,-0.02101854793727398,-0.043064530938863754,-0.008925214409828186,-0.029080023989081383,-0.10617423802614212,1.0,0.02,-0.0069850352592766285,-0.01759174093604088,0.2059336006641388,1.0,-0.040432434529066086,0.6363014567118946,-0.023764321580529213,-0.0027463920414447784,-0.0019886530935764313,-0.06690170615911484,-0.002231077291071415,-0.002599284052848816,-0.010695118457078934,0.2221861369907856,-0.018714142963290215,0.5303017368147479,-0.007771315053105354,-0.0029177400283515453,1.0,0.06525003910064697,-0.029543589800596237,1.0,0.2722588569690658,-0.0407036691904068,-0.039974432438611984,-0.09149149060249329,-0.018325433135032654,1.4485530071135317,-0.030880236998200417
11500,0.8474344897388486,0.7651024146172347,0.4209853223115009,0.3091665461445915,0.21266084696932713,0.9856503986517463,0.05606114153221994,0.4530464242057074,0.2687262145380268,0.4447920750719809,-0.016647674222369735,0.40787538672815454,0.04960046925748901,0.8013848080997478,0.6725886793345895,-0.02283814946161021,0.3281062438996937,0.482797462477074,0.36706886794179583,0.5028212555363615,0.729216825508658,0.4623189543552533,1.4991316027990023,0.6923780389899858,0.8237418929404583,0.4776378656788133,0.3965306349180275,0.9271588557837754,0.19766416500245293,0.5099218815852742,0.3596298666888075,0.5421109037558819,1.745750307513777,0.44939497735337836,0.33737196562681404,0.017275666785338727,-0.021102435886859894,0.05651199445128441,-0.0009039188735187054,-0.020958907902240753,-0.0020263902842998505,-0.007059244439005852,-0.019830025732517242,0.0017101801931858063,-0.0029082694090902805,-0.010991174727678299,-0.03637878596782684,-0.018932059407234192,0.0007510472205467522,-0.056902121752500534,0.001152504002675414,0.0029608658514916897,2.1064384621826937,-0.009268873371183872,-0.01229437068104744,0.08993357419967651,0.012592066079378128,-0.0011212914250791073,1.0,0.013964311219751835,-0.02539696916937828,-0.006229965016245842,1.0,100154.809771564,-0.019497830420732498,-0.012582208029925823,0.0015469752252101898,0.13172172009944916,0.09748513996601105,-0.0057694558054208755,-0.04651057720184326,-0.039367616176605225,-0.1211988627910614,-0.0034051835536956787,0.19048306345939636,0.48799359798431396,1.0764101625295628,-0.006268186494708061,-0.01934107393026352,-0.025722527876496315,-0.005235487129539251,-0.00890116486698389,0.1704668402671814,-0.005283421371132135,-0.24585004150867462,1.3559930069464932,-0.0010856089647859335,1.0,-0.036411963403224945,1.0,0.4610048830509186,-0.013058299198746681,0.0860437098890543,-0.007561620324850082,-0.09094706177711487,-0.0020446949638426304,-0.03871553763747215,-0.3252606689929962,0.5483347134554873,-0.026474852114915848,-0.01698247715830803,-0.02678917720913887,-0.011222191154956818,-0.03183801844716072,-0.12760569155216217,1.0,0.02,-0.006988898850977421,-0.01069464161992073,0.1428302377462387,1.0,-0.021176714450120926,2.1574544924061523,-0.010494198650121689,-0.008321725763380527,-0.0321151465177536,-0.05138074979186058,-0.0013246003072708845,-0.0015785694122314453,-0.01258816197514534,0.2314736358821392,-0.0331820510327816,0.8962474364969967,-0.0008865003474056721,-0.0009361099801026285,1.0,0.16980360448360443,-0.02114214561879635,1.0,0.3921174818222867,0.001464754343032837,-0.2024112343788147,-0.18319907784461975,-0.01428249478340149,0.8290550200605449,-0.03838322311639786
11600,1.0710595240368983,0.7091906347605872,-0.1832095337858185,-0.6546653736534302,-0.3988882957324851,0.7954608646637655,0.4102730776823134,0.3827445625174658,-0.6483081997730892,0.10102257572017129,0.11752517783047813,-0.5381646890314156,0.3389317157246191,0.7527315667511421,-0.1561682982626235,0.20604696092304878,0.045112016980712266,-0.11878150879939148,-0.08929373272918421,0.06686978937141692,-0.18954457603003746,0.5142661951615134,0.8195863832301162,-0.25173904061570934,0.4878941561487048,-0.004925916813611353,0.41877999955905226,0.6895925172067451,-0.2565360176892326,-0.2630835648929636,-0.5157724791873655,-0.1902677246283683,0.9974348017499377,0.40020238797484675,-0.19803596966386655,-0.05468503228209374,-0.024685654789209366,0.05916688218712807,-0.005468039773404598,-0.01697050780057907,-0.006518702954053879,-0.007895155809819698,-0.07416098564863205,-0.04002208635210991,-0.0018065748736262321,-0.02118643932044506,-0.03981883078813553,-0.024833522737026215,0.0007873328868299723,-0.05190988630056381,0.0011522275162860751,0.0017329883994534612,0.9340191497058343,-0.04133506864309311,-0.011601578444242477,0.08910844475030899,0.012589392252266407,-0.004757042974233627,1.0,0.009839951992034912,-0.030073292553424835,-0.01892031356692314,1.0,9692.73386990731,-0.031425606459379196,-0.010562802664935589,0.0016833823174238205,0.36407554149627686,0.13776740431785583,-0.0041976673528552055,-0.04380745440721512,-0.025735661387443542,-0.15810783207416534,-0.0022534863092005253,0.2885572910308838,0.6186041831970215,1.0280063213333648,-0.00911050196737051,-0.016637388616800308,-0.08285032957792282,-0.024089431390166283,-0.01547197625041008,0.16817015409469604,-0.009333553723990917,-0.13409321010112762,0.7262564990725132,-0.001389210345223546,1.0,-0.014394842088222504,1.0,0.5532816052436829,-0.008930014446377754,0.08428188972175121,-0.028898810967803,-0.048991404473781586,-0.03517192602157593,-0.04176187142729759,-0.40868085622787476,0.44527784784945235,-0.01384900975972414,-0.005385898053646088,-0.005748290568590164,-0.0034584449604153633,-0.0507567934691906,-0.1467202752828598,1.0,0.02,-0.00379882357083261,-0.013084586709737778,0.24982503056526184,1.0,-0.03380207344889641,0.9421225101308786,-0.008789523504674435,-0.01022597961127758,-0.020147457718849182,-0.05816032364964485,-0.0006398996338248253,-0.003305487334728241,-0.0069472771137952805,0.31753114238381386,-0.03620249032974243,0.7734963661279889,-0.011399652808904648,-0.0008989273337647319,1.0,0.15996792912483215,-0.06721964478492737,1.0,0.13554399279273907,-0.03242630511522293,-0.07404658198356628,-0.06683627516031265,-0.016531936824321747,0.7593657739721141,-0.019445549696683884
11700,2.834678164337364,0.4387603433784303,0.12190942610574265,0.20980458725816878,-0.4684165401644619,1.7558967558431797,-0.30223045972982526,-0.2205937778839679,0.6740414247073335,0.4855093026220203,0.12772861591739565,0.6557351680033686,0.12287475291481674,0.4200688743907477,0.7177985456085073,0.18754461908067255,0.10243302819629463,-0.47316147837810507,0.09503693383686715,0.4147279225911839,-0.04696114975223474,-0.23958586658952197,0.21951511290895978,0.5856361377928287,1.4688710852505067,-0.09713581552951672,0.15190833743007665,0.8616420802085609,-0.5645245228192708,-0.2130169212110539,0.08542408836118015,-0.0928557884250366,0.4853753225825767,0.5388387201316569,-0.013356894775800966,-0.11066202209539143,-0.03496112674474716,0.06709679961204529,-0.012075092643499374,-0.026029393076896667,-0.0049822330474853516,-0.011527983471751213,-0.006475389935076237,-0.07474502921104431,-0.005999478045850992,-0.020034469664096832,-0.06736333668231964,-0.02243635058403015,0.001215995755046606,-0.03877081349492073,0.0014684803318232298,0.0008429031586274505,3.16961287360992,-0.0228753462433815,0.001554921269416809,0.08941961824893951,0.01221765112131834,-0.009488822892308235,1.0,0.01171491015702486,-0.013064942322671413,-0.010461044497787952,1.0,65294.874788173205,-0.03125721961259842,-0.01829136535525322,0.0009503457695245743,0.11037394404411316,0.4836445450782776,-0.006859296001493931,-0.05297541618347168,-0.052644044160842896,-0.009864870458841324,-0.007865309715270996,0.3631035387516022,0.6940938234329224,2.546000466612279,-0.00983664020895958,-0.006619180552661419,-0.032174888998270035,-0.023590445518493652,-0.017261497676372528,0.054599396884441376,-0.009624412283301353,-0.0166047140955925,0.3518192153983611,-0.0019028643146157265,1.0,-0.02425277605652809,1.0,0.318503737449646,-0.009666411206126213,0.08651765249669552,-0.019299352541565895,-0.0397404208779335,-0.021726278588175774,-0.03358117491006851,-0.031882286071777344,0.5465669334349833,-0.033018309623003006,-0.016084948554635048,-0.012209407985210419,-0.009820380248129368,-0.03778174892067909,-0.12244986742734909,1.0,0.02,-0.0026504001580178738,-0.010627180337905884,0.34219473600387573,1.0,-0.005487099289894104,0.5307260163612452,-0.03009328618645668,-0.0026106233708560467,-0.005110449157655239,-0.048381950706243515,-0.0002915654331445694,-0.0026280581951141357,-0.01326909102499485,0.30740848183631897,-0.01802850514650345,0.37318841529793,-0.014438449405133724,-0.0013642818666994572,1.0,0.09275413304567337,-0.061535175889730453,1.0,0.6860268842465322,-0.06904278695583344,-0.06464069336652756,-0.1502763330936432,-0.01242818683385849,1.7267667108882703,-0.019941672682762146
11800,1.0589443826461686,0.9647684042051524,-0.05648044316882176,0.7119033473480412,-0.19509333786915406,1.3862006525929875,-0.02605678780345389,-0.33419022505227436,0.6752712042570639,0.19790877757971725,-0.016730855799863824,0.6932934222918101,-0.05568390801758277,0.7784744540023443,0.7569620870562509,-0.10475590225810097,-0.04779150278300056,-0.4051576886911624,-0.11736041801763482,0.448512702485069,-0.4294713549391374,-0.4923755792836295,0.7263905953280436,0.6142995108629488,1.247794298526539,0.4305124269350806,0.2883661700778198,0.8980541711170733,-0.2396730907375524,-0.46653582194609755,0.6112702138922681,-0.3151903253731987,0.6442578695670502,0.25472152093518025,0.0712230525877749,0.25296076378841187,-0.008664318360388279,0.05499061197042465,-0.0016798905562609434,-0.04058769345283508,0.0007970482110977173,-0.0026856428012251854,-0.006400531157851219,-0.011950209736824036,-0.003637192538008094,-0.019183458760380745,-0.07117164134979248,-0.030029192566871643,0.0006371422205120325,-0.12335743755102158,0.000841531902551651,0.001906788907945156,0.3940215376823458,-0.01386081799864769,-0.02609138935804367,0.08924087882041931,0.011705884709954262,-0.0011016558855772018,1.0,0.005914533510804176,-0.01845751889050007,-0.0059358831495046616,1.0,10917.708615095147,-0.05912332981824875,-0.021399635821580887,0.0026026740670204163,0.1286809742450714,0.22192612290382385,-0.005140451714396477,-0.03751261532306671,-0.06620186567306519,-0.01303950697183609,-0.012875797227025032,0.17973937094211578,0.60373854637146,1.0641432823364325,-0.01118132658302784,-0.04129037261009216,-0.03298327699303627,-0.014261596836149693,-0.012457313016057014,0.11797367036342621,-0.004722842946648598,-0.1626577526330948,0.9637955007496535,-0.0009818769758567214,1.0,-0.042631372809410095,1.0,0.6898059844970703,-0.006912552285939455,0.08403484709560871,-0.028803054243326187,-0.030119948089122772,-0.016252651810646057,-0.04219789057970047,-0.047705505043268204,0.3345902344129112,-0.0076219066977500916,-0.017982764169573784,-0.0430133119225502,-0.006915712729096413,-0.008804325945675373,-0.0011789007112383842,1.0,0.02,-0.010242260992527008,-0.02338024228811264,0.18828284740447998,1.0,-0.030536852777004242,0.9299612345360161,-0.01635042391717434,-0.003774705110117793,-0.005579400807619095,-0.024801703169941902,-0.0006340811960399151,-0.0006453320384025574,0.0005307982210069895,0.2762530446052551,-0.013134660199284554,0.9293296451153075,-0.023794803768396378,-0.001760193845257163,1.0,0.0798768401145935,-0.041217464953660965,1.0,0.27947064658266163,-0.013798989355564117,-0.03602267801761627,-0.0006427601911127567,-0.03366444259881973,1.4204570980254305,-0.0420578233897686
11900,0.5738054461309114,0.44670667281040544,0.16423782017974203,0.32934301659591575,0.07588254955283905,2.2454419933393566,-0.2251940023163016,-0.048969583458023005,-0.2003555869226854,0.5196059019985881,0.3466087911624557,-0.013404604672768758,-0.06678358438162214,0.6652153868760162,0.5310455102927888,0.4987843666824616,0.25624276982615846,0.45303262613293616,0.18501542552991115,-0.2988506166368453,0.1898209875187537,0.09586471874087371,1.3826333376634483,0.375479593793575,1.1345407152855604,0.030179812215735145,0.4790127959165315,0.8938514484208795,0.20922353236972757,0.281268565576868,0.41631360510920096,0.2260182096785665,2.6975314950388958,0.6447802987343338,0.2748693493588368,0.47462347716385167,-0.03784971311688423,0.056826189160346985,-0.012384944595396519,-0.0028116554021835327,-0.003429017961025238,0.0001890833955258131,-0.04460306465625763,-0.0036798901855945587,-0.00038689514622092247,-0.013478890992701054,-0.04731220006942749,-0.039497554302215576,0.0021669049747288227,-0.008760078810155392,0.0021885698661208153,0.0014562541618943214,1.7445848107349125,-0.017601773142814636,-0.007078737020492554,0.09437093138694763,0.015684708952903748,-0.004626035690307617,1.0,0.016884416341781616,-0.014744900166988373,-0.00759129598736763,1.0,25482.720208420506,-0.04204484820365906,-0.0032418472692370415,0.0010207497980445623,0.17314234375953674,0.1343667060136795,-0.006511963903903961,-0.028932027518749237,-0.014464989304542542,-0.16348473727703094,-0.006121672689914703,0.22462940216064453,0.49627766013145447,0.8452902319306025,-0.028504058718681335,-0.01475120335817337,-0.049610503017902374,-0.02165333181619644,-0.010435611009597778,0.1751178801059723,-0.009532159194350243,-0.13182444870471954,1.1598456974512152,-0.011592622846364975,1.0,-0.038552068173885345,1.0,0.4814642667770386,-0.010508577339351177,0.0833930429071188,-0.008807439357042313,-0.03301851078867912,-0.006184435449540615,-0.03278179466724396,-0.4848252534866333,0.5667781309830483,-0.04238604009151459,-0.02052384242415428,-0.011165440082550049,-0.0112357959151268,-0.009657246991991997,-0.1090022474527359,1.0,0.02,-0.013674473389983177,-0.004407517611980438,0.29304349422454834,1.0,-0.029485344886779785,2.0446538491430926,-0.07037316262722015,-0.005903047043830156,-0.0021452270448207855,-0.001217057928442955,-0.001539974706247449,-0.0008011609315872192,-0.008294615894556046,0.26406439393758774,-0.03512129187583923,0.2869753429607404,-0.002135630464181304,-0.0017510573379695415,1.0,0.13447339832782745,-0.008898152969777584,1.0,0.42767815484028304,-0.0001993328332901001,-0.03978373110294342,-0.10501016676425934,0.00015687942504882812,1.1078674380042348,-0.05483068898320198
12000,0.7156124793688596,0.2556108041649509,0.37402878915607796,-0.05070114918505109,0.1844244458866507,4.644863942127152,0.1016008547506902,0.012288224923335107,-0.5123526712242559,0.3141557080651199,-0.30093004603055035,-0.08492306855703709,0.20621398855478293,0.4906934842927122,0.23829091422755944,0.00029368645185959275,0.0841608106057506,0.3688880221241825,0.26871309470661586,0.21975741317611772,0.4622171600304479,0.25744033475489214,0.42782912684804364,0.632864863701441,0.6254185741711308,0.6101838543518114,-0.0063227992742826596,0.7050198443053215,0.025893987224745278,0.1295009102835756,0.3702639924564402,0.3883669368212338,1.032072246983095,0.4237401573085875,0.19700464413864116,0.23687597303460958,-0.028741274029016495,0.05526120588183403,-0.0021171928383409977,-0.005419082939624786,-0.003468334674835205,-0.0032049028668552637,-0.024608179926872253,-0.007658082991838455,-0.0032796349842101336,-0.012691859155893326,-0.0044516026973724365,-0.009111978113651276,0.0009748113807290792,-0.10756684094667435,0.001233062008395791,0.0010251374915242195,3.8828333472169105,0.0015723798424005508,-3.1929463148117065e-05,0.09060515463352203,0.013233263045549393,-0.004298720974475145,1.0,0.025893693789839745,-0.0018324162811040878,-0.007228780537843704,1.0,64573.807219194074,-0.009079042822122574,-0.003822584403678775,0.0007683304138481617,0.226252943277359,0.12271469831466675,-0.002566847950220108,-0.03379850089550018,-0.058814093470573425,-0.1906067132949829,-0.007703546900302172,0.0703996866941452,0.40154239535331726,1.016627860306028,-0.0017518301028758287,0.008935220539569855,-0.04851042479276657,-0.024854116141796112,-0.015202624723315239,0.0719737559556961,-0.01108531467616558,-0.18230366706848145,0.3763098052105937,-0.0030905429739505053,1.0,0.012188045307993889,1.0,0.5192633867263794,-0.009359996765851974,0.08419549837708473,-0.027894945815205574,-0.1955835521221161,-0.040644194930791855,-0.02769235149025917,-0.4597971439361572,0.4922160817023573,-0.037720467895269394,-0.000461453921161592,-0.03155318275094032,-0.0025307033210992813,-0.017555003985762596,-0.0944933220744133,1.0,0.02,-0.004447529092431068,-0.008781183511018753,0.1764356791973114,1.0,-0.004838090389966965,1.1368977285474573,-0.005027949810028076,-0.005095623433589935,-0.06349224597215652,-0.013982854783535004,-0.001505617517977953,-0.0007383674383163452,-0.016538092866539955,0.20568172167986631,-0.03915237635374069,0.41928494196858856,-0.005636940710246563,-0.00037581752985715866,1.0,0.05687122792005539,-0.15532217919826508,1.0,0.2180005739278002,-0.010531134903430939,-0.42739492654800415,-0.16280001401901245,-0.012966528534889221,0.8843364821994322,-0.020476747304201126
12100,0.4980246937319621,0.23616562491490878,0.29239763081153486,0.6916255886088324,-0.3529910561159889,3.5698577380879546,-0.06679783832243429,0.04590904460063422,-0.11131730149474799,0.41475640199232744,-0.10766324570792914,-4.1007675332539696e-05,-0.15067592116626766,-0.14239193689460955,0.5710727434550064,0.32926142154475074,0.05216895108300478,-0.1836752129710081,0.02869057893153658,0.13198493290551871,0.04451957290085823,0.13030896499870137,0.6547980537015669,0.46630784446798984,0.5437857497638257,0.5047962158097311,0.03755577963342167,0.6446664084126239,-0.23086332108678648,-0.12089814644958372,0.4545193679203593,-0.15110087059378444,0.5767820598931127,0.542256182570168,0.12067221553821768,0.1913316270173719,-0.0391838476061821,0.060623735189437866,-0.0032181518618017435,-0.040227048099040985,-0.007446274161338806,-0.005287996958941221,-0.016921797767281532,-0.02058793604373932,-0.001471335650421679,-0.020337557420134544,-0.057506315410137177,0.0027009323239326477,0.0012117930455133319,-0.07464902102947235,0.0014472093898802996,0.0015813533682376146,4.258143905108189,-0.02942240610718727,-0.02632545679807663,0.09399295598268509,0.011624017730355263,-0.00243179127573967,1.0,0.023150242865085602,0.0017931237816810608,-0.019763993099331856,1.0,15965.690019597994,-0.05270303785800934,-0.016341032460331917,0.0008596403640694916,0.1504126936197281,0.16738373041152954,-0.0032899165526032448,-0.014391236007213593,-0.06734121590852737,-0.02779965102672577,-0.00657200813293457,0.14779958128929138,0.5683063268661499,0.6949746358789587,-0.001076181884855032,0.011482411995530128,-0.04821573570370674,-0.020907515659928322,-0.02038152515888214,0.05870357155799866,-0.012226656079292297,-0.021883076056838036,0.975788508434946,6.657803896814585e-05,1.0,-0.019853293895721436,1.0,0.396182656288147,-0.003217059886083007,0.08308364078402519,-0.035510849207639694,-0.036712806671857834,-0.032294511795043945,-0.01931789517402649,-0.08756033331155777,0.6431571317118302,-0.05480949580669403,-0.007763884961605072,-0.03621658682823181,-0.007341450080275536,-0.028613654896616936,-0.09847258776426315,1.0,0.02,-0.0013738778652623296,-0.007734313607215881,0.2547241449356079,1.0,0.0016152895987033844,0.5775296411106597,-0.0013887044042348862,-0.0025489814579486847,-0.029314182698726654,-0.03763469308614731,-0.001094901585020125,-0.0016847774386405945,-0.01505090668797493,0.22542901523411274,0.0032773632556200027,0.36269975813479033,-0.002954997820779681,-0.0017118033720180392,1.0,0.05991941690444946,-0.06444860994815826,1.0,0.6143034487362742,-0.021634690463542938,-0.06724270433187485,-0.12593762576580048,-0.0056631118059158325,0.9320705702190072,-0.012067066505551338
12200,1.3207754445712663,0.22730069785653131,0.11430160924140362,0.5989310428452388,-0.3233298205820326,4.344178048026733,-0.3500428043626337,-0.21221345043036044,0.6203160706922347,0.45698403128219756,0.1712453053558821,0.6115019515273465,-0.17285662209269734,0.6211114704275834,-0.23640169818997037,0.45505803727103566,0.07845317822062547,0.6295028651694401,0.10814404345196446,-0.19514263664458878,0.5050469321100415,-0.19704776127464746,0.7429291621187522,-0.10852668049081018,1.1230284968841175,-0.20816474626183795,0.3515071800062806,0.8785772153898204,-0.3137124230812509,-0.34563125320363447,0.4964762321133368,-0.1981465077674911,1.3238056969390306,0.44963447675023965,0.2745404610366451,0.18090187335309826,-0.024549804627895355,0.05764114111661911,-0.008193152956664562,-0.030060581862926483,-0.00461655855178833,-0.0037125360686331987,-0.08638559281826019,-0.02304110676050186,-0.002402663929387927,-0.016461918130517006,-0.06791386753320694,-0.008548088371753693,0.0007535137701779604,-0.08170508593320847,0.0014928332529962063,0.0012941481545567513,4.821524710164167,-0.0033376365900039673,-0.017285458743572235,0.09155478328466415,0.01198546215891838,-0.007185362279415131,1.0,0.03317528963088989,0.013661686331033707,-0.01756707765161991,1.0,77872.94030421844,-0.05292748659849167,-0.018691176548600197,0.0007162223337218165,0.2716009318828583,0.2532423436641693,-0.00869552418589592,-0.038417525589466095,-0.006102263927459717,-0.014047856442630291,-0.0073617249727249146,0.14468982815742493,0.43954601883888245,1.4308983109064044,-0.006459107156842947,0.016327524557709694,-0.05177057906985283,-0.012360346503555775,-0.012450024485588074,0.12795038521289825,-0.003604627214372158,-0.20019738376140594,0.9714798557821983,-0.0005717098247259855,1.0,0.00463973730802536,1.0,0.35066360235214233,-0.010674851015210152,0.0841858983039856,-0.031411707401275635,-0.005631431937217712,-0.025689100846648216,-0.03911982476711273,-0.06830254942178726,0.47171897688339415,-0.01558644138276577,-0.020152797922492027,-0.00139559805393219,-0.007875718176364899,-0.013072045519948006,-0.08991390466690063,1.0,0.02,-0.004098815843462944,-0.013428211212158203,0.11672471463680267,1.0,-0.0043073371052742004,1.45043635313277,-0.012649331241846085,-0.010518522933125496,-0.013877812772989273,-0.027822520583868027,-0.0010428432142361999,-0.002618566155433655,-0.01892639324069023,0.22916838340461254,0.01407291553914547,0.24163033266730086,-0.021323319524526596,-0.0022032861597836018,1.0,0.1289292424917221,-0.04718315973877907,1.0,0.352247242515057,-0.020291998982429504,-0.00332621019333601,-0.1560477763414383,-0.019376717507839203,1.394180022080914,-0.019612593576312065
12300,1.1677293815238399,0.4478487115083563,0.38661362403506466,0.35521990437107037,0.021035300160312582,2.311429552012927,0.14876336308191862,-0.3433362026016987,0.3716856418483219,0.23171350425234935,0.14031736047237336,0.6538475328215517,0.05927839449353457,0.5620713075517596,0.10306311568305132,0.2311210210675727,0.15750900259032222,-0.04593173629183012,0.09205186339708556,-0.4081645223242595,0.6019756235163953,-0.26607590536584774,0.1938183406628061,-0.41788034070817986,0.6400625647910779,-0.22392972966174463,-0.15183983249890962,0.4204624644871662,0.09587821351788002,-0.004905697650552623,0.4283655915764184,-0.2004502213525024,1.6757868470501402,0.4229779519039488,0.3386610784494782,-0.14305541339944228,-0.016265179961919785,0.05987443029880524,-0.0009647037368267775,-0.03198343515396118,-0.007216267287731171,-0.003457824233919382,-0.04024317488074303,-0.0031103789806365967,-0.00261983135715127,-0.025177273899316788,-0.007882863283157349,-0.041231751441955566,0.0008863745024427772,-0.10609693825244904,0.0013557551428675652,0.0010364335030317307,3.6025992082972684,-0.009336567483842373,-0.009934946894645691,0.09143808484077454,0.012248300947248936,0.0001367123331874609,1.0,0.009225484915077686,-0.038651417940855026,-0.014160907827317715,1.0,7095.204666129242,-0.007794827222824097,-0.013641394674777985,0.000993192195892334,0.1406053602695465,0.20003679394721985,0.0009619118645787239,-0.024986527860164642,-0.04944373667240143,-0.003675988409668207,-0.008993837051093578,0.09622228145599365,0.3617287278175354,1.4338464083904305,-0.01694285124540329,-0.011780652217566967,-0.021939992904663086,-0.014806302264332771,-0.013624039478600025,0.12259630858898163,-0.007849923335015774,-0.2163470983505249,0.5751277895121106,-0.0022354205138981342,1.0,-0.038877975195646286,1.0,0.7442448139190674,-0.008940926752984524,0.08288523554801941,-0.013424672186374664,-0.03159215301275253,-0.0507953017950058,-0.022207587957382202,-0.02102898620069027,0.4716750906480927,-0.03119576722383499,1.2605451047420502e-05,-0.04286123067140579,-0.0025181258097290993,-0.025131892412900925,-0.11690588295459747,1.0,0.02,-0.013555220328271389,-0.015441112220287323,0.06429827958345413,1.0,-0.028369031846523285,1.732044027334965,-0.02199741080403328,-0.0014058368979021907,-0.01050990354269743,-0.03924018144607544,-0.002966988831758499,-0.0019816607236862183,-0.009390342980623245,0.22522432915866375,-0.012667632661759853,0.3391770912777834,-0.023005839437246323,-0.0004124169936403632,1.0,0.07206206768751144,-0.27986398339271545,1.0,0.09877572171066605,-0.001325942575931549,-0.029159244149923325,-0.2060205340385437,-0.017714381217956543,0.8546840153991988,-0.04121251776814461
12400,1.4013971050263898,0.4073463322908226,0.035931687009367594,0.6096117607167297,0.0380182948266602,0.9047990784035048,0.14124819756805537,-0.39611275375631816,0.6976076215801568,0.17290792408458444,0.018991484070725265,0.7312416614825641,0.006410922341730834,0.6247083616486468,0.49172156749003515,0.05605790353456859,0.0645156737211129,-0.4009696038064253,-0.0187800604947526,0.3044048235906081,-0.3281047691669349,-0.47352918063951255,1.024680214600082,0.4198225512680215,1.2156067346199007,0.26139838803938326,-0.0307256029033188,0.8552744012296499,-0.031922634256994924,-0.5066859790159544,0.5754352478254648,-0.34322638578682463,1.9540928559879855,0.3655881305435367,0.10382212393763775,0.009119444737663398,-0.008281167596578598,0.05959967523813248,-0.0012005586177110672,-0.02221667766571045,-0.007984139025211334,-0.003704293631017208,-0.013234563171863556,-0.0018660463392734528,-0.0022189822047948837,-0.025073258206248283,-0.06629882752895355,-0.03409041464328766,0.000607262016274035,-0.03559627756476402,0.0012193010188639164,0.0024269267451018095,1.7967343756024372,-0.013924097642302513,-0.008606098592281342,0.09144739806652069,0.012081736698746681,-0.0006769991014152765,1.0,0.019389906898140907,-0.02632705681025982,-0.0073713865131139755,1.0,22913.849541150325,-0.051035359501838684,-0.011727720499038696,0.0009416311513632536,0.16943401098251343,0.2394426167011261,-0.002835155464708805,-0.04411529004573822,-0.06234978139400482,-0.002917903708294034,-0.009704976342618465,0.14771278202533722,0.7148916721343994,1.5123396356821348,-0.015019331127405167,-0.01756797544658184,-0.026834668591618538,-0.012745232321321964,-0.009619418531656265,0.14650298655033112,-0.007440512999892235,-0.22714447975158691,1.9932739223024583,-0.0014269863022491336,1.0,-0.03396569937467575,1.0,0.6272671222686768,-0.010427406057715416,0.08401310630142689,-0.018962791189551353,-0.014491182751953602,-0.020522020757198334,-0.04687058925628662,-0.010395408608019352,0.40436995880519283,-0.013512605801224709,-0.01744328998029232,-0.03451193869113922,-0.0012171939015388489,-0.022075621411204338,-0.13471893966197968,1.0,0.02,-0.012845215387642384,-0.02442360669374466,0.11635707318782806,1.0,-0.02699560672044754,1.9823177494477642,-0.015164658427238464,-0.0045531135983765125,-0.013371938839554787,-0.05694602429866791,-0.0015210331184789538,-0.004582688212394714,-0.011103113181889057,0.290424345061183,-0.005074743181467056,0.3919870343082193,-0.02865666151046753,-0.002681310288608074,1.0,0.1617864966392517,-0.056134555488824844,1.0,0.22188732549890233,-0.002882346510887146,-0.009151031263172626,-0.13367816805839539,-0.035612910985946655,1.5286613841591294,-0.046635642647743225
12500,0.5524403491141946,0.46138025311615555,0.34815023268836326,-0.31715947744015105,-0.11729328946464637,2.7027225844499934,0.20692774723859628,0.30136800187955715,-0.2558423818366188,0.4205686546929518,-0.3130324804222075,-0.39507400351413346,0.1419155265265332,0.8052880244556604,0.33332575465392456,-0.3771978576785294,-0.028014681910942002,0.36866558141973427,0.23384833313231654,0.34597349610488815,0.4766633501163268,0.32812771813658576,0.6238928359945104,0.045348390685393626,0.4835436610877613,0.3731334468725721,0.22504935505858475,0.6645840140264444,0.05814215302568428,0.2153685603336948,-0.31269304756953037,0.06644490090107688,2.849580475908185,0.2877673742259978,0.1870694323504367,0.11544651213567757,-0.006825937889516354,0.06024299934506416,-0.002876544836908579,0.0006451457738876343,-0.005450736731290817,-0.009977125562727451,-0.012915886007249355,-0.007549609988927841,-0.00014274579007178545,-0.015367300249636173,-0.009664162993431091,-0.019998744130134583,0.0007809897651895881,-0.05838346108794212,0.0014147709589451551,0.0014819786883890629,4.105044980640121,-0.012463413178920746,0.006989412009716034,0.09419605135917664,0.014688733033835888,-0.0020479061640799046,1.0,0.006867345422506332,-0.027564343065023422,-0.015380525030195713,1.0,70662.61375537622,-0.007017519325017929,-0.003202199237421155,0.0010775217087939382,0.19305941462516785,0.15962710976600647,-0.0013427147641777992,-0.003886297345161438,-0.03959357738494873,-0.11409128457307816,-0.004527713172137737,0.18270805478096008,0.7135006189346313,0.7754647842585768,-0.005214500240981579,-0.007815267890691757,-0.050656456500291824,-0.02112443558871746,-0.01584034413099289,0.15314871072769165,-0.0063378531485795975,-0.21030840277671814,1.0144275791545085,-0.0013254330260679126,1.0,-0.01539328321814537,1.0,0.4235876798629761,-0.0003831350477412343,0.08414443954825401,-0.013994920067489147,-0.12435439974069595,-0.039622459560632706,-0.0028004981577396393,-0.3507472276687622,0.31731379561465606,-0.011291210539638996,-0.0013469101395457983,-0.02205972746014595,0.0011528255417943,-0.01973467506468296,-0.12927111983299255,1.0,0.02,-0.00518895173445344,-0.016087692230939865,0.12865594029426575,1.0,-0.02455257996916771,3.203019737605638,0.0007914956659078598,-0.004448716063052416,-0.04891730844974518,-0.025910861790180206,-0.00030364247504621744,-0.003320075571537018,-0.03218519687652588,0.2605261616408825,-0.04940809682011604,0.5791662201518587,-0.014076225459575653,-0.000123337609693408,1.0,0.12992176413536072,-0.18787863850593567,1.0,0.39263230047524456,-0.0046475231647491455,-0.2754075229167938,-0.24486768245697021,-0.02053896337747574,0.6553284302748021,-0.02794777601957321
12600,0.34689366182134956,0.3177978138036519,-0.09885378420394672,0.2334033624960486,0.27400381172237853,4.795582426016687,-0.05057954664021384,-0.042741310580195965,-0.29921130844968724,0.7414143168589409,0.09474686884512021,0.03306276464536478,0.1326406555624528,0.2982664087886895,0.23224862581462855,0.42467819310306804,0.010065728982993086,0.6481775204277754,-0.013578256312159405,-0.028423598357234254,0.49638821741974687,0.22206596132797476,0.6661623869731407,0.25069395578429843,0.29565003081768476,0.08991556008297213,0.28292397335508923,0.712384028288607,0.2634945634213731,0.2337839014073213,0.321417759619625,0.2332570147224207,1.3078810549581077,0.4452791460354274,0.3370704624948404,0.2711279209829306,-0.013694586232304573,0.059624817222356796,-0.0028225646819919348,0.0024273842573165894,0.005207907408475876,-0.001531517249532044,-0.07376956194639206,-0.009199712425470352,-0.001430088304914534,-0.010621607303619385,-0.007039599120616913,0.003036417067050934,0.0008640681626275182,-0.052570026367902756,0.005778623279184103,0.0015937231946736574,3.308692676424958,0.006117893382906914,0.0076387859880924225,0.09474325180053711,0.01232014037668705,-0.0027811324689537287,1.0,0.030013786628842354,-0.02367052249610424,-0.0037548746913671494,1.0,10623.091283157813,-0.009357396513223648,-0.0037279208190739155,0.0011515987571328878,0.24473629891872406,0.13534238934516907,-0.0012371446937322617,-0.030893385410308838,-0.003298252820968628,-0.11463075131177902,-0.00496221799403429,0.12251955270767212,0.3062577247619629,0.47716567070334387,-0.0011874097399413586,-0.025894833728671074,-0.021405093371868134,-0.016611499711871147,-0.0038855690509080887,0.05590010806918144,-0.002457376103848219,-0.08020807057619095,0.6552201508148572,-0.0011290722759440541,1.0,0.0207480788230896,1.0,0.6280152201652527,-0.0058933743275702,0.08417429774999619,-0.009585486724972725,-0.02873079665005207,-0.011575676500797272,-0.02563098445534706,-0.2968437671661377,0.4676352901279301,-0.0042990949004888535,-0.004083237145096064,-0.0015509314835071564,-0.0019283909350633621,-0.01142885722219944,-0.1097666472196579,1.0,0.02,-0.004187018610537052,-0.007321055978536606,0.17225892841815948,1.0,0.0055620186030864716,1.379992230854684,-0.0026038680225610733,-0.00834957230836153,0.019745878875255585,-0.014665922150015831,-0.0015353088965639472,0.0014562904834747314,-0.037336982786655426,0.2197479703463614,0.00851358287036419,0.4760392092718536,-0.01564795710146427,-4.100496880710125e-05,1.0,0.09295354038476944,-0.015216791070997715,1.0,0.8835717817338316,-0.00813688337802887,-0.029303155839443207,-0.1515646129846573,-0.012042418122291565,0.4775888432695562,-0.005483206827193499
12700,1.5169597686856748,0.6817303561339484,0.1872223690840375,0.7270587725481525,0.11810559299341161,3.619000894168522,0.22730248188293636,-0.22659533987115382,0.7397769039209234,0.5558502958395614,0.17839376457025377,0.7209174374460626,0.12516195234550315,0.7863538613974931,0.3650953452178962,0.402364180068301,0.012741668693271197,0.619154975004225,0.23587417405996144,0.31873847105027675,0.14243815940028104,-0.16330296588255702,1.2467451093300557,0.2154732472290456,1.467401342722991,0.34810451644087914,0.32384354523554265,0.9114286067777909,0.08016998661396522,-0.36734077430935086,0.6492656493512754,-0.28610751831646475,5.53081886090605,0.39315478642312623,-0.18375964740299905,-0.1500541544761335,-0.027907321229577065,0.05447807163000107,0.001418577739968896,-0.03328973054885864,-0.0031482018530368805,-0.001963865477591753,-0.018770260736346245,0.0010233819484710693,-0.00243220292031765,-0.012594175525009632,-0.05032654106616974,-0.03455442190170288,0.0006338608218356967,-0.14083850383758545,0.001625056262128055,0.002940910868346691,2.8901376433267343,-0.04049576073884964,-0.02099156379699707,0.09132556617259979,0.022101176902651787,0.0006364475702866912,1.0,0.01739218644797802,-0.005389656871557236,0.007369665428996086,1.0,186613.47848173333,-0.042927227914333344,-0.012835281901061535,0.0015769790625199676,0.2147534340620041,0.20083631575107574,0.004466189071536064,-0.02471110224723816,-0.02277141809463501,-0.012849586084485054,-0.00971456989645958,0.13828769326210022,0.6343368291854858,1.7931952000595746,-0.011042469181120396,-0.004773654043674469,-0.05453181639313698,-0.01100187748670578,-0.01903030462563038,0.10722427070140839,-0.0021883537992835045,-0.1562637984752655,1.1565465314106576,-0.0014845613623037934,1.0,-0.04228325933218002,1.0,0.46502768993377686,-0.004012224264442921,0.08282300643622875,-0.022530686110258102,-0.03261684253811836,-0.016594789922237396,-0.02770885080099106,-0.07280343025922775,0.5460562639489833,-0.0014536157250404358,-0.010340144857764244,-0.008646510541439056,0.007396874949336052,-0.024911170825362206,-0.10554547607898712,1.0,0.02,-0.006844974588602781,-0.019879266619682312,0.2058056741952896,1.0,-0.03305192291736603,6.393596138390175,0.008242963813245296,-0.011353160254657269,0.0037849266082048416,-0.0488511323928833,-0.001470819697715342,-0.0028545036911964417,-0.008414137177169323,0.26240568421781063,-0.004507018253207207,0.6047306137738212,-0.007847954519093037,-0.0021773832850158215,1.0,0.1329735666513443,-0.07443299889564514,1.0,0.5453201854339195,0.0008732527494430542,-0.03916396573185921,-0.13992621004581451,-0.020197108387947083,1.7464441704516669,-0.029491674154996872
12800,2.42260654345564,0.3815496291110466,-0.12047719638691679,0.6276324951094883,0.06439065731586714,1.3337823793472725,0.16766119511503916,-0.4165140485985948,0.5412446189560107,0.8126442323003613,0.12017399833708126,0.6039915980719495,0.08077494805085897,0.5683494616270954,0.34687091633554684,-0.12506658784136765,0.016759091031321078,0.4455280982357417,-0.07911650227980016,0.1815530255846753,-0.09434109612175587,-0.46759362010263006,0.9032188305677507,0.27308882228405623,1.691537278392612,0.1955213497027381,0.10149886245860364,0.8621221323507559,0.021052935102715463,-0.49695224679335825,0.5394412850821271,-0.333847296027543,1.6352099813968752,0.2154280228384695,0.36039701489526393,0.18700141456507438,-0.005782747641205788,0.06641317903995514,0.0001623666612431407,-0.014824345707893372,-0.007096327841281891,-0.015103183686733246,-0.014661155641078949,0.0020435750484466553,-0.0016703971195966005,-0.014973251149058342,-0.055951595306396484,-0.021003246307373047,0.000618211692199111,-0.03287644684314728,0.004784778226166964,0.0019521209178492427,0.8400964386713444,-0.03736717253923416,0.0027720481157302856,0.09288191795349121,0.011712215840816498,-0.00019813940161839128,1.0,0.011607551015913486,-0.03249490633606911,-0.004564840346574783,1.0,105757.65766059395,-0.033448584377765656,-0.008259955793619156,0.000909476017113775,0.16004377603530884,0.27027565240859985,-0.0013142311945557594,-0.03961113095283508,-0.04397818446159363,-0.006469698157161474,-0.0097880307585001,0.28107279539108276,1.0683180093765259,2.4566571233206034,-0.009312761947512627,-0.022120948880910873,-0.04106781631708145,-0.017126649618148804,-0.006890104152262211,0.191390722990036,-0.007329767104238272,-0.21367120742797852,1.7592815314628079,-0.0009742069523781538,1.0,-0.034983791410923004,1.0,0.5249078869819641,-0.0027806623838841915,0.08524282090365887,-0.016199836507439613,-0.017042363062500954,-0.025549283251166344,-0.0283401757478714,-0.02776070311665535,0.3020394259646912,-0.008894884958863258,-0.00895778276026249,-0.012944556772708893,0.00018452107906341553,-0.06948188692331314,-0.13563396036624908,1.0,0.02,-0.00772533193230629,-0.0315275639295578,0.21477317810058594,1.0,-0.0061226412653923035,2.4597648211133203,-0.015557043254375458,-0.004492706619203091,-0.034842006862163544,-0.11259876936674118,-0.0009244456887245178,-0.003681749105453491,-0.00943752285093069,0.3501896299421787,-0.020315423607826233,0.38684020735034297,-0.022705940529704094,-0.001658193999901414,1.0,0.09073501825332642,-0.0796409621834755,1.0,0.47431630004380215,0.00045846402645111084,-0.020467618480324745,-0.10604923218488693,-0.03667318820953369,1.8964648187385948,-0.02979237586259842
12900,1.8644923071518065,0.44888175872273167,-0.02420656882806424,0.6676700998772773,-0.33570608166121635,1.4130954917557046,-0.4246638027662755,-0.019538570597972565,0.606148634491472,0.8871955110913529,0.14855449514758845,0.6111291311906644,-0.2404824299061679,0.7494457336130295,0.5221439014323415,0.023932277722776757,0.1650485635263373,-0.35185153962608795,0.02557524841875069,0.5028245731762775,0.031219370104961446,0.028799332676502094,0.999530592951316,0.3970764705500268,1.199899396903265,0.568236816957698,-0.1322257314504929,0.8379974467623059,-0.3156017657152399,-0.25515794105127143,0.4750384878675863,-0.2707820589818978,0.9324578135904522,0.31978381880499535,0.36645306286932094,-0.30424103295957255,-0.03425616770982742,0.06178222969174385,-0.010903333313763142,-0.0319921150803566,0.004318695515394211,-0.009128587320446968,-0.03918611630797386,-0.03837861493229866,-0.002728054765611887,-0.016225073486566544,-0.046160757541656494,-0.031868427991867065,0.0007735505932942033,-0.022825956344604492,0.0024883022997528315,0.002379906363785267,0.6751155355924086,-0.011221325024962425,-0.01216622069478035,0.09120211005210876,0.011041917838156223,-0.011179033666849136,1.0,0.004444585647433996,-0.033480145037174225,-0.01691073551774025,1.0,36561.529043886374,-0.03224429115653038,-0.009100076742470264,0.0009968482190743089,0.10983691364526749,0.21127155423164368,-0.006827383302152157,-0.042190611362457275,-0.04460547864437103,-0.015482990071177483,-0.00829452183097601,0.134879469871521,0.3584933578968048,1.9441593684374514,-0.0067803822457790375,-0.009194057434797287,-0.04250381141901016,-0.015108079649508,-0.013338563963770866,0.13622674345970154,-0.0069045149721205235,-0.07146333903074265,1.3283052957283454,-0.001755273318849504,1.0,-0.018086114898324013,1.0,0.28680890798568726,-0.002845111070200801,0.08402591198682785,-0.012943437322974205,-0.02779625542461872,-0.036317769438028336,-0.03348005935549736,-0.08277840912342072,0.4682947993739017,-0.04915684461593628,-0.003967497497797012,-0.01637404039502144,-0.009173973463475704,-0.01548808254301548,-0.08174717426300049,1.0,0.02,-0.004397134762257338,-0.01825597509741783,0.17788895964622498,1.0,-0.01918637380003929,0.7518103504721662,-0.03322354704141617,-0.0048172734677791595,-0.002223517745733261,-0.03815846890211105,-0.0014900517417117953,-0.003055065870285034,-0.001755419303663075,0.19812379870563745,-0.02264656499028206,0.417816571948583,-0.004026993177831173,-0.001464804750867188,1.0,0.1695844829082489,-0.12480185925960541,1.0,1.1629535586781052,-0.033113569021224976,-0.01690021902322769,-0.01080496795475483,-0.013163037598133087,1.4107279829021269,-0.016637660562992096
13000,1.54130054700781,0.4801568047854544,0.1284652073219882,0.6566003091103414,-0.018208307057587504,1.2968023918747724,0.04381818407424733,-0.20576831998130035,0.587506958032708,0.4903177018485676,-0.05108250685266293,0.6563119624909778,0.041950580308505826,0.5542000378113705,0.5555999735297192,0.31034042101530546,-0.022336928854501545,0.3845399353438857,0.07171135577828808,0.36118380001144385,-0.3602672870649063,-0.41347168594700723,0.8053397395383678,0.39269423896888017,1.3828951507092186,0.5506420452178133,0.11037431784579796,0.8965515350168203,-0.0767355285452602,-0.37420804753690884,0.5252382387437029,-0.2600123090021899,1.83246219626579,0.18104386698717684,0.16375117150206248,0.05521085950349242,-0.005410792306065559,0.05914286524057388,0.0003769306931644678,-0.030757620930671692,-0.005135782063007355,-0.005407684948295355,-0.027804313227534294,-0.0011443458497524261,-0.003091002581641078,-0.015773581340909004,-0.06976880133152008,-0.022559478878974915,0.0007743970490992069,-0.02587931603193283,0.001283155521377921,0.0016606987919658422,2.8598032730539296,-0.0176418237388134,-0.01538856327533722,0.09068995714187622,0.011254990473389626,-0.00036031659692525864,1.0,0.007656116969883442,-0.012228497304022312,-0.0068383775651454926,1.0,58675.39348509958,-0.054657839238643646,-0.014990076422691345,0.0010691434144973755,0.08109553903341293,0.14905805885791779,-0.0034969551488757133,-0.04695209860801697,-0.04324859380722046,-0.014125827699899673,-0.009744793176651001,0.12524133920669556,0.4646720290184021,1.6490439741610208,-0.008623254485428333,-0.006527894176542759,-0.050585947930812836,-0.01754932291805744,-0.011309686116874218,0.09523198008537292,-0.006625072564929724,-0.21423205733299255,1.0445410253899994,-0.0012570777907967567,1.0,-0.0346219576895237,1.0,0.4422948360443115,-0.0080611202865839,0.08394660241901875,-0.013319028541445732,-0.012304752133786678,-0.016574542969465256,-0.044668473303318024,-0.03823481500148773,0.27699541805108246,-0.00822107307612896,-0.014038140885531902,-0.019419558346271515,-0.0022339895367622375,-0.02347748912870884,-0.12748420238494873,1.0,0.02,-0.009442249312996864,-0.023527324199676514,0.2540854811668396,1.0,-0.015623234212398529,2.229688849009649,-0.009936822578310966,-0.0060117547400295734,-0.05844606086611748,-0.03976826369762421,-0.00045155943371355534,-0.003570735454559326,-0.01867041364312172,0.21040151361376047,-0.006546966731548309,0.48880950922367017,-0.016717374324798584,-0.0009731829632073641,1.0,0.07153284549713135,-0.035799335688352585,1.0,0.5926504857602739,-0.001666150987148285,-0.043179698288440704,-0.1288682222366333,-0.0287943035364151,1.5123626719076255,-0.03052138350903988
13100,1.157235059603272,0.2689564465509209,0.2699778385746304,-0.6045002285191546,-0.3541024555152382,4.300195150784312,-0.12497995291237565,0.12817537061846204,-0.30786555379313224,0.4566414569223977,-0.23138311673181328,-0.04824036207359708,0.23463420927397655,0.40709858853570974,0.3724549527340732,-0.20700035356891355,0.08101922796805994,-0.39658670585055256,0.04601902207115842,0.03240610958631584,-0.24454545668256328,0.2659634463617029,0.5379059119810209,0.4644835875400638,0.49247152943934036,-0.5295995522440529,0.08281624118933663,0.7178559110656285,-0.23071895805288084,-0.2326770707236106,-0.49127689577645123,-0.2843152614222031,1.1675695441680187,0.4475632000055083,0.009857075484710376,0.2351750333641953,-0.028636563569307327,0.0558137446641922,-0.0034826567862182856,-0.004805222153663635,-0.006972901523113251,-0.0006314016645774245,-0.031224144622683525,-0.020210877060890198,-0.0014739672187715769,-0.0125682158395648,-0.029655709862709045,0.0014809593558311462,0.0011443726252764463,-0.05366237461566925,0.0016668334137648344,0.001403898699209094,3.633520179057742,-0.03656109794974327,-0.004902172833681107,0.08912011981010437,0.011193687096238136,-0.004266439005732536,1.0,0.027984995394945145,0.010229246690869331,-0.019385961815714836,1.0,40343.32721586771,-0.022234171628952026,-0.009998452849686146,0.0008804124081507325,0.22441570460796356,0.14587298035621643,-0.0026251189410686493,-0.04475322365760803,-0.060371533036231995,-0.13852687180042267,-0.004993930924683809,0.08831758797168732,0.5182651877403259,1.3311845047396398,-0.0019153906032443047,0.019492661580443382,-0.046422079205513,-0.03298388421535492,-0.010523371398448944,0.05480170249938965,-0.011994322761893272,-0.1957710236310959,0.7351584826103766,-0.0005185928894206882,1.0,0.012285105884075165,1.0,0.4921358823776245,-0.005106509663164616,0.08426899276673794,-0.020702701061964035,-0.09511411935091019,-0.05437268316745758,-0.03644539415836334,-0.36460280418395996,0.48288851665552773,-0.028727857396006584,-0.0005072522908449173,-0.027413129806518555,-0.0014174412935972214,-0.016562338918447495,-0.0905909538269043,1.0,0.02,-0.0039277998730540276,-0.01677192747592926,0.13242319226264954,1.0,-4.509836435317993e-05,1.4856048773670685,-0.002905641682446003,-0.005609109066426754,-0.061361636966466904,-0.010394638404250145,-0.001678037689998746,-0.004406183958053589,-0.04542451351881027,0.215896419249475,-0.03658292815089226,0.4962410547648513,-0.004158736206591129,-0.001277632312849164,1.0,0.07093911617994308,-0.17094914615154266,1.0,0.6716699959804934,-0.014857582747936249,-0.26764586567878723,-0.24308905005455017,-0.013589248061180115,0.8362909117266701,-0.03864350542426109
13200,1.332908426176663,0.8074502591029049,0.07768496637466181,0.6694277158906643,-0.5974203977051606,2.79828789444002,-0.3646629640971233,-0.18776104812477185,0.6689674999148354,0.6463542823006286,0.05849571946764648,0.7174147988760711,-0.2944086874226565,0.7513727505535454,0.6759724430605735,0.2056287320654038,0.1232305013033854,-0.5676971726034745,0.04361108865736919,0.46691586718705336,-0.4344490324902488,-0.3814008334121889,0.6928227594829406,0.6279173085812532,1.5904318620638305,0.45419872052915167,0.3710876096437109,0.930868077263245,-0.584338900984724,-0.36148573395494654,0.5650191628489193,-0.26736541020432875,0.4164615656852621,0.3470361722019669,0.16501937420113105,-0.0672816492537021,-0.019615352153778076,0.050708599388599396,-0.009306920692324638,-0.03131682425737381,-0.006729625165462494,-0.0018241206416860223,-0.011577028781175613,-0.043702222406864166,-0.0029255454428493977,-0.03069303184747696,-0.06787092983722687,-0.030011877417564392,0.0007620825199410319,-0.02360675297677517,0.002934865653514862,0.002521175891160965,4.21585947652433,-0.028487632051110268,-0.020475037395954132,0.08648775517940521,0.009673375636339188,-0.008422350510954857,1.0,0.0224239993840456,0.006796898320317268,-0.013306640088558197,1.0,76942.85891649249,-0.05742967873811722,-0.010519279167056084,0.0022948412224650383,0.150508314371109,0.15550561249256134,-0.007207032293081284,-0.05910414457321167,-0.04908347129821777,-0.010495261289179325,-0.009432771243155003,0.08220493793487549,0.8354820013046265,1.4939233469154893,-0.008647597394883633,0.007822730578482151,-0.03888877481222153,-0.017039576545357704,-0.009394330903887749,0.09699581563472748,-0.004268653225153685,-0.04690331593155861,0.7724820611504446,-0.0012185374507680535,1.0,-0.03332618623971939,1.0,0.4377588629722595,-0.010212970897555351,0.08388789556920528,-0.01468063797801733,-0.028215419501066208,-0.014993331395089626,-0.05899482220411301,-0.04684840887784958,0.4119400535894157,-0.01714557409286499,-0.012949559837579727,-0.028054319322109222,-0.005524779669940472,-0.019221026450395584,-0.10254324227571487,1.0,0.02,-0.008895684964954853,-0.013437636196613312,0.1541578769683838,1.0,-0.029836855828762054,0.556469484393811,-0.016484279185533524,-0.004459701012820005,-0.010747237130999565,-0.05412782356142998,-0.0011566925095394254,-0.005320586264133453,-0.019591905176639557,0.2476632110774517,0.005667148157954216,0.7342707287609457,-0.023979447782039642,-0.001811650232411921,1.0,0.06869226694107056,-0.03939148783683777,1.0,0.8335158266735998,-0.04819492995738983,-0.023152336478233337,-0.1396356225013733,-0.020711466670036316,1.8949932780089043,-0.03337474167346954
13300,0.6784391684518762,0.5865025086377588,-0.14733351907599704,-0.031293101381582304,0.12411674005687826,5.1996927589741455,0.2591554637848801,0.31752031235239786,0.27097382424850885,0.26020898126008996,0.2026822195199928,0.268872447284612,0.1452381043492885,0.6691992434383636,-0.22033943695962738,0.4710882490119275,-0.008279692085394967,-0.42991156977143663,-0.09641902047544972,-0.24727730849186869,-0.36998141534034346,0.23610729658947543,1.7557792221795703,-0.13977343282871785,0.7559995294280718,-0.24736895621406912,0.32111379637470966,0.8736780168654794,0.18295932910109253,0.3743332255793206,-0.042381003840532165,0.3350125021572543,3.6506154860559983,0.4252445254609509,0.25015282846637477,-0.1642168821409026,-0.01542767696082592,0.055077556520700455,-0.0007225745357573032,-0.0016344264149665833,0.004858996719121933,-0.006078523118048906,-0.05340418592095375,-0.0030329450964927673,-0.0006995502044446766,-0.023345690220594406,-0.03901153802871704,-0.022542312741279602,0.0006778031238354743,-0.07006359845399857,0.0011944016441702843,0.0025609079748392105,2.577891272438778,0.008211813867092133,0.002099227160215378,0.08892282843589783,0.0168900303542614,-0.0011800688225775957,1.0,0.03940557688474655,-0.02510049194097519,-0.008353043347597122,1.0,131327.29991181847,-0.022966880351305008,-0.008601014502346516,0.0011471619363874197,0.21579517424106598,0.0973205640912056,0.0011968761682510376,-0.024608314037322998,-0.05020719766616821,-0.1598682850599289,-0.0034195121843367815,0.19626493752002716,0.31446003913879395,1.0115149979383897,-0.012945220805704594,-0.015324965119361877,-0.051581624895334244,-0.0338403582572937,0.0010935142636299133,0.1364671289920807,-0.013337208889424801,-0.17824293673038483,1.2309901885227883,-0.0011246975045651197,1.0,-0.038902170956134796,1.0,0.5391886234283447,-0.010497030802071095,0.08390926010906696,-0.008739283308386803,-0.04096312075853348,-0.017163952812552452,-0.017266403883695602,-0.3795298933982849,0.44485313219722844,-0.0023879148066043854,-0.022036269307136536,-0.030691426247358322,0.005973076447844505,-0.022254548966884613,-0.08838597685098648,1.0,0.02,-0.0034279758110642433,-0.005529861897230148,0.1184261217713356,1.0,-0.025804053992033005,4.146800316833192,0.004615161567926407,-0.006426100619137287,0.015560662373900414,-0.044671837240457535,-0.0013322115410119295,0.002980433404445648,-0.011067635379731655,0.21733953058719635,-0.0016120821237564087,0.7213422399659457,-0.012584149837493896,-0.0011032221373170614,1.0,0.1207936555147171,-0.1606760323047638,1.0,0.43453702245848475,-0.0014941096305847168,-0.037013567984104156,-0.05421534180641174,-0.00936231017112732,0.8746622454900363,-0.034454986453056335
13400,1.1178066128931359,0.7485985765570424,0.3273069384963603,-0.060669254212951315,-0.24012285122889682,2.312414175690934,0.31511808809239333,0.35877885387326686,0.1307209740547948,0.5654879092881663,-0.17630330016405588,-0.5081966419393618,0.24254849572323658,0.7948666555834644,0.5043624282692184,-0.30688549302589474,0.04359307083281953,0.5913752518601577,0.1015986535379031,0.3598599578293864,0.6800210309113122,0.45478558582104056,1.4015436857826877,-0.1628017452117736,1.0395496431994817,0.39723007545656863,0.3782767044394999,0.08372706770719461,0.22732121144683065,0.4058129114680583,-0.3947080864204252,-0.15292100421679536,2.6078744448175053,0.3464099027478614,0.13741326452009556,0.12879343305722593,-0.00886791106313467,0.053086619824171066,-0.0004290873184800148,0.0036998316645622253,-0.010150570422410965,-0.005631597246974707,-0.03264205530285835,-0.014492962509393692,-0.0004877344472333789,-0.019218603149056435,-0.023593485355377197,-0.020051993429660797,0.000684573664329946,-0.09361070394515991,0.0022983793169260025,0.003008580766618252,2.3856977778479123,-0.009815536439418793,0.001761745661497116,0.08450006693601608,0.013379141688346863,-0.0009657441405579448,1.0,0.019986717030405998,-0.027415217831730843,-0.02076193317770958,1.0,65837.82764641922,-0.02430814877152443,-0.005945846438407898,0.001829400542192161,0.18777187168598175,0.09502020478248596,0.0003423653542995453,-0.022010773420333862,-0.020531073212623596,-0.12846878170967102,-0.002173044253140688,0.10221543908119202,0.37100836634635925,1.508117219462303,-0.008160682395100594,-0.003603259101510048,-0.04843544214963913,-0.013510831631720066,-0.01267850212752819,0.07211276888847351,-0.002904488705098629,-0.18285565078258514,1.9659534300617834,-0.0010113341268151999,1.0,-0.0019778311252593994,1.0,0.463267058134079,-0.002327965572476387,0.08364025689661503,-0.028930427506566048,-0.04752052575349808,-0.07532601803541183,-0.014512855559587479,-0.3395065665245056,0.42374513720522017,-0.0005711084231734276,-0.005159825552254915,-0.01954982802271843,0.0018517645075917244,-0.024397732689976692,-0.1111440360546112,1.0,0.02,-0.003445075824856758,-0.01552412286400795,0.1139003112912178,1.0,-0.03965229168534279,2.774755445618892,0.00021138228476047516,-0.005893060937523842,-0.02597259171307087,-0.0653894916176796,-0.00021782994735985994,-0.0037003830075263977,-0.030775606632232666,0.1821114681661129,-0.035627081990242004,0.8498970983026546,-0.010742698796093464,-0.0005383988609537482,1.0,0.05159572511911392,-0.28382155299186707,1.0,0.5316098576655478,-0.0038904324173927307,-0.06172661483287811,-0.2265905737876892,-0.012645237147808075,1.2120474095104838,-0.026843490079045296
13500,0.9845706512782763,0.5815120223885866,0.03697730340740712,0.24616302260863532,-0.3729926396308719,0.4262802482324163,-0.33350833703423144,-0.25747564434779163,0.5199077263780136,0.4902815381565809,-0.18053477170518206,0.4903151796918098,-0.12089448756176063,0.5677931930659531,-0.5184473367344657,-0.27719176042859656,0.19133094706741965,0.588666987473338,0.11057674727450792,-0.3463128112700893,0.5037888664516554,-0.1841613682521265,1.3017333964527054,-0.35800076320179713,0.8989302684444902,-0.23998287006546684,0.36706559479937445,0.8914947539593465,-0.37287390853344854,-0.38567442699516963,0.16926879224314514,-0.23749772267547725,1.3592844219079612,0.4454439170459844,0.3308623645358963,0.26228980595574164,-0.018205013126134872,0.051287900656461716,-0.0091869430616498,-0.0019066408276557922,0.001039315015077591,-0.00570122292265296,-0.038359634578228,-0.02238159254193306,-0.0006672631716355681,-0.018648141995072365,-0.08373241871595383,-0.014392606914043427,0.000785818905569613,-0.04715434089303017,0.0017544784350320697,0.0029668433126062155,0.4227221199675126,-0.017190054059028625,0.005026083439588547,0.08591131120920181,0.010394814424216747,-0.00993609894067049,1.0,0.004493054933845997,-0.007776073180139065,-0.01590360701084137,1.0,30095.06103644599,-0.06607779860496521,-0.007160120643675327,0.0015636226162314415,0.11764902621507645,0.2596288025379181,-0.00875511672347784,-0.05168113857507706,-0.03743083029985428,-0.04266418144106865,-0.00925812590867281,0.17679563164710999,0.3578260540962219,1.2349468257555158,-0.010755053721368313,-0.0028794771060347557,-0.05093330144882202,-0.02932262420654297,-0.01659572869539261,0.1277315467596054,-0.013305813074111938,-0.19731664657592773,2.8849608664423254,-0.0007841094629839063,1.0,-0.010592200793325901,1.0,0.6463527679443359,-0.015000884421169758,0.08313365653157234,-0.013963601551949978,-0.04422297701239586,-0.016139086335897446,-0.04677153751254082,-0.09984051436185837,0.46531913608381575,-0.01165285799652338,-0.020539522171020508,-0.021494273096323013,-0.002248394303023815,-0.015893151983618736,-0.06445968151092529,1.0,0.02,-0.0033382470719516277,-0.012798581272363663,0.27296146750450134,1.0,-0.007248211652040482,1.4328789665439967,-0.014276263304054737,-0.005547919776290655,-0.07479076832532883,-0.010975324548780918,-0.001172266318462789,0.00010376423597335815,-0.006928762421011925,0.25641004368662834,-0.046222563832998276,0.5667841070631452,-0.022498201578855515,-0.001746778259985149,1.0,0.0923350527882576,-0.042826227843761444,1.0,0.4269494401078282,-0.023007765412330627,-0.16336201131343842,-0.016764268279075623,-0.01862373948097229,1.1693725721064996,-0.02203988842666149
13600,1.5514009601338046,0.5986855971253852,-0.18057383292644089,-0.2308790785825601,0.08906411127118881,1.9146940525636431,0.1223054790086928,-0.17818437827792402,0.04963135986491515,0.49534898802205085,0.1424298957960221,0.30940561611714085,0.06630767836089815,-0.10335813972553748,0.11500745947562793,0.255845636683473,0.12585762035868578,0.40743573875527106,-0.1516310139269018,-0.28248482908946493,0.4547878882140127,0.29060092453468916,0.43810997486758657,-0.05180165115766951,1.485212835985477,0.29731601634901417,0.33677050884885995,0.8491879685964767,0.048748321368905105,-0.0073370727849255924,-0.376253869442897,-0.11855609925286995,3.704144669770342,0.5497393659122798,0.2817329608249911,0.2745056297790231,-0.020761722698807716,0.04470477253198624,-0.0008354841265827417,-0.015267819166183472,-0.006000306457281113,-0.005617616232484579,-0.00647579412907362,0.00023313984274864197,-0.0005923457210883498,-0.006356409285217524,-0.012429654598236084,-0.016751140356063843,0.0011511655757203698,-0.0485234372317791,0.002364207524806261,0.001250734319910407,1.2222284964873305,-0.012900520116090775,-0.015553221106529236,0.0784246176481247,0.014007979072630405,0.0004854325670748949,1.0,0.019051186740398407,-0.028902772814035416,0.002581516280770302,1.0,94012.939695239,-0.009339932352304459,-0.008267970755696297,0.002012699842453003,0.2152334749698639,0.1436520516872406,0.0008631888777017593,-0.019388347864151,-0.03716299682855606,-0.1661289632320404,-0.009347053244709969,0.13762451708316803,0.5388683676719666,2.2067256414010887,-0.008132008835673332,-0.01721564680337906,-0.032818663865327835,-0.020062508061528206,-0.005795415490865707,0.20212283730506897,-0.01680183969438076,-0.18039807677268982,0.29318253183946447,-0.0013569017173722386,1.0,-0.030325941741466522,1.0,0.5607327222824097,-0.0006042537279427052,0.08417739160358906,-0.0038913963362574577,-0.0155949667096138,-0.010067674331367016,-0.015318132936954498,-0.4760020077228546,0.5952507541668964,-0.006446179933845997,0.0010161006357520819,-0.031458668410778046,-0.0059655820950865746,-0.01892343908548355,-0.11151356250047684,1.0,0.02,-0.005694848019629717,-0.01653289422392845,0.1146271601319313,1.0,-0.008996222168207169,4.228606399831906,0.00021775159984827042,-0.002411598339676857,-0.030774354934692383,-0.04235947132110596,-0.0007302218582481146,-0.004088848829269409,-0.01504516415297985,0.2596708545461297,-0.033671338111162186,0.5599090693072794,-0.005795825272798538,-0.00026955141220241785,1.0,0.1645057052373886,-0.07938743382692337,1.0,0.44835150212487174,0.00011201202869415283,-0.04881785437464714,-0.13087619841098785,-0.015379749238491058,1.7463099388217733,-0.025547023862600327
13700,1.713593775120292,0.9108264085616268,0.06956593329392168,0.5741780139236828,-0.016200177495546256,2.757416131099981,0.08673302620403736,-0.3497042781688272,0.6967034247261247,0.9335139256213492,0.1122215662219199,0.7423402920646838,0.08350203029344182,0.7284773558149076,0.6647986509442676,0.30068025876315496,-0.007459922885171422,0.2954663851173274,0.08463504844381475,0.4656343604300984,-0.5913526207147357,-0.4347732301091253,1.204478876642343,0.5838124325695319,1.6333845149313104,0.5760318341265396,0.12131499480676004,0.9615952029237301,-0.0615441877894259,-0.5589019511462135,0.5387659856598591,-0.46339551044822586,1.323291612949097,0.24267712337643357,-0.09847518376855874,-0.13918110527763783,-0.007152474485337734,0.046063534915447235,0.0009407028555870056,-0.032587356865406036,-0.005628310143947601,-0.0037198527716100216,-0.021460462361574173,-0.0016546472907066345,-0.00352754769846797,-0.023833466693758965,-0.08181292563676834,-0.03787344694137573,0.0006930410163477063,-0.02063888870179653,0.0027637879829853773,0.003036702750250697,2.2176515791479385,-0.022606881335377693,-0.01811511069536209,0.07880943268537521,0.009160003624856472,0.00033323420211672783,1.0,0.016102300956845284,0.0013124048709869385,-0.0076609039679169655,1.0,178413.55740559378,-0.0645671859383583,-0.010756338946521282,0.0027290836442261934,0.13984298706054688,0.3125033974647522,-0.004573805257678032,-0.06922953575849533,-0.04119551181793213,-0.011857387609779835,-0.011905849911272526,0.20967388153076172,0.8168731927871704,2.054319891974444,-0.005671610124409199,0.0027381982654333115,-0.0389581024646759,-0.014463874511420727,-0.013159310445189476,0.10003244876861572,-0.0030331916641443968,-0.22714312374591827,1.310762323915538,-0.0013529007555916905,1.0,-0.045549631118774414,1.0,0.44637590646743774,-0.00670983362942934,0.08359405398368835,-0.009650330059230328,-0.02556486241519451,-0.009328566491603851,-0.05913018435239792,-0.0939093828201294,0.3226487403087203,-0.012477031908929348,-0.009373162873089314,-0.020734645426273346,-0.00471117440611124,-0.026946330443024635,-0.10302691161632538,1.0,0.02,-0.009661718271672726,-0.024834804236888885,0.16086408495903015,1.0,-0.03348144143819809,1.6906544306512334,-0.008233749307692051,-0.005995205137878656,-0.0006311628967523575,-0.03210621327161789,-0.001641929498873651,-0.007267512381076813,-0.02002994529902935,0.28778659366071224,-0.0009160619229078293,0.8143876022447397,-0.022119952365756035,-0.0017472215695306659,1.0,0.11612685024738312,-0.02197161503136158,1.0,1.0782966343591311,-0.0023540034890174866,-0.02304268069565296,-0.23274874687194824,-0.03000873327255249,1.9586929648461349,-0.026650303974747658
13800,1.7930015696154702,0.5259761970519907,0.029690312327094594,-0.2703370422053602,-0.22614917055890216,5.0161399769976915,0.15939172548065153,0.3577989406465566,-0.04622892723135696,0.7439655193721028,0.24749289446509792,-0.0002203809705504968,0.08594127675834282,0.55306202513887,0.22500353394488726,0.5117251983406421,0.05925603630501103,0.2745082675325921,-0.006759680264806299,0.12151076841127824,0.39037721358888694,0.10477745944699893,1.5677247649356592,0.23393368123491431,1.0791544699217774,-0.13974968063814602,0.42052412309531584,0.9036172524288961,-0.1965572780486657,-0.12192456281627664,-0.22522392081962958,-0.021387541411563175,3.511555955720101,0.895201317457322,0.36856401253687776,-0.0030113285940142802,-0.028468169271945953,0.043801259249448776,-0.002951280679553747,0.005616761744022369,0.0030418112874031067,1.962226815521717e-05,-0.003014596179127693,-0.015367414802312851,0.0005832191091030836,-0.012107135728001595,-0.07273339480161667,-0.0028490573167800903,0.002351552015170455,-0.045766431838274,0.005221045110374689,0.0018102782778441906,3.116357272099169,-0.003633905202150345,0.004349213093519211,0.07501377910375595,0.015681585296988487,-0.0043710870668292046,1.0,0.039619579911231995,-0.018396057188510895,-0.02538725547492504,1.0,107033.96884980588,-0.05169941857457161,-0.0037883236072957516,0.0022777677513659,0.3029736280441284,0.15542608499526978,-0.0126096922904253,-0.05749606341123581,-0.03002455085515976,-0.1773635894060135,-0.0019473670981824398,0.15883158147335052,0.6592390537261963,1.8209502376986515,-0.004961989354342222,-0.012354500591754913,-0.016313649713993073,-0.0125007014721632,-0.013483107089996338,0.0853671059012413,-0.005628447514027357,-0.14596304297447205,2.156803065979729,-0.0009818058460950851,1.0,-0.01109013706445694,1.0,0.6041882038116455,-0.004191912245005369,0.08577848225831985,-0.017747826874256134,-0.03932849317789078,-0.01881018839776516,-0.047231774777173996,-0.5380059480667114,0.9034758989665459,-0.0008841510862112045,-0.007283539976924658,-0.01483273133635521,-0.0003203321248292923,-0.005858463700860739,-0.0901411920785904,1.0,0.02,-0.0011836588382720947,-0.0015169791877269745,0.22493965923786163,1.0,-0.0061040520668029785,3.336964625828009,0.004140855744481087,-0.004174100235104561,0.0154600590467453,-0.013013191521167755,0.0008106764871627092,0.004173792898654938,-0.01510324515402317,0.2962697884067893,-0.007853247225284576,0.5241697418076549,-0.009283721446990967,0.00014435267075896263,1.0,0.17919299006462097,-0.09979439526796341,1.0,0.48680895333396995,-0.01020772010087967,-0.08027831465005875,-0.09196298569440842,-0.004488237202167511,1.4359256867371237,-0.01971791312098503
13900,1.4640609944486973,0.5361539602835793,-0.04935014781823267,-0.16763939183389803,0.13121840775395632,3.327586793632934,0.18914015590956057,-0.3461587763754962,-0.4746275414775808,0.6158128746356015,0.03714363788164256,0.545115070476318,0.14485568776349667,0.3106786399685953,0.3679112321738921,0.07040139513406339,0.13085619339410767,0.49023659424621685,-0.09199066244521832,-0.2231916189215882,0.5191284305489892,0.028287151480470268,0.385225165177942,-0.1460940534298691,0.8237720456493095,-0.04731831614757123,0.24176294148889332,-0.5999329383975635,-0.005582695173041465,0.6034486095071523,0.33697502453006534,-0.32504581015605244,6.34723903662276,0.3550603621655584,0.33988391807713014,0.2630343340227082,-0.010814591310918331,0.03961540013551712,-0.0009835395030677319,-0.014881409704685211,-0.03177554905414581,-0.00945853441953659,0.007790233939886093,0.0015208572149276733,-0.0007851701229810715,-0.007738609332591295,-0.0540139302611351,-0.046182215213775635,0.0005824007093906403,-0.05466529354453087,0.005167428869754076,0.0018167607486248016,0.4837064694803999,-0.0019177766516804695,0.0008170381188392639,0.07151172310113907,0.024989141151309013,2.693838905543089e-05,1.0,0.015256906859576702,-0.05067862942814827,0.0059111397713422775,1.0,56196.29384015293,-0.05395745486021042,-0.0027392548508942127,0.001453462173230946,0.19710440933704376,0.18106167018413544,-0.010398441925644875,-0.04802697151899338,-0.02721128612756729,-0.00018493086099624634,-0.012093059718608856,0.0603468231856823,0.5401987433433533,2.170783201266652,-0.009804610162973404,-0.024705734103918076,-0.022422602400183678,-0.01707194373011589,-0.00013083498924970627,0.06714650243520737,-0.015921592712402344,-0.1304856687784195,1.5737373393416378,-0.0014495435170829296,1.0,-0.015893705189228058,1.0,0.3469914495944977,-0.0007460401393473148,0.08366002142429352,-0.007649759761989117,-0.03717872127890587,-0.026923689991235733,-0.03265707939863205,-0.007095913402736187,0.44358520490019676,0.007055601105093956,-0.012145359069108963,-0.03495923429727554,0.003563079982995987,-0.02218954637646675,-0.08159642666578293,1.0,0.02,-0.006844108924269676,-0.02814628928899765,0.14193831384181976,1.0,-0.02482239156961441,7.223503102462785,0.010931763797998428,-0.0034025749191641808,-0.002136492170393467,-0.020358124747872353,-0.0009946958161890507,-0.022179581224918365,-0.012146084569394588,0.19860237604007125,0.0019369646906852722,0.4214111289303284,-0.011515531688928604,-0.0005914554931223392,1.0,0.054031096398830414,-0.1254606693983078,1.0,0.4352180981334416,-0.0021669790148735046,-0.035055674612522125,-0.013476837426424026,-0.016481474041938782,1.0496577429108196,-0.02105383574962616
14000,0.6671578143140141,0.8852431429068743,0.17923461412071662,0.5074637643039158,-0.08849986460033564,2.662162267842102,0.13212296858192235,0.3939712553545966,0.5812028034093532,1.2110615445581867,0.006830157720211456,-0.0077735710146407296,0.17289183283516174,0.7222539267352583,0.6730467493476847,-0.15614709057255788,0.18885213891958907,0.37890421067158997,0.19603910026543395,0.4658399712879151,0.7376267129000951,0.5875583784280998,1.4310382347037318,0.17593542405815546,1.7034306726858253,0.56480109416064,0.22100757697348514,0.3062610294586036,0.27106606754157636,0.5712451454500757,-0.046072941003603936,0.2065460911810427,2.7789740442242836,0.42737454294450206,0.30933339807409665,0.4742492997807032,-0.007096403278410435,0.031716592609882355,0.0007475446909666061,0.005810871720314026,-0.006500456482172012,-0.00010657415259629488,-0.022540148347616196,-0.0065938979387283325,-0.0009967281948775053,-0.015514472499489784,-0.06911830604076385,-0.01777997612953186,0.001013051951304078,-0.04397387057542801,0.0040857065469026566,0.0036670551635324955,2.3924978797958296,-0.006184190511703491,-9.904801845550537e-05,0.06781956553459167,0.012007356621325016,0.00040068826638162136,1.0,0.0176151841878891,-0.0006673000752925873,-0.02695532888174057,1.0,120234.00874783317,-0.07015860825777054,0.00036628497764468193,0.002029166091233492,0.11409388482570648,0.38435763120651245,-0.0034846868366003036,-0.012818589806556702,-0.028133071959018707,-0.0740157812833786,-0.002280834596604109,0.29625198245048523,0.565058708190918,1.4559065687672657,-0.0027168886736035347,0.007903380319476128,-0.036382101476192474,-0.013740869238972664,-0.011486824601888657,0.10474484413862228,-0.0055235098116099834,-0.10371099412441254,1.7432440695035936,-0.0009071219246834517,1.0,-0.032336898148059845,1.0,0.37940487265586853,-0.006283632479608059,0.08740593120455742,-0.0035348650999367237,-0.04107218608260155,-0.007567893248051405,-0.01506851240992546,-0.17813220620155334,0.4641553296089492,-0.029640980064868927,-0.011509579606354237,-0.030185751616954803,-0.002860373817384243,-0.0044054556638002396,-0.11137978732585907,1.0,0.02,-0.013534236699342728,-0.015123028308153152,0.21838560700416565,1.0,-0.04303399473428726,2.3110021170382193,-0.010507202707231045,-0.003305088961496949,-0.01832294464111328,-0.003308875486254692,-0.001722534652799368,-0.0032575801014900208,-0.010737711563706398,0.27846751268953085,-0.029753156006336212,1.0725429724119429,-0.008152136579155922,-0.0009149834513664246,1.0,0.1654425710439682,-0.006672471296042204,1.0,1.2644974058145968,0.0015456601977348328,-0.03955841436982155,-0.17743518948554993,-0.00937817245721817,1.7415359169307842,-0.022637641057372093
14100,1.154523752951263,1.0421871407732335,0.26462184889929674,0.36783677321701513,-0.07882793804343409,5.196007531161632,0.008848122761103413,-0.10375157492205983,0.29052283821932984,0.5079163247100767,0.313840285995016,0.5506147471118868,-0.002837055734769771,0.83107074409106,0.20626756199239482,0.47416661212169187,0.009458267254761791,0.27399708579397436,0.19242110252579658,-0.3004153576022317,0.5969779157037257,-0.046129496181367746,2.587123105562868,-0.26002318865389207,0.703853266497832,-0.20208253476734608,0.4864871198568289,0.6560585106569827,0.10963358341076969,0.13191680378569426,0.4742335174628644,-0.17927161402157343,1.4306141055124977,0.3494649923763133,0.12068020696761092,-0.03555273725907997,-0.017554856836795807,0.029021045193076134,-0.0002449965104460716,-0.019728466868400574,-0.0030669476836919785,-0.0019722692668437958,-0.014075621031224728,-0.009686565026640892,-0.001110904267989099,-0.011599213816225529,-0.020677655935287476,-0.025818534195423126,0.0006482680328190327,-0.01491716131567955,0.0012727916473522782,0.005284491926431656,6.408821622578281,0.00013995543122291565,-0.01002589799463749,0.06291329860687256,0.009467137046158314,0.0001706150360405445,1.0,0.03656243905425072,0.025684401392936707,-0.005514930002391338,1.0,28371.022397920628,-0.018047386780381203,-0.008321081288158894,0.0031516877934336662,0.26628684997558594,0.14483949542045593,5.494803190231323e-05,-0.026404350996017456,-0.050707265734672546,-0.07643992453813553,-0.00939087849110365,0.25693196058273315,0.46344953775405884,1.5856282536348525,-0.00997102539986372,0.029953278601169586,-0.04305256903171539,-0.03838088735938072,-0.01274276152253151,0.18850624561309814,-0.018796846270561218,-0.17996253073215485,2.509495986096045,-0.0014932744670659304,1.0,-0.02500709891319275,1.0,0.39652007818222046,-0.002615053206682205,0.08380531519651413,0.00020322855561971664,-0.024699844419956207,-0.0006789346225559711,-0.023961355909705162,-0.3507862389087677,0.5127024829117856,-0.016181237995624542,-0.0011587814660742879,-0.043025724589824677,-0.00548956822603941,-0.012437637895345688,-0.07421153783798218,1.0,0.02,-0.004743225872516632,-0.023222846910357475,0.21797102689743042,1.0,-0.01754189468920231,1.6400874528447027,-0.010497466661036015,-0.003642488270998001,0.025813080370426178,-0.02472885325551033,-0.0006047436036169529,-0.00447690486907959,-0.004396506585180759,0.25820803083479404,0.0011950507760047913,0.8197543936301247,-0.008552467450499535,-0.00020036811474710703,1.0,0.13115905225276947,-0.02740638330578804,1.0,0.5012643182296143,-0.008518978953361511,-0.07922109961509705,-0.06767258048057556,-0.019150204956531525,1.3246881428501065,-0.02116549201309681
14200,1.7598855108120754,0.452314136395955,-0.13251523418974148,-0.2601144014829224,-0.18994976848891434,5.300728447779745,-0.14404332398955189,0.04810912120070927,0.04224779906885955,0.537219459838286,0.2999470179313453,0.30610564389374606,0.03908829741000837,0.4447132816808316,0.08073328132855571,0.5477996332842937,-0.018617394658388603,0.3307052638307784,-0.09111680037789473,-0.0766343904178335,0.41027523753296513,0.02154618652981413,0.961570196347225,0.1120969281608782,0.7035675730829366,-0.12571844039032873,0.4399853113032308,0.810716459813932,-0.07998869701497192,-0.08478015671098243,-0.23737530971208212,-0.04007372816619773,1.8361188252552838,0.6468037542930088,0.2615627718948613,-0.0027563009774035224,-0.02705724723637104,0.03469322621822357,-0.004610405303537846,-0.0022993311285972595,-0.00435725599527359,-0.003694128943607211,-0.0656883716583252,-0.020279906690120697,0.00021691981237381697,-0.015508517622947693,-0.022934794425964355,-0.014055587351322174,0.0013750011567026377,-0.0820189043879509,0.004284955095499754,0.0020384672097861767,1.8990910832989125,-0.04702438414096832,0.004910852760076523,0.0654584988951683,0.009507428854703903,-0.00683604134246707,1.0,0.049257420003414154,-0.020380377769470215,-0.010570894926786423,1.0,87138.85646297119,-0.01535532996058464,-0.003892545122653246,0.0018279965734109282,0.07819495350122452,0.11485286056995392,-0.0001756865531206131,-0.03795772045850754,-0.0009780004620552063,-0.06305492669343948,-0.006556265521794558,0.24660035967826843,0.5456497669219971,2.150320196283655,-0.00450145686045289,-0.011128969490528107,-0.045996300876140594,-0.007283742073923349,-0.01684604585170746,0.1256299614906311,-0.0024114614352583885,-0.14799360930919647,0.9511315363155425,-0.00046964106149971485,1.0,-0.004836410284042358,1.0,0.2646251618862152,-0.00013976218178868294,0.08403625525534153,-0.006341379601508379,-0.01423204131424427,-0.019936328753829002,-0.027395330369472504,-0.2051110565662384,0.6719757275679095,-0.013793949037790298,0.0021633398719131947,0.0025870315730571747,-0.001638726331293583,-0.009210435673594475,-0.05683065205812454,1.0,0.02,-0.003604234429076314,-0.005570180714130402,0.21772797405719757,1.0,-0.004519358277320862,1.7637359393788654,-0.010140568017959595,-0.007513977587223053,0.028193697333335876,-0.03009767085313797,0.0004449443658813834,0.0008189603686332703,-0.013953771442174911,0.21699637826532125,0.02940136007964611,0.38446829633435836,-0.013271532952785492,0.0004560801899060607,1.0,0.14268998801708221,-0.18919271230697632,1.0,0.3420813436525101,-0.012002304196357727,-0.10039229691028595,-0.0964532420039177,-0.006916724145412445,1.196360360521102,-0.01673457957804203
14300,0.8558388217082786,0.1914228199603221,0.1931420854279881,0.43309152004034895,-0.4160765385047215,1.3852336203089093,-0.37218788460448826,-0.06802763675247256,0.6078145780007498,0.8415922731878066,0.16015461628858985,0.6702335850239034,-0.37521614319375307,0.448609240156572,0.5646402967623994,0.005965423165661022,-0.06841971882073714,-0.363745319429088,0.1303744070202923,0.43049987069044143,-0.26271818101351535,-0.4748377828510496,0.4407190403224738,0.4726826659120148,0.8520567985661932,0.5073515481069512,0.4338591363672594,0.9069046538952606,-0.37293574658668127,-0.1898271006368091,0.3742105607124558,-0.13268118822284197,1.3112959280964447,0.32838640353335624,-0.2070381039451713,-0.11980217820733917,-0.021540898829698563,0.026604700833559036,-0.014892944134771824,-0.02316921576857567,-0.005107950419187546,-0.010457971133291721,-0.03918977826833725,-0.03772623464465141,-0.0037649625446647406,-0.021811652928590775,-0.06761609017848969,-0.01805775985121727,0.0007347532082349062,-0.04559988155961037,0.005156715400516987,0.0024611493572592735,4.007940980727612,-0.026054639369249344,-0.011593375355005264,0.060637716203927994,0.009557491168379784,-0.011736237443983555,1.0,0.0041690366342663765,-0.019410759210586548,-0.021768728271126747,1.0,48366.29818391544,-0.06184270605444908,-0.010499476455152035,0.0010770423104986548,0.1608639657497406,0.294438898563385,-0.007205747067928314,-0.05584980174899101,-0.048886988312006,-0.006709507200866938,-0.006144147366285324,0.17440165579319,0.548414945602417,0.8476738179556451,0.00116802379488945,-0.004414643160998821,-0.03884364292025566,-0.022636644542217255,-0.0249684639275074,0.2182709276676178,-0.010601586662232876,-0.09013209491968155,0.779316040834098,-0.002502186456695199,1.0,-0.025478262454271317,1.0,0.43701326847076416,-8.565280586481094e-05,0.08398063108325005,-0.016366569325327873,-0.014141918160021305,-0.01776072382926941,-0.05800025537610054,-0.029675666242837906,0.37376819205479234,-0.007853051647543907,-0.0003751888871192932,-0.02965511754155159,-0.011812897399067879,-0.05466292425990105,-0.12306652218103409,1.0,0.02,-0.004911887459456921,-0.01125134527683258,0.16855524480342865,1.0,-0.015727374702692032,1.0265286348460536,-0.013668796047568321,-0.004837285727262497,-0.0028464016504585743,-0.07218935340642929,-0.0002873929915949702,-0.004977215081453323,-0.010791250504553318,0.27547696605324745,-0.03676985576748848,0.163131189358119,-0.020093392580747604,-0.0003293233457952738,1.0,0.2018568217754364,-0.1014956682920456,1.0,0.8308648198332237,-0.03910354897379875,-0.0228227898478508,-0.1576390564441681,-0.015446323901414871,1.0063559882684217,-0.023418724536895752
14400,0.8689990819754868,0.3852156576667619,-0.013242104340207107,0.3551293059228266,-0.061417831371188766,0.7589992067463971,-0.08811540993481146,0.031493687672967376,0.482598803513071,0.9017302164303829,-0.06764004431887005,0.5027063170129664,-0.0670754424511942,0.5083366657752667,0.43152205131003074,-0.09079237036293877,-0.019620716987178193,0.4857564629781881,0.0002353503290334867,0.18905812366210623,-0.025021504486617156,-0.11674301898821338,0.8097926465838875,0.3731455001324321,0.5486636179186448,0.08842470223266194,0.4669836962826642,0.8326621288423748,-0.13518616944054002,-0.2066584944729469,0.3788173330625536,-0.07392566750813673,1.6124479569940968,0.36135781630378777,-0.1353579243168946,-0.18150770277306105,-0.02352009527385235,0.023855572566390038,-0.00212646322324872,-0.007007386535406113,-0.005280924960970879,-0.01870046928524971,-0.018882382661104202,-0.0019173994660377502,-0.0003092082915827632,-0.01656237617135048,-0.06386436522006989,-0.006924282759428024,0.0008427670691162348,-0.050433505326509476,0.005294908303767443,0.0035257660783827305,1.993581934938792,-0.025401055812835693,-0.0014480482786893845,0.058535125106573105,0.00988821405917406,-0.001117475563660264,1.0,0.019947588443756104,-0.024172935634851456,-0.016329355537891388,1.0,26165.307367590372,-0.05562321096658707,-0.0023371893912553787,0.0013842657208442688,0.1073312759399414,0.10384824872016907,-0.0033771246671676636,-0.05577981099486351,-0.04807649925351143,-0.0010233367793262005,-0.0072617121040821075,0.15116152167320251,0.4461088180541992,0.9991104660491784,-0.003075225744396448,-0.007868628948926926,-0.03860941156744957,-0.02473023533821106,-0.0191347599029541,0.08161279559135437,-0.00877433642745018,-0.12318658828735352,2.496946882134144,-0.0007638537790626287,1.0,-0.040866006165742874,1.0,0.3302674889564514,0.001264070626348257,0.08306403085589409,-0.01594705879688263,-0.10308421403169632,-0.021504588425159454,-0.0550679937005043,-0.004361994098871946,0.43812950373406623,-0.007115035317838192,-0.0010833549313247204,-0.024906272068619728,-0.0010898057371377945,-0.06656751781702042,-0.13084179162979126,1.0,0.02,-0.009433528408408165,-0.006835322827100754,0.14666223526000977,1.0,-0.003951104357838631,2.420887346359805,-0.004162917844951153,-0.0038521478418260813,-0.05136886239051819,-0.1211504191160202,-1.1938624083995819e-05,-0.005641002207994461,-0.018587050959467888,0.183914203196764,-0.019164707511663437,0.40752331358648186,-0.016809090971946716,-0.00012728566071018577,1.0,0.10432124137878418,-0.06650297343730927,1.0,0.8218272943144834,-0.0014900825917720795,-0.29140153527259827,-0.13800249993801117,-0.009727422147989273,0.8202407329776445,-0.020659709349274635
14500,0.768293736939815,0.8236423092477333,-0.03397972019704534,0.22524336012675936,0.32503439012304036,1.7413153600696876,0.4245117926135181,0.3745141302469458,0.47597558971330645,0.667807571149521,0.07218974700740773,0.37148549244777906,0.14975823710977554,0.36445174824828225,0.4610956089770424,0.43220076899121296,0.10311963823876003,0.6132563813292325,-0.011438048349741037,0.3868424840573218,0.6999732485357729,0.16869636810520727,4.811144951240827,0.3647447377322872,1.2650221343747454,0.21640847719323575,0.4870992850802402,0.9132614855272685,0.3928419919322335,0.3621436555634225,0.10742411658777755,0.3220920042813527,1.6787086110683436,0.37206623851215054,0.12439794369410852,0.08195365716526601,-0.010945465415716171,0.02368960715830326,-0.002842753892764449,-0.015524812042713165,-0.005481312051415443,-0.001838403637520969,-0.03360189497470856,-0.025658519938588142,-0.0005954951047897339,-0.017887314781546593,-0.06324021518230438,-0.022358529269695282,0.0006800111150369048,-0.007829500362277031,0.002285087015479803,0.0037482415791600943,0.5804530550263467,-0.02775500901043415,-0.030785134062170982,0.05923668295145035,0.009116419591009617,-0.005075783468782902,1.0,0.009094452485442162,-0.03629462420940399,-0.0026311399415135384,1.0,78983.72746668346,-0.05631100386381149,-0.00717536685988307,0.0019358538556843996,0.15471933782100677,0.0978831872344017,-0.0009523667395114899,-0.037440307438373566,-0.01875024288892746,-0.15984995663166046,-0.002713569672778249,0.08973020315170288,0.7318702936172485,1.2941146491548738,-0.006257017608731985,-0.014688907191157341,-0.053293123841285706,-0.01327432319521904,-0.0073334090411663055,0.08619169890880585,-0.003736611222848296,-0.10642170161008835,2.6405359500595202,-0.000577993574552238,1.0,-0.003214131109416485,1.0,0.37425363063812256,-0.003675764426589012,0.08403233624994755,-0.003734533442184329,-0.038994718343019485,-0.011927824467420578,-0.03954295814037323,-0.4157761335372925,0.45333094173335403,-0.0056935930624604225,-0.009839275851845741,-0.014187214896082878,-0.0012860316783189774,-0.004939748905599117,-0.054521918296813965,1.0,0.02,-0.0045942883007228374,-0.009629400447010994,0.11997181922197342,1.0,-0.03404732048511505,1.3854293594225346,-0.004221634939312935,-0.006462750490754843,-0.003980058245360851,0.000549006275832653,-0.0008728067623451352,-0.0011905394494533539,-0.008069452829658985,0.21812969632446766,-0.046731218695640564,0.9689856009042863,-0.009476818144321442,-0.001002320903353393,1.0,0.09041740000247955,-0.0291161946952343,1.0,0.656332997323521,-0.020390257239341736,-0.027995850890874863,-0.04766183719038963,-0.00980599969625473,1.5498454327609754,-0.016758281737565994
14600,0.7340606135870125,0.2985724290149767,0.16595651741572665,0.18851394729118728,-0.02864852552763036,2.9170327797004743,0.06887653234235779,0.38774150102686344,-0.06543569963571676,0.4355084170239317,0.0037748461742318,-0.27976749025687103,0.04348631884653158,0.45598191154460976,-0.015795758063133325,0.2810570766565459,0.1282280391472251,0.19712144347390487,0.025634255873958338,0.25240424453758725,0.5897501375073859,0.30700011116930215,0.22629232715692957,-0.47285352309781503,0.25002222731192,0.23973984013412217,0.3604696518008811,0.4095198522577819,0.008296627114566569,0.011876149242626036,-0.0031888266188979317,-0.30033765418447755,3.5659202243928765,0.4404808798740807,0.1829789085581636,0.1551868820529879,-0.02060776576399803,0.022020943462848663,-0.0005642315372824669,-0.0014932826161384583,-0.0062798019498586655,-0.00033059297129511833,-0.007063111290335655,-0.0012797527015209198,-0.0016243878053501248,-0.010052407160401344,-0.01250375434756279,-0.0196390263736248,0.001248850836418569,-0.037418585270643234,0.0013411142863333225,0.0019030761905014515,2.7062313588091067,-0.006905434653162956,0.00102977454662323,0.0524795837700367,0.015135737136006355,-0.00040044868364930153,1.0,0.008258061483502388,-0.008431235328316689,-0.012754486873745918,1.0,59678.165908179304,-0.00903269462287426,-0.0024132919497787952,0.0015923271421343088,0.18224650621414185,0.24561947584152222,0.00041290372610092163,-0.040715817362070084,-0.052087295800447464,-0.0010398903395980597,-0.00597740150988102,0.18189465999603271,0.6463187336921692,0.8523341620575675,-0.003161016386002302,0.0004147551953792572,-0.03909962624311447,-0.022278130054473877,-0.013705948367714882,0.19302837550640106,-0.011159272864460945,-0.13191519677639008,0.6578143921473197,-0.00383737962692976,1.0,-0.004620008170604706,1.0,0.31637975573539734,-0.006490558851510286,0.08393257856369019,-0.014414157718420029,-0.0331941656768322,-0.003642706898972392,-0.039439138025045395,-0.00820528157055378,0.5138407351778931,-0.005574511364102364,-0.0013270480558276176,-0.04394932836294174,-0.006407374516129494,-0.011928409337997437,-0.12020103633403778,1.0,0.02,-0.0040281545370817184,-0.02352641522884369,0.371949702501297,1.0,-0.031297579407691956,3.8082559794360162,-0.003704385831952095,-0.002130996435880661,-0.025519156828522682,-0.0211490411311388,-0.0028287512250244617,-0.006839662790298462,-0.01056800689548254,0.2926016319543123,-0.011570731177926064,0.3675044751408603,-0.005840455647557974,-0.00045779941137880087,1.0,0.20337584614753723,-0.034145962446928024,1.0,0.45739632861926094,-0.0016628392040729523,-0.03535940498113632,-0.1276238113641739,-0.021396417170763016,0.6495972940818372,-0.01813983917236328
14700,0.4391516362548872,0.7829312141269498,-0.04497761196302971,-0.23646181735590055,0.024886020837059427,4.616481830039781,0.08109377061921413,-0.27914697298299007,-0.018419584533876564,0.3484821258472596,-0.02907723419759648,0.5483080853316159,-0.08316503724558347,0.4264317848095861,0.0933367039274168,0.39404110203260095,0.05133215867835936,0.5146732505009142,-0.2356794013130932,0.3375687579791488,-0.1529055306189068,-0.13317415939888755,1.0606113879210877,0.33950328369523153,0.23602426946973082,0.25411562794631704,0.17084433541849728,0.250721565137194,0.10947970647479614,-0.03181803379839427,-0.018012483914271446,-0.31064820895756184,3.5138981228988717,0.3568859474401308,0.2791490009190203,0.3572704111284497,-0.014953257516026497,0.023762905970215797,-0.012771199457347393,-0.018766723573207855,-0.005967685952782631,-0.0010571398306638002,-0.030697230249643326,-0.00037938542664051056,-0.0011764836963266134,-0.018879322335124016,-0.014479532837867737,-0.05084725469350815,0.00102503621019423,-0.007313988171517849,0.001910341321490705,0.0037925008218735456,5.545190634749476,-0.03199548274278641,-0.01186843030154705,0.05478280782699585,0.014064107090234756,0.0006768433377146721,1.0,0.03835708647966385,0.014879554510116577,-0.030576445162296295,1.0,114298.56308286001,-0.012888839468359947,-0.0038883001543581486,0.0023552938364446163,0.26501667499542236,0.253295361995697,0.0034355148673057556,-0.03543794900178909,-0.04263713210821152,0.00016163336113095284,-0.012452928349375725,0.2797931134700775,0.35536307096481323,0.4649712593481195,-0.013082277961075306,-0.010872792452573776,-0.0594012551009655,-0.021141519770026207,-0.009709171950817108,0.187966987490654,-0.002819404471665621,-0.07456515729427338,2.1522770287708615,-0.0013853863347321749,1.0,0.013710567727684975,1.0,0.549694299697876,-0.007935832254588604,0.08417877368628979,-0.011001313105225563,-0.031095309183001518,-0.002815281506627798,-0.03280089795589447,-0.045971546322107315,0.4316575925279815,-0.023568451404571533,-0.0016738398699089885,-0.020629359409213066,-0.01513160951435566,-0.0084328418597579,-0.06514964997768402,1.0,0.02,-0.010865563526749611,-0.023579301312565804,0.2616668939590454,1.0,-0.040122583508491516,3.5590914575235266,-0.011436061933636665,-0.009592141956090927,-0.02540794014930725,-0.011549312621355057,-0.0016366059426218271,-0.004989106208086014,-0.012073082849383354,0.2871688213199377,0.023139502853155136,0.7100726298903781,-0.011300163343548775,-0.0006789178587496281,1.0,0.14455416798591614,-0.04728316515684128,1.0,0.4178655616764131,-0.0006457716226577759,-0.02904489077627659,-0.1545220911502838,-0.02371738851070404,0.4490216647099952,-0.011546758003532887
14800,0.501737438000935,0.4707401624736003,0.05711015277298043,0.5043289264306796,0.09869882914516136,4.368630969593688,0.23042062303143793,-0.1985428439443146,0.5708187897318218,0.5128811792756128,0.07865809114945854,0.625010570632826,0.1129318282407765,0.7288254526085406,0.02811985391622611,0.2830496627068355,0.03348696018326194,-0.47434770265880044,-0.037260865757390654,-0.0840965319765085,-0.11787431845616843,-0.19734110460646898,0.8843512804412772,0.021589136244702187,0.38025021980247836,-0.1291147359291895,0.2394552851389529,0.7822810920292309,0.0023374820970980224,-0.3384610642414349,0.43618474097821,-0.3193097995417797,1.963642805744985,0.38221250596521295,0.506110862634809,-0.1810614255877221,-0.012974735349416733,0.021949511021375656,-0.00030800746753811836,-0.024428777396678925,-0.006001042202115059,-0.0011494208592921495,-0.06641758978366852,-0.00073237344622612,-0.001635461114346981,-0.020859595388174057,-0.040758490562438965,-0.03510523587465286,0.0008375838515348732,-0.024456843733787537,0.003033690620213747,0.0032397680915892124,6.449553144547346,-0.001302093267440796,-0.015473108738660812,0.05299750715494156,0.00882368441671133,-0.0002447254955768585,1.0,0.05403819680213928,0.03796737641096115,-0.011607476510107517,1.0,115972.67651746768,-0.038291193544864655,-0.0107343140989542,0.0015391174238175154,0.15738828480243683,0.2638775706291199,-0.0003499351441860199,-0.03475268930196762,-0.03655729442834854,-0.0059285759925842285,-0.008485955186188221,0.182937353849411,0.4482383131980896,0.7843458910568396,-0.014828111976385117,0.013604909181594849,-0.01533559150993824,-0.0005540840793401003,-0.0038269460201263428,0.3255723714828491,-0.0018541293684393167,-0.21337111294269562,1.216007530140185,-0.0010190617758780718,1.0,-0.02895929664373398,1.0,0.4696199595928192,-0.012275109067559242,0.08412922360002995,-0.006414827890694141,-0.032798901200294495,-0.009268936701118946,-0.03487527742981911,-0.024501286447048187,0.4777695207811517,-0.015230518765747547,-0.003533639945089817,-0.025553584098815918,-0.002039778046309948,-0.003989975433796644,-0.044218145310878754,1.0,0.02,-0.006520545110106468,-0.021657969802618027,0.15281982719898224,1.0,-0.029881317168474197,2.225146998330376,-0.00907477829605341,-0.007444954477250576,0.021982483565807343,-0.037786588072776794,-0.0011746413074433804,-0.0059053003787994385,-0.0073447637259960175,0.29209744557738304,-0.009109638631343842,0.4273227603086764,-0.011492926627397537,-0.0013060378842055798,1.0,0.33632588386535645,-0.04245837405323982,1.0,0.19470078250157313,-0.0011392459273338318,-0.0678132027387619,-0.07665129005908966,-0.023023270070552826,0.6856982719280358,-0.04974307864904404
14900,0.29571564526639393,0.08794614880155152,0.08305706195473007,-0.10520907704421847,0.01692655680239551,2.746274387285622,-0.17309015808965142,0.050172605402272835,-0.0253120180144153,0.7072696282296165,-0.43259868184155015,0.4282581752202013,-0.18358165491045153,0.4365323644627465,0.5048265905056531,-0.27249112417670557,0.06030467151216476,0.5871994105761099,-0.21819755438245103,-0.06568407377113743,0.7029148451466389,-0.2693832652493938,0.20993508283644924,0.07613872812222262,0.6831424215712536,-0.2716325217646731,0.392520056264091,0.4183231309701253,0.4072352016494273,0.350582335769221,0.08245569099628655,0.12173444115245305,1.4731845115471152,0.4370218893526586,0.16748859708841615,0.1481439355806222,-0.007161860354244709,0.021127939224243164,-0.01192616019397974,-0.006161455065011978,-0.007423296570777893,-0.004500195849686861,-0.02737024798989296,-0.03731264919042587,-0.0017863624962046742,-0.017819015309214592,-0.06802535057067871,1.2345612049102783e-05,0.0007564545376226306,-0.002035084180533886,0.0015688054263591766,0.0020191436633467674,4.3969027370126845,-0.011867235414683819,-0.0015186518430709839,0.05550549924373627,0.008931123651564121,-0.011380571871995926,1.0,0.011719069443643093,-0.006376453675329685,-0.009182351641356945,1.0,35989.8262371549,-0.05524066090583801,-0.008773045614361763,0.0009821440326049924,0.2641637921333313,0.10023167729377747,-0.00041106436401605606,-0.005080666393041611,-0.03148942440748215,-0.038897499442100525,-0.007614019326865673,0.20124028623104095,0.30763983726501465,0.4677267968832329,-0.0010756398551166058,-0.0003533875569701195,-0.051422201097011566,-0.028210923075675964,-0.013499570079147816,0.2874588370323181,-0.010981124825775623,-0.14223721623420715,0.7440262284630412,-0.000340609229169786,1.0,-0.0021172892302274704,1.0,0.4478440284729004,-0.0004675143864005804,0.08419419825077057,-0.0029289228841662407,-0.06519264727830887,-0.006093299016356468,-0.0064940061420202255,-0.18705123662948608,0.49894710566982564,-0.00589999184012413,-0.008553961291909218,-0.024826306849718094,-0.004290229640901089,-0.017570950090885162,-0.11362277716398239,1.0,0.02,-0.0028181057423353195,-0.014606684446334839,0.22546328604221344,1.0,-0.009715700522065163,1.3331491331440626,-0.0004023602232336998,-0.004965297877788544,-0.041681818664073944,-0.04083024710416794,4.072440788149834e-06,-0.004913952201604843,-0.009026308543980122,0.2607138641178608,-0.050920501351356506,0.19072054200138197,-0.01997319981455803,-0.00023867038544267416,1.0,0.25166916847229004,-0.010197886265814304,1.0,0.7698300020988191,-0.034335121512413025,-0.1466698795557022,-0.11002125591039658,-0.015192992985248566,0.6313683128939169,-0.015916798263788223
15000,0.5029930383965162,0.42173458987255213,0.28859893883120397,0.007917377471127338,-0.19751722385404225,3.92867142071887,-0.2304164315846235,-0.19947214428888363,-0.11285450021905419,0.6001214814466552,0.054620760697905994,0.6087541851053241,-0.19992131876445798,0.7625590957494224,0.09867905263838768,0.13497612526528463,0.16870174667285637,0.7056756331238181,0.05478208081905368,-0.2387400005250758,0.5313615930467288,-0.4254704955188204,0.745354261124505,-0.1187158565996181,0.27907973528767505,-0.41000663962515166,0.29364427360483886,-0.14779880794368916,0.08694674734898865,0.06897079515463367,0.36378742683570514,-0.00822960298547927,5.3279959957138905,0.45612169310977674,0.4090251869960912,0.44444394592984837,-0.02748141810297966,0.01829499937593937,-0.008030659519135952,-0.041290637105703354,-0.005289359018206596,0.0006780262337997556,-0.023982923477888107,-0.009325610473752022,-0.0068776169791817665,-0.019477110356092453,-0.013841968029737473,-0.05485346540808678,0.001547735184431076,-0.014114146120846272,0.0026511186733841896,0.002839784137904644,3.4320001199325016,-0.00474189780652523,-0.02271111123263836,0.048898715525865555,0.02168368175625801,-0.005139606539160013,1.0,0.027477974072098732,0.0054916515946388245,-0.0366433784365654,1.0,32123.496148264192,-0.010977942496538162,-0.029036566615104675,0.0014176270924508572,0.16406357288360596,0.24791312217712402,0.002260591834783554,-0.034630436450242996,-0.008890222758054733,-0.015430429950356483,-0.008806364610791206,0.32768532633781433,0.5390774011611938,0.7188542375159737,-0.017920251935720444,0.015665993094444275,-0.051109980791807175,-0.025519564747810364,-0.009877128526568413,0.1961645483970642,-0.008369555696845055,-0.11036087572574615,0.8654497694484671,-0.0018841885030269623,1.0,-0.016631847247481346,1.0,0.4487657845020294,-0.004093595780432224,0.08422059565782547,-0.005481822416186333,-0.03555696830153465,-0.0029126517474651337,-0.032399095594882965,-0.06358149647712708,0.5011159857298271,-0.027682621031999588,-0.0016197338700294495,-0.00708419643342495,-0.027895506471395493,-0.001659054309129715,-0.0905473604798317,1.0,0.02,-0.0021630816627293825,-0.004570977762341499,0.394003689289093,1.0,-0.040000759065151215,4.408430458902679,-0.04337450489401817,-0.007357891649007797,-0.008921412751078606,0.01359524019062519,-0.0007218006066977978,-0.004062470048666,-0.0091388039290905,0.31607625633478165,-8.865445852279663e-05,0.292936558343144,-0.022567324340343475,0.0003837768454104662,1.0,0.21093660593032837,-0.04091070219874382,1.0,0.40611467120812583,-0.005820292979478836,-0.03453444689512253,-0.11288943886756897,-0.0052260346710681915,0.628153555279953,-0.017487239092588425
15100,0.17938154791562097,0.13764590873736132,0.02562686926976901,0.13632241022482558,0.10661017379993822,0.7587180328615787,-0.11395079810114019,-0.24488516182050651,-0.47235285937119664,0.3590742657360973,-0.04524914061797383,0.22145895111592648,0.13042640401547825,-0.16150359656608265,-0.19523882096941542,0.27525531020040933,0.21604833561583692,0.2898283512385148,0.049520736394815516,0.16324710986706875,0.23430406735075127,0.1701525949938047,0.2564464048442213,0.004060488557695516,0.7150534766241653,0.22150548103885692,0.2548418970068789,0.08094438899010717,0.41017427999078876,0.40103922940434716,0.04226510824357615,0.10502502404272498,0.8408295463001917,0.24425361403416204,0.2213282659781969,0.04681379849592601,-0.0165453739464283,0.01824430748820305,0.00021033152006566525,-0.003862585872411728,-0.00646740198135376,-0.0062552462331950665,-0.06295573711395264,-0.011617440730333328,-0.0011806990951299667,-0.010718412697315216,-0.06652779877185822,-0.008666995912790298,0.000740444811526686,-0.0026241494342684746,0.0012404436711221933,0.002475389279425144,1.0615208000973702,-0.025447864085435867,-0.0005915239453315735,0.04941192641854286,0.007263613399118185,-0.00039822596590965986,1.0,0.012571585364639759,-0.028420496731996536,-0.01065073162317276,1.0,1049.5943331663086,-0.06034599617123604,-0.004721697419881821,0.0009551811963319778,0.13021482527256012,0.09608761221170425,-0.0031715170480310917,-0.005048781633377075,-0.031961094588041306,-0.01868649758398533,-0.0073286863043904305,0.11409467458724976,0.28729432821273804,0.500175177876199,-0.001180544262751937,0.001591406762599945,-0.060176532715559006,-0.02263391762971878,-0.008765007369220257,0.1820756047964096,-0.006790138315409422,-0.10238628089427948,0.6335108506904639,-0.001090420177206397,1.0,-0.015751875936985016,1.0,0.4528331756591797,-0.0027981784660369158,0.0842676479369402,-0.001142357476055622,-0.04992298781871796,-0.008628261275589466,-0.006546439602971077,-0.12009969353675842,0.3736427798143687,-0.024236632511019707,-0.013943198136985302,-0.012355698272585869,-0.0026616728864610195,-0.031159665435552597,-0.11314176023006439,1.0,0.02,-0.001711005112156272,-0.017205212265253067,0.23634672164916992,1.0,-0.0044609736651182175,1.1520316237735264,-0.007170666474848986,-0.008884785696864128,-0.048838358372449875,-0.043552104383707047,-0.0008868682780303061,-0.004758249968290329,-0.004064046312123537,0.20796810928732157,-0.03626285865902901,0.1901792632510296,-0.0029336009174585342,-0.000792630307842046,1.0,0.16479793190956116,-0.013139660470187664,1.0,0.41613000101553066,-0.0084417425096035,-0.17714418470859528,-0.04004734009504318,-0.011338017880916595,0.8028635870856129,-0.010873017832636833
15200,1.5957439766790908,0.2829769327172512,0.01176728355466508,0.5095965804831545,-0.2632509743180305,1.5063375391987877,0.16077884411291019,0.181581278567993,-0.08938423936845294,0.940815680257696,-0.06977918106989903,-0.056664423872771603,-0.12423612538624618,-0.23115621213317689,0.5401417291847286,-0.024481391989231122,0.09342830560832692,-0.3633634871455148,0.02733382990593771,-0.12239108171601479,-0.45130160624248317,-0.17424273037074894,0.6338004446745706,0.46056344300497964,1.6041746058421704,0.35778365114591143,0.5716300880309928,0.9329112318045875,-0.21598417818864482,-0.24842888270593422,0.4658915949036177,-0.20597997355797432,1.1067370069476792,0.2168166768868484,0.15525464261929273,0.12044881966475489,-0.005122877657413483,0.02466905489563942,-0.003041468095034361,0.0005093961954116821,-0.0027907267212867737,-0.023382730782032013,-0.026355775073170662,-0.01791500300168991,-0.0002118271659128368,-0.023542732000350952,-0.051534321159124374,-0.008300017565488815,0.0007365213823504746,-0.011165564879775047,0.002481016330420971,0.002078973688185215,1.8702463550317923,-0.008840890601277351,0.004889186471700668,0.055058348923921585,0.006984790787100792,-0.002549404976889491,1.0,0.018351463600993156,-0.012988613918423653,-0.015031633898615837,1.0,9126.91987113034,-0.03972188010811806,-0.0014314819127321243,0.0011752357240766287,0.20867693424224854,0.15505358576774597,-0.007385488599538803,-0.049992408603429794,-0.04053379222750664,-0.002571352059021592,-0.0042776186019182205,0.1870255321264267,0.7884132862091064,1.493694114333085,-0.005144867114722729,0.0007050056010484695,-0.03947499021887779,-0.025204580277204514,-0.007690435275435448,0.22395846247673035,-0.012090299278497696,-0.13231049478054047,2.4149292724068645,-0.002017214195802808,1.0,-0.030264096334576607,1.0,0.4836565852165222,-0.0012057546991854906,0.0841238759458065,-0.01639927551150322,-0.046256713569164276,-0.01015760563313961,-0.04495177045464516,-0.010402725078165531,0.3459921982493767,-0.015160055831074715,-0.0020233625546097755,-0.0175422802567482,-0.0027218610048294067,-0.05402614548802376,-0.11239965260028839,1.0,0.02,-0.009749182499945164,-0.019360605627298355,0.21491844952106476,1.0,-0.016909029334783554,1.2928269681385445,-0.0023865941911935806,-0.004055355675518513,-0.023471714928746223,-0.105862095952034,-0.0001945885014720261,-0.004179906100034714,-0.0036130903754383326,0.32084358111023903,0.0017231106758117676,0.39981829464918206,-0.0132527407258749,-0.00026636262191459537,1.0,0.30504581332206726,-0.03301377594470978,1.0,1.1585873190136962,-0.014698769897222519,-0.09008748084306717,-0.0549728088080883,-0.022816549986600876,1.9352120027978632,-0.015843961387872696
15300,0.7267773486067164,0.2284557556200721,0.12344905402970195,0.43441018310727203,-0.14992670658374088,1.1932420808931383,-0.040792310372263635,-0.259054132616863,0.08897482698493277,0.8947841802847495,0.0018001524522356224,0.20752760428801734,0.010973739259888886,-0.0712441526988512,0.45607753220674907,0.31664502592815497,0.04689484441496231,0.16937046098985836,0.04870527962606297,-0.009036036709399203,-0.1685305864308174,-0.130101733744115,0.6932358291883518,0.40915469705993424,1.048264020377733,0.5373310665352289,0.3813596711695875,0.9123426681906679,-0.16167202615328907,-0.31517329274253975,0.3386400566224253,-0.33681586537187347,1.0104736296154675,0.2144862182689732,0.11480269818134461,-0.03691688159870918,-0.012455274350941181,0.020814312621951103,-0.0001552300527691841,-0.010850712656974792,-0.0034661609679460526,-0.0043731676414608955,-0.03348377346992493,-0.004961909726262093,-0.001214452087879181,-0.015040802769362926,-0.05523009970784187,-0.00416957214474678,0.0007597701624035835,-0.012997526675462723,0.0023853362072259188,0.0036082270089536905,2.6599886496156526,-0.02164953202009201,-0.005015324801206589,0.05040318891406059,0.005705393850803375,-0.000378731288947165,1.0,0.007597331888973713,-0.010066640563309193,-0.004010457545518875,1.0,7707.5423677853505,-0.04710111767053604,-0.004062380641698837,0.0010993510950356722,0.23617328703403473,0.1389346867799759,-0.0033364128321409225,-0.019776415079832077,-0.03566834703087807,-0.006666078232228756,-0.006813351996243,0.11022548377513885,0.4830024540424347,0.6573756353821971,-0.004142635501921177,-0.03593198582530022,-0.04494508355855942,-0.022579509764909744,-0.017442364245653152,0.14655263721942902,-0.010211111046373844,-0.19460976123809814,1.472514500923787,-0.00541328452527523,1.0,-0.033780287951231,1.0,0.36227256059646606,0.00017493823543190956,0.0842570923268795,-0.004794500768184662,-0.1074693575501442,-0.01063061784952879,-0.022810207679867744,-0.01734866201877594,0.3113414457023413,-0.022130917757749557,-0.001796879107132554,-0.01734245754778385,-0.00430202204734087,-0.028149843215942383,-0.1293841302394867,1.0,0.02,-0.0038001909852027893,-0.024799330160021782,0.13290369510650635,1.0,-0.008877947926521301,1.559648108010724,-0.007584713399410248,-0.0057933880016207695,-0.04875809699296951,-0.04912029951810837,-0.0008396010380238295,-0.002693790942430496,-0.007310513406991959,0.223317451775074,-0.014735453762114048,0.34992293719984446,-0.007551224902272224,-0.0007259874837473035,1.0,0.17647480964660645,-0.042450010776519775,1.0,1.0290850412781278,-0.006063435226678848,-0.2122887670993805,-0.12638580799102783,-0.025944512337446213,1.1187399889060938,-0.01669277995824814
15400,0.9826075620642245,0.4129236484109009,0.09532737354839133,-0.10782988780267416,0.3181460547889852,2.721269301827738,0.2815977546475056,0.3457646118944867,0.29624268643005947,0.6984179699162778,-0.15672513293881984,0.30715804766047095,-0.07011986797615216,-0.3908022524438324,0.5853046190522063,0.4800978900063255,0.06863556272660304,0.5087483368630551,0.020523576786713037,0.3272770026201099,0.6689364537354898,-0.04534362083381414,1.0371317453589468,0.4977940784551003,1.8285820647173434,-0.10611779526459547,0.40533663355964084,0.959098833055014,0.3250420306893438,0.30206306996587223,-0.1647335735443864,0.25812881805438104,2.769971818790237,0.5530228942753853,0.13226441697782848,0.12564220591406877,-0.015997372567653656,0.01844903640449047,-0.008386386558413506,-0.020227596163749695,-0.0035904664546251297,-0.006219295784831047,-0.008114517666399479,-0.013691643252968788,-0.0009334650821983814,-0.022154418751597404,-0.10171043872833252,-0.005665268748998642,0.0010942148510366678,-0.035400986671447754,0.0014524548314511776,0.0032572338823229074,4.898790721169318,-0.014218258671462536,-0.014760026708245277,0.05157002806663513,0.00962421577423811,-0.004112470895051956,1.0,0.014985424466431141,-0.0039036283269524574,0.002019801177084446,1.0,94995.57373828194,-0.0965537279844284,-0.005023267585784197,0.0014966221060603857,0.15905579924583435,0.07965012639760971,0.0019946228712797165,-0.07978740334510803,-0.0265934020280838,-0.006729908287525177,-0.003481828374788165,0.10909203439950943,0.36747393012046814,1.396179166556955,-0.002948254346847534,-0.01207768451422453,-0.053638048470020294,-0.027154410257935524,-0.014313890598714352,0.2830882966518402,-0.006342986598610878,-0.16713735461235046,1.7570366560548152,-0.00044148426968604326,1.0,-0.011270991526544094,1.0,0.3022267818450928,-0.0078887939453125,0.08453608676791191,-0.012665467336773872,-0.13907693326473236,-0.009769600816071033,-0.0897747129201889,-0.12438950687646866,0.6036094273438951,-0.006497754715383053,-0.012062789872288704,-0.02217472530901432,-0.007531237788498402,-0.030719691887497902,-0.1148051768541336,1.0,0.02,-0.002467336831614375,-0.004844376817345619,0.1295064091682434,1.0,-0.022540049627423286,2.984676903971772,0.0006807874888181686,-0.002713772002607584,-0.03495118021965027,-0.03462013602256775,-0.0012490027584135532,-0.0018833503127098083,-0.0011765738017857075,0.22567103430628777,-0.031231727451086044,0.4445407436286295,-0.01977977529168129,-0.001063706586137414,1.0,0.3752748966217041,-0.017642050981521606,1.0,0.7595072021549764,-0.0054198578000068665,-0.2752896547317505,-0.0551028810441494,-0.00327422097325325,1.9641265692998182,-0.0228371974080801
15500,0.7550931911293275,0.2539555302428422,0.010113288952199427,-0.05764133597206742,0.5785486154942411,1.0726890147927188,0.3279420804105151,0.16935183914021634,0.4164436553685886,0.25568941873388484,0.16461013987769213,0.4775026105737445,-0.1630965107108639,0.14252767758713067,0.04455763159381185,0.21324759560743853,0.040336438022843674,0.06224385331545365,0.11540964538709443,-0.017257880836636895,-0.12213155206589409,-0.1985794514819742,0.8030844453233734,0.10000661292471559,0.9558005185168055,0.13510769490854704,0.5046784925990762,0.8658389396890236,0.6254560219195648,0.29069768605727503,-0.06108505074639205,0.24287286628840743,0.8894682591384596,0.2892236877004052,0.2981747539022187,0.07722587195966685,-0.006254608742892742,0.01771378144621849,-0.009443268179893494,-0.00730586051940918,-0.004346713423728943,-0.013435658998787403,-0.055457327514886856,-0.04942520335316658,-0.0004934471216984093,-0.01675838604569435,-0.09189502894878387,-0.00959283858537674,0.0006645025569014251,-0.02183651737868786,0.0012486173072829843,0.002834796439856291,1.422340712433239,-0.0360679067671299,-0.005788952112197876,0.04735584557056427,0.006855180021375418,-0.00862828828394413,1.0,0.011086773127317429,-0.012750014662742615,-0.0008735968731343746,1.0,40702.443447645,-0.07267327606678009,-0.0035115964710712433,0.0008919368265196681,0.13952428102493286,0.17143645882606506,-0.0013717743568122387,-0.073476143181324,-0.020831234753131866,-0.003005789592862129,-0.004847319796681404,0.15930618345737457,0.8025186657905579,1.0506316927810202,-0.004181296564638615,-0.017467955127358437,-0.05433376505970955,-0.019785316661000252,-0.011325040832161903,0.1580880731344223,-0.006607473827898502,-0.016044970601797104,2.9271642816940946,-0.0013095990289002657,1.0,-0.01889687404036522,1.0,0.4523621201515198,-0.009987537749111652,0.08544004522264004,-0.010364318266510963,-0.0970640555024147,-0.008912536315619946,-0.0735076367855072,-0.022062933072447777,0.35424152726749203,-0.009942945092916489,-0.015206410549581051,-0.007818888872861862,-0.0029220418073236942,-0.060840580612421036,-0.12927480041980743,1.0,0.02,-0.001468020724132657,-0.012784499675035477,0.20553067326545715,1.0,-0.020491991192102432,0.9509256573529007,-0.001409952063113451,-0.0076698316261172295,-0.03496516868472099,-0.09136407822370529,-0.0015330987516790628,-0.004661254584789276,-0.003996395971626043,0.2827449645847082,-0.011105976998806,0.4132698265393484,-0.013940393924713135,-0.0018466862384229898,1.0,0.17319326102733612,-0.011888150125741959,1.0,0.34127893401938375,-0.05226637423038483,-0.20959478616714478,-0.09073136746883392,-0.013668961822986603,1.0723853284324312,-0.014952871017158031
15600,1.3721341855809779,0.3958813193178536,-0.03175334755542994,0.5381964690868491,-0.28038794890259755,2.994282333614216,-0.37724649792431997,-0.17884760214287626,0.6152996864442765,0.35586428385738966,-0.012378427480526614,0.6669168762050911,-0.27948902181239316,0.7324573590859179,0.3780815915584793,0.12066693638104439,0.10095172701887015,0.3259125091195726,0.018602442475394155,0.2340898386165411,0.2919575791257999,-0.3607528619591378,1.1230131670764851,0.38325833873524284,1.5672997058784541,0.10503298623865774,0.41663087122174136,0.9350366346734833,-0.26562568390297314,-0.1446294426235698,0.467165526996131,-0.0689502191770393,2.873371007872015,0.668378271171782,0.1954949095326686,0.1756331290143957,-0.02443079836666584,0.018790673464536667,-0.013154863379895687,-0.026312239468097687,-0.005206910893321037,-0.007616553455591202,-0.00817103311419487,-0.026148591190576553,-0.004757823422551155,-0.021946463733911514,-0.09770245105028152,-0.03635985404253006,0.0013654325157403946,-0.003938415087759495,0.0016047200188040733,0.003951667807996273,4.890904019137368,-0.010703841224312782,-0.014208536595106125,0.04898213595151901,0.009867055341601372,-0.00957445241510868,1.0,0.019646799191832542,-0.0009125526994466782,-0.018177010118961334,1.0,50213.93887079593,-0.07687515020370483,-0.01780448481440544,0.0012180469930171967,0.1830502152442932,0.10154972970485687,-0.016773922368884087,-0.0835961177945137,-0.038596175611019135,-0.016451582312583923,-0.007552305236458778,0.17747706174850464,0.7042112350463867,1.3199737598740087,-0.00897702481597662,-0.016515793278813362,-0.02564699575304985,-0.004626431502401829,-0.01499720849096775,0.10804629325866699,-0.006889038719236851,-0.15708133578300476,1.2425973033289932,2.099457196891308e-05,1.0,3.698095679283142e-05,1.0,0.44810807704925537,-0.008386694826185703,0.08397291973233223,-0.014303041622042656,-0.019854910671710968,-0.014742068946361542,-0.07797713577747345,-0.045014042407274246,0.6990392084323961,-0.004590550437569618,-0.01464566495269537,-0.021272990852594376,-0.019163036718964577,-0.016773413866758347,-0.08999498188495636,1.0,0.02,-0.002381030935794115,-0.005741041153669357,0.17252641916275024,1.0,-0.02904181182384491,2.6045855763302534,-0.028490571305155754,-0.003238652367144823,-0.03624793142080307,-0.05168711394071579,0.00010829849634319544,-0.008122805505990982,-0.011494351550936699,0.25945999287068844,-0.00265292264521122,0.33851036226751,-0.023897536098957062,-0.0005932128988206387,1.0,0.18071091175079346,-0.01677723601460457,1.0,0.34587198214824627,-0.02624400705099106,-0.008042578585445881,-0.15728332102298737,-0.010544240474700928,1.6087930101134755,-0.01954154670238495
15700,0.4009337021482254,0.30544087281463783,0.12467763190101612,-0.26996564650442256,0.20258497252698796,0.9575272418355965,-0.0235232718833586,-0.2966088965335144,-0.4622747190101223,0.32300842196800145,-0.0898080099943454,-0.42574179718493155,0.10227014014961848,0.5019428998384965,-0.43138417018852415,-0.028530887407658863,0.19010632802214544,0.14414542268400593,-0.019149492866439032,0.3167848684245211,-0.024524130062526114,-0.04580802440269131,0.38713609998289633,-0.3584691023683065,0.44728810876582586,0.530192807563018,0.35944677356417737,0.5735952041337382,0.23807089403150417,0.26748494443544124,-0.08872042832744362,0.2460201768766238,1.5310470701425247,0.39412318383513834,0.057528292784124704,0.1446796654685245,-0.02549964375793934,0.01484969537705183,-0.0001897451002150774,-0.03723624348640442,-0.005115977488458157,-0.0025021422188729048,-0.035793423652648926,-0.006729396991431713,-0.003597216447815299,-0.012023069895803928,-0.03858280926942825,-0.05054137110710144,0.0010209719184786081,-0.023027203977108,0.001221082522533834,0.0022652517072856426,2.0559361291286686,-0.01803235337138176,-0.020725328475236893,0.046023398637771606,0.007902974262833595,-0.0006240999791771173,1.0,0.018937967717647552,-0.02194124460220337,-0.0031112972646951675,1.0,7329.670038296602,-0.028762228786945343,-0.020386509597301483,0.001005689729936421,0.29059216380119324,0.0929025262594223,6.686709821224213e-05,-0.07378717511892319,-0.05807787925004959,-0.011347368359565735,-0.009879340417683125,0.20107515156269073,0.43071067333221436,0.5668869583974837,-0.005866908933967352,-0.021993018686771393,-0.052902985364198685,-0.024123400449752808,-0.012800198048353195,0.10632394254207611,-0.007161914370954037,-0.16446034610271454,0.4885083561552344,-0.004826713353395462,1.0,-0.012674219906330109,1.0,0.49644964933395386,-0.011612584814429283,0.08385875821113586,-0.010375101119279861,-0.025541696697473526,-0.009809854440391064,-0.07112089544534683,-0.03201999142765999,0.4603389625146883,-0.018736297264695168,-0.0054617072455585,-0.03336743265390396,-0.008031414821743965,-0.012310033664107323,-0.10536345839500427,1.0,0.02,-0.0041011180728673935,-0.013722254894673824,0.16428327560424805,1.0,-0.04363469406962395,1.4702156740232915,-0.01729767955839634,-0.00691566988825798,-0.01903596520423889,-0.016976909711956978,-0.00041350675746798515,-0.003908134996891022,-0.019130241125822067,0.24483897350728512,-0.04395070672035217,0.21825001529680949,-0.0047673992812633514,-5.0677917897701263e-05,1.0,0.1763744056224823,-0.06988226622343063,1.0,0.3470585455885535,-0.008156739175319672,-0.015693701803684235,-0.20299986004829407,-0.012880410999059677,0.5887878356976493,-0.018906254321336746
15800,0.7042836589910123,0.5042919349132031,0.08671020265076164,0.10252168704172385,0.6206841211619843,5.511559600491811,0.4727184954245399,0.3484751039306348,0.544500414676794,0.7992462641388519,-0.09838853683814895,0.5502279438681184,0.15284889794144024,0.05900652495765407,0.6586007091404825,0.40247304385418714,0.06860565638653113,0.715306750260016,0.014112011225532874,0.4557694014639553,0.641015137958019,0.33398148321194654,0.8056531228070587,0.53753337879692,1.560563692495247,0.22611582575099348,0.45189095187949074,0.8873325803909655,0.68434666584095,0.3784576441566838,-0.0019282368685974195,0.3039198536042049,1.1709615664828845,0.5460515108487272,0.15427022866626566,0.08265009520657776,-0.010519660077989101,0.016262566670775414,-0.010921880602836609,-0.004579860717058182,-0.003650004044175148,-0.001728468225337565,-0.008726278319954872,-0.058192379772663116,9.53777926042676e-05,-0.02272881381213665,-0.12244442105293274,-0.024213798344135284,0.0011158314300701022,-0.04351736605167389,0.0014961704146116972,0.0034822537563741207,6.7965634414732845,0.008816022425889969,-0.004832889884710312,0.04593609273433685,0.006990566849708557,-0.007535878568887711,1.0,0.039250992238521576,0.005494680255651474,-0.000341121107339859,1.0,73282.71656639157,-0.11341556161642075,6.533670239150524e-05,0.0011932274792343378,0.1301450878381729,0.18585734069347382,-0.001150599680840969,-0.1204342395067215,-0.039933159947395325,-0.00042944285087287426,-0.0034133403096348047,0.15885843336582184,0.6796654462814331,1.026614110486344,-0.004461439326405525,-0.011306889355182648,-0.04365379363298416,-0.019279180094599724,-0.004996165633201599,0.2501196265220642,-0.006317608058452606,-0.006610758602619171,1.9623628045082544,0.0003574133152142167,1.0,-0.005049355328083038,1.0,0.5269148349761963,-0.005302228033542633,0.0833798311650753,-0.012949303723871708,-0.07715408504009247,-0.008738064207136631,-0.14167582988739014,-0.025071432814002037,0.5777866056721814,-0.018259063363075256,-0.010561804287135601,-0.032268226146698,-0.0038229618221521378,-0.01430442463606596,-0.07872883230447769,1.0,0.02,-0.0005456212675198913,-0.00925174355506897,0.15632061660289764,1.0,-0.039338015019893646,1.1342781312521022,-0.00836374145001173,-0.0012628574622794986,-0.0157691091299057,-0.027337849140167236,-0.0004678150871768594,-0.00234893336892128,-0.007734481245279312,0.29322537034749985,0.0285194031894207,0.6402110095754867,-0.015613198280334473,-0.00030005956068634987,1.0,0.25792157649993896,-0.01668507419526577,1.0,0.912599559866333,-0.0571582168340683,-0.18552926182746887,-0.06417568027973175,-0.00942239910364151,1.6578034656317797,-0.01290425006300211
15900,0.6820748114033338,0.2868192081760248,-0.05112581621566123,-0.06681162525498223,-0.13127634259213328,1.4030736194103022,0.060856767291510655,0.256043446256909,0.0025931035499906344,0.27218227446451526,0.09833798718192377,0.014138197558401776,0.11833323905837488,0.3761864551447352,0.04233617806223867,0.31111952179639396,0.1107741437311337,0.07353154279976942,0.09764658943980825,0.23396939423217905,0.4888822639119348,0.3106758214296602,0.30575333682886463,-0.0773180869403586,0.7856387745840474,0.2798558338141213,0.4708137828678523,0.6171982879903665,0.05199053541312823,0.018472929475106006,-0.08622344045658026,-0.18417745229682467,1.0187430214899336,0.30984168898975767,0.0030688329297221054,0.3383629473115713,-0.0065821753814816475,0.019023176282644272,-0.0012609644327312708,0.00347059965133667,-0.006291301921010017,-0.01447136327624321,-0.052022628486156464,-0.016952034085989,-0.0007626069709658623,-0.018504537642002106,-0.013339180499315262,-0.016168884932994843,0.0005201277090236545,-0.014438563026487827,0.001337728463113308,0.002516868757084012,1.3462073678177,-0.028571834787726402,0.0015914812684059143,0.048431895673274994,0.004550150129944086,-0.0006603668443858624,1.0,0.009445296600461006,-0.01792646199464798,-0.0011770762503147125,1.0,11890.787609465424,-0.014294207096099854,-0.004392320290207863,0.0010218775132670999,0.37155163288116455,0.10497451573610306,-2.5583431124687195e-05,0.0036212727427482605,-0.005192745476961136,-0.03652162104845047,-0.0044558378867805,0.15827439725399017,0.34628233313560486,0.8255727917780791,-0.003920172341167927,-0.031955964863300323,-0.052167318761348724,-0.013250133953988552,-0.012062523514032364,0.3165096044540405,-0.003236037213355303,-0.13733713328838348,0.29388218776322833,-0.0020187310874462128,1.0,-0.045658648014068604,1.0,0.4676026701927185,-0.00035018089693039656,0.08406238444149494,-0.0022365665063261986,-0.0642111748456955,-0.0007146080024540424,0.0004997067153453827,-0.1314193308353424,0.3825893334175356,-0.014264320954680443,-0.0004450941924005747,-0.0035430174320936203,-0.0040628607384860516,-0.054454803466796875,-0.13563935458660126,1.0,0.02,-0.0063816760666668415,-0.018711436539888382,0.14360973238945007,1.0,-0.022998597472906113,1.156484482964041,-0.008743586018681526,-0.00755368173122406,-0.033082492649555206,-0.08468889445066452,-4.647113382816315e-05,-0.005847860127687454,-0.00558767095208168,0.2728780647739768,-0.025669673457741737,0.41551380154210227,-0.013191950507462025,-7.48957390896976e-05,1.0,0.2742196321487427,-0.020594224333763123,1.0,0.336109711189712,-0.016778908669948578,-0.08459489792585373,-0.07236123085021973,-0.021354220807552338,0.8872475205216442,-0.02863636612892151
16000,1.4607501075887228,0.5183652534022937,0.014316323573983542,-0.23725590325302431,-0.23669341379434047,2.179684130822494,0.21015216732961367,0.35155038249541004,-0.1277493979743276,0.5091085549462984,0.06717132715546589,-0.04919528410582892,0.18413044327557376,0.6653474990259927,0.4361227835825892,0.19659799876229844,-0.03903314838313506,0.23282186728210527,0.07415375488979216,0.09619442366681062,0.0585669100637431,0.41348253244436883,0.42409913398352905,0.4753685455620822,2.0097467410308822,0.01694741531900678,0.3665438031549075,0.9254030457337348,-0.20026062591188912,-0.20301122263570823,-0.11300125417191721,-0.15160289701229207,1.5916757372281327,0.5027387598142318,0.06787750734252898,-0.10806995163378236,-0.018712637946009636,0.02015991508960724,-0.0026600249111652374,0.0021203458309173584,-0.0011234097182750702,-0.008383776992559433,-0.010365761816501617,-0.025173772126436234,-0.0020542533602565527,-0.02835748717188835,-0.07139843702316284,-0.014328837394714355,0.0010597121436148882,-0.01271618902683258,0.002278170781210065,0.0030633299611508846,1.1784050763925753,-0.004873497411608696,0.001771721988916397,0.0487218052148819,0.005842797923833132,-0.002937361830845475,1.0,0.019010186195373535,-0.011973481625318527,-0.011982476338744164,1.0,101346.34726226961,-0.06254468113183975,-0.00013817823491990566,0.0016390981618314981,0.13651874661445618,0.13264933228492737,-0.007951103150844574,-0.0800401121377945,-0.03802558779716492,-0.001958195585757494,-0.002103070728480816,0.20619457960128784,0.6291476488113403,1.116699604070126,-0.002767435973510146,0.0030576884746551514,-0.01842726767063141,-0.014307206496596336,-0.013859234750270844,0.17201703786849976,-0.008258449845016003,-0.18371343612670898,0.5781104417095696,-0.002391092712059617,1.0,-0.0206572487950325,1.0,0.32130083441734314,-0.006129655055701733,0.08415842801332474,-0.015838028863072395,-0.05530038848519325,-0.015465594828128815,-0.07712903618812561,-0.007071670610457659,0.5990593026965905,-0.014843132346868515,-0.0078284265473485,-0.023114830255508423,0.000848135445266962,-0.03900735080242157,-0.11674264073371887,1.0,0.02,-0.004042520187795162,-0.009394701570272446,0.28834623098373413,1.0,-0.013988059014081955,1.6313940418621855,-0.004345106426626444,-0.004421423189342022,-0.013055764138698578,-0.05775638669729233,-0.0006826914614066482,-0.0008049793541431427,-0.005763648077845573,0.2520994432270527,-0.005672493949532509,0.6651513638977837,-0.01285841129720211,-0.0010651049669831991,1.0,0.13062113523483276,-0.038835663348436356,1.0,0.476534084049542,-0.025768935680389404,-0.09932063519954681,-0.07814022898674011,-0.015749149024486542,1.787760121707841,-0.018247047439217567
16100,0.6821607210855177,0.4031999272017413,0.13884359967171453,0.014771023120049931,-0.013521226007234604,1.9187931471512398,0.21061340761766523,-0.077962536123861,0.08110281534482525,1.089830357398872,0.16140539035425228,-0.1456426783167563,0.15879831272688852,0.759917056449061,0.09007227434677362,0.13758135391285684,0.1796641404765233,0.4397433038008478,0.2637151992267845,0.4102904141184889,0.007372096856112391,-0.042794143094921674,0.731502858535752,-0.02012099305622708,0.41488062403185777,0.5872518408791523,0.34973603889087174,0.29872875245146563,0.0031438342792258272,-0.04009403101049105,-0.22535832964995378,0.03526760127720014,2.8449296515191125,0.3711968184982217,0.26447524664690736,0.22565464057044746,-0.027945058420300484,0.019587796181440353,-0.0010081687942147255,-0.038017142564058304,-0.00193004310131073,-0.005122902803122997,-0.02200912870466709,-5.210749804973602e-05,-0.003681786358356476,-0.009340120479464531,-0.004669986665248871,-0.042157065123319626,0.0008225877536460757,-0.0993305966258049,0.003144571091979742,0.0034333583898842335,0.6366620029585572,-0.009587731212377548,-0.024502798914909363,0.049923185259103775,0.0076552196405828,-9.751343168318272e-05,1.0,0.02110665664076805,0.0028909072279930115,-0.006794844288378954,1.0,17783.616544193213,-0.007625546306371689,-0.009599482640624046,0.0010623575653880835,0.10651972144842148,0.1009802371263504,-0.0010312185622751713,-0.06007528677582741,-0.03577304258942604,-0.01782967522740364,-0.007716374471783638,0.08190984278917313,0.30752864480018616,0.8002456468689255,-0.002490461338311434,-0.010042117908596992,-0.042633578181266785,-0.02154545485973358,-0.004883911460638046,0.230443075299263,-0.005025560036301613,-0.17646729946136475,0.9392517534518918,-0.0010089320130646229,1.0,-0.00043700821697711945,1.0,0.34145915508270264,-0.005646363366395235,0.08541092462837696,-0.025707226246595383,-0.021870391443371773,-0.0002491753548383713,-0.06904803216457367,-0.04734218865633011,0.48244153361609693,-0.01216786541044712,-0.0003205833490937948,-0.017974622547626495,-0.0013126102276146412,-0.0018413043580949306,-0.0031910985708236694,1.0,0.02,-0.004312749486416578,-0.013468630611896515,0.16251370310783386,1.0,-0.03430168330669403,3.420107554065263,-0.006197779905050993,-0.008083000779151917,0.0020120330154895782,-0.0009183208458125591,3.7042947951704264e-05,-0.0012709349393844604,-0.0006449695210903883,0.20951437950134277,-0.004218563437461853,0.2942262318278903,-0.002756423782557249,-0.00022487400565296412,1.0,0.3447606563568115,-0.0001768816728144884,1.0,1.1419412339986075,-0.0006574951112270355,-0.01906903274357319,-0.0019199317321181297,-0.013637218624353409,0.43916422938871325,-0.01287129893898964
16200,0.5098125713794713,0.27434693779415303,0.08051516502961303,0.18007101711426826,0.05174964185853562,0.6811818597186298,-0.1607553546094544,0.2705730271485697,-0.16883737321962256,0.6433162204592825,-0.1139765242783192,-0.05349990709757729,0.18470939808548179,-0.1091458666351626,0.22827519630163443,0.2023693638587108,0.2372477895696971,0.5531179526421379,0.012413521671580767,-0.046586104177504195,0.587520570025612,0.2954187589417478,0.1952926211914475,0.025408019347298638,0.33558325456500754,0.3423518073549434,0.4150150979408021,0.5295533054841863,0.09196293457066598,0.12663808022392903,0.2708346255456476,0.031808472389420556,2.17468761975361,0.6198677694614066,0.28639458988196914,0.16879546758246364,-0.026249051094055176,0.01914440281689167,-0.006017349194735289,0.002131979912519455,-0.007870720699429512,-0.0067514339461922646,-0.018859345465898514,-0.016234194859862328,0.0005377749912440777,-0.01801307685673237,-0.009066004306077957,-0.006414283066987991,0.00128271896392107,-0.004622596316039562,0.001517241820693016,0.0023522456176579,2.7215772027284393,-0.022496098652482033,0.002040015533566475,0.04936316981911659,0.006324601359665394,-0.007151283789426088,1.0,0.018059270456433296,-0.005377950146794319,0.00015268009155988693,1.0,13440.62409209671,-0.004836278036236763,-0.0005883218254894018,0.0010527638951316476,0.2539990246295929,0.3204226791858673,-0.0014562830328941345,-0.060071270912885666,-0.01786978915333748,-0.010441225953400135,-0.004674587864428759,0.24783910810947418,0.5065162181854248,0.4037398596050481,-0.0013204584829509258,-0.002375274896621704,-0.051586441695690155,-0.01957806944847107,-0.014441234990954399,0.24589617550373077,-0.007327118422836065,-0.1434527188539505,0.24412117210483628,-0.005437563639134169,1.0,-0.009212702512741089,1.0,0.4938421845436096,-0.0021400765981525183,0.08394592814147472,-0.0042168693616986275,-0.019036220386624336,-0.001349988509900868,-0.06227082014083862,-0.01777714304625988,0.6453755689139655,-0.011411693878471851,0.00011202949099242687,-0.011279890313744545,0.0024423543363809586,-0.024452248588204384,-0.10739757120609283,1.0,0.02,-0.0016126011032611132,-0.002066686749458313,0.16789542138576508,1.0,-0.004735084250569344,2.2923170565643605,-0.005038264207541943,-0.0032596304081380367,-0.026327574625611305,-0.05174959823489189,-0.0005297509487718344,-0.007037658244371414,-0.018724944442510605,0.3028408046811819,-0.002619795501232147,0.2942191848857013,-0.012920718640089035,0.0002617246937006712,1.0,0.1863156259059906,-0.0057591660879552364,1.0,0.7612771839253869,-0.016591865569353104,-0.029133349657058716,-0.16472195088863373,-0.0028113611042499542,0.3931931330577684,-0.017210783436894417
16300,0.8966016883007891,0.421473051164224,-0.02185074920831819,0.05586671624025156,-0.233600130720931,0.7928911838289371,-0.03636099185004257,-0.22738269692507407,0.030457588264340044,0.20422438234104304,-0.08627478938423555,0.5602286255255489,-0.02084301569403592,0.4412085685827659,0.05143732650485865,-0.023181657639077317,0.1111516594552332,0.28963380093815927,-0.11260754998706246,0.299384765935643,-0.30600337947498235,-0.25939401411292023,0.27716723146417266,0.3020384080629297,0.4600911301556401,0.15217654449481677,0.1728555177349777,0.2842901897378564,0.04841746807507498,-0.013370495338478084,0.23384600088243399,-0.20876087719100664,0.9620688706435286,0.25196330235465386,-0.09674080529596579,0.06275672810891379,-0.013993538916110992,0.018988316878676414,-0.0006667150883004069,-0.012975677847862244,-0.0108153335750103,-0.004836248699575663,-0.03589032217860222,-0.012708490714430809,-0.0009417645633220673,-0.018978524953126907,-0.01572629064321518,-0.04340963065624237,0.0005244583589956164,-0.010778452269732952,0.0011236687423661351,0.0018944913754239678,1.3798557929734148,-0.04330236837267876,-0.00418059341609478,0.04699093848466873,0.0047217500396072865,-0.000697634182870388,1.0,0.023751046508550644,-0.005913104861974716,-0.008105136454105377,1.0,14424.509731325095,-0.0153739545494318,-0.005767153110355139,0.0009140201145783067,0.12407772243022919,0.2019023448228836,-0.0002214866690337658,-0.07887432724237442,-0.04060924053192139,-0.010592004284262657,-0.006965157110244036,0.22978633642196655,0.4310939311981201,0.6052118282689403,-0.007133372128009796,-0.035073552280664444,-0.055209990590810776,-0.026648124679923058,-0.01877140998840332,0.15300258994102478,-0.005201703868806362,-0.1494055837392807,0.7746883215407178,-0.0007474495796486735,1.0,-0.03908864036202431,1.0,0.4766007661819458,-0.005519504193216562,0.08567378856241703,-0.005994848441332579,-0.024957681074738503,-0.0010627597803249955,-0.06367935240268707,-0.10619392991065979,0.30037479574128023,-0.01989211142063141,-0.002148030325770378,-0.013878973200917244,-0.0023644943721592426,-0.032771747559309006,-0.09767669439315796,1.0,0.02,-0.004684390500187874,-0.013387495651841164,0.15544897317886353,1.0,-0.029342150315642357,1.324957416812599,-0.016443908214569092,-0.0071958452463150024,-0.038464225828647614,-0.0524270199239254,-0.0005378735950216651,-0.009826038032770157,-0.017919419333338737,0.23307755030691624,-0.03838081285357475,0.34759809474601355,-0.012902166694402695,-0.0002405571285635233,1.0,0.09270773828029633,-0.007890318520367146,1.0,0.2503438181072226,-0.010683238506317139,-0.01890503242611885,-0.12856638431549072,-0.012735709547996521,0.5342987508726265,-0.01588432490825653
16400,0.44477453467550687,0.462854736835245,0.030852757622622993,-0.4215752637339649,0.15354004296139925,5.501270543885213,-0.11778362448155147,-0.2377118336231968,-0.49348429649691095,0.3777606172767761,-0.10468669686546603,-0.29337383198560196,-0.12096267401215338,0.713717642637801,-0.10215550799604552,0.026165145336918168,0.15442675097886446,0.6183804439456689,-0.25216456152300626,-0.010528922773128013,0.11184700183667122,-0.13259617477831473,0.6994102059301629,-0.02033169156730316,0.6080219253479332,-0.021661502915696806,0.23485260937313945,0.42794990961747253,0.23532808743643613,0.2996338672413907,-0.37568007867794095,0.15297236138046905,1.9333780961571898,0.2658795061409432,0.5118607425814212,0.4398299335649759,-0.023096518591046333,0.01821371354162693,-0.004159629810601473,-0.03713405877351761,-0.006440227851271629,-0.0005492039490491152,-0.0029678596183657646,-0.014885855838656425,-0.0021370146423578262,-0.010139510966837406,-0.1031762883067131,-0.061244770884513855,0.0009726259158924222,-0.033153194934129715,0.001885104225948453,0.0020399875938892365,8.34753109165229,0.006575658917427063,-0.021832479164004326,0.04793716222047806,0.008310098201036453,-0.0025295983068645,1.0,0.05822430178523064,0.010014813393354416,0.0005053272470831871,1.0,166633.27523562685,-0.08404072374105453,-0.013518656603991985,0.0009695402113720775,0.19192396104335785,0.18759623169898987,-0.00037436187267303467,-0.11642812937498093,-0.050684213638305664,-0.009776316583156586,-0.00947585143148899,0.09375321865081787,0.6163774728775024,0.6660625873338479,-0.012202736921608448,-0.009586159139871597,-0.006746874190866947,-0.0020282319746911526,-0.0007323361933231354,0.25319039821624756,-3.124494105577469e-05,-0.11646412312984467,0.9649241764540747,-0.0013299720594659448,1.0,0.044172707945108414,1.0,0.3409189283847809,-0.008289054036140442,0.08240455575287342,-0.017626021057367325,-0.03438543155789375,-0.011731157079339027,-0.12156721204519272,-0.027762696146965027,0.3062743344234,-0.013917442411184311,-0.011967727914452553,-0.028256742283701897,-0.00893217884004116,-0.0029649308416992426,-0.023709166795015335,1.0,0.02,-0.02461153082549572,-0.015535248443484306,0.3558613955974579,1.0,-0.0493801012635231,1.7350923328332892,-0.02278248406946659,-7.5499527156353e-05,-0.022624421864748,-0.0037431204691529274,-0.0007183208363130689,-0.005668226629495621,-0.01685349829494953,0.2873294670134783,-0.026311811059713364,0.39425027403022317,-0.005526822991669178,-0.0007009129039943218,1.0,0.2590141296386719,-0.013911906629800797,1.0,0.1325657722125496,-0.016933850944042206,-0.03156442940235138,-0.11562709510326385,-0.013362731784582138,0.7533663635588047,-0.016284476965665817
16500,1.1798031772417232,0.47872143768493447,0.0574434178712812,0.5173711095396868,-0.18964527840192866,0.8106795957267059,-0.11544581179151012,-0.17810606221395428,0.5032552949753283,0.5315226951134007,0.09320845779867999,0.5814640211497681,-0.13285146669621778,0.5937490274375707,0.5449873046809283,0.15951264311199076,0.021878400259241794,-0.006367078987680831,0.05774400320541794,0.2958401206711771,-0.5035774071745542,-0.36263149384682886,0.733823123074129,0.40866773356381125,1.2482318854606311,0.41726992041142463,0.3562088212292896,0.9178688176715126,-0.22755013533113222,-0.2848738346923773,0.4268505827204622,-0.18903806557564967,0.7854668191531319,0.21090187639015942,0.17548671677841782,0.20914946355961245,-0.011108765378594398,0.022004596889019012,-0.0009152754209935665,-0.010522499680519104,-0.008292831480503082,-0.006986372638493776,-0.03444155678153038,-0.01367168128490448,-0.0008794305613264441,-0.02274456061422825,-0.10610787570476532,-0.020322062075138092,0.0005554057424888015,-0.004200444556772709,0.001407897099852562,0.0027512628585100174,2.0725228490539043,-0.0170439425855875,-0.0023605283349752426,0.05293399095535278,0.002935101045295596,-0.0014588510384783149,1.0,0.009773394092917442,-0.005721643567085266,-0.0073576150462031364,1.0,22590.31750587597,-0.08120966702699661,-0.003125657793134451,0.0012873635860159993,0.13847635686397552,0.1666651964187622,-0.008865674026310444,-0.060140252113342285,-0.03830880671739578,-0.002886223141103983,-0.008662504144012928,0.14819899201393127,0.6679540276527405,1.074628568403555,-0.0030449889600276947,-0.011486142873764038,-0.05033379793167114,-0.025025740265846252,-0.019838253036141396,0.12891489267349243,-0.005289081018418074,-0.14660361409187317,1.8156145789111957,-0.00250010984018445,1.0,-0.043694086372852325,1.0,0.5469079613685608,-0.002463026437908411,0.08410317823290825,-0.007170547731220722,-0.013400677591562271,-0.011807771399617195,-0.05853477865457535,-0.025021329522132874,0.2555970046602368,-0.023465564474463463,-0.011822037398815155,-0.015871908515691757,-0.0034353157971054316,-0.03217247128486633,-0.11733251065015793,1.0,0.02,-0.005851787514984608,-0.016595561057329178,0.13490360975265503,1.0,-0.014133594930171967,1.213669817341897,-0.00812150351703167,-0.007064227480441332,-0.053473033010959625,-0.06119043752551079,-0.00036178535083308816,-0.007944148033857346,-0.03576156497001648,0.2613746989518404,-0.036803461611270905,0.3960332362733377,-0.015906522050499916,-0.0010747750056907535,1.0,0.15897655487060547,-0.0271356962621212,1.0,0.6003353693055541,-0.016134634613990784,-0.053343839943408966,-0.24204929172992706,-0.021460041403770447,1.1985954921237674,-0.025866534560918808
16600,0.5561953305454446,0.19472696641207973,-0.011784979469562232,-0.14533535025847016,-0.19892083917570952,4.9873449574881015,-0.0737193387338752,0.02604940754011688,0.1670695601059737,0.7605014203805524,-0.3496258953511643,0.44620508548155824,0.18150271908340398,0.12681967529695504,-0.1140841354066503,-0.3153698148729591,0.15807773191846353,0.6697225988287664,-0.11991293468762128,0.050742586188355664,0.5418873293292246,0.3881153011158076,0.5354554776484786,-0.09509372991067941,0.22390506254680095,0.27024107193939123,0.2563691905365411,0.16352439215887588,-0.12943923047506062,-0.07284142231351996,-0.2417589681571452,-0.18592085700338445,5.9724827333015815,0.3950914960352559,0.3588210881680196,0.42947115250363593,-0.022141460329294205,0.017504725605249405,-0.000394108472391963,-0.015409961342811584,-0.008609281852841377,-3.0234339646995068e-05,-0.03376917913556099,-0.010658364742994308,-0.0007285168394446373,-0.02311747334897518,-0.006713483482599258,0.0023839399218559265,0.0009689439320936799,-0.0024802060797810555,0.00325514143332839,0.0023627448827028275,3.0531976750351997,-0.00038196705281734467,-0.01863252744078636,0.0485246405005455,0.021620381623506546,-0.001995464786887169,1.0,0.02180727757513523,0.016752250492572784,-0.008134458214044571,1.0,29720.86581247583,-0.0060356054455041885,-0.002701982855796814,0.0007039656629785895,0.18333643674850464,0.19885747134685516,-0.0005611386150121689,-0.028365157544612885,-0.003188587725162506,-0.11123553663492203,-0.006067007780075073,0.23169147968292236,0.4331222176551819,0.3022896049425168,-0.00021271640434861183,-0.01359749399125576,-0.03995509818196297,-0.007042556069791317,-0.008076837286353111,0.19898384809494019,-0.0025202040560543537,-0.08871641755104065,0.5262253449205287,-0.005216118413954973,1.0,-0.004215927794575691,1.0,0.5843342542648315,-0.0008674557320773602,0.0848762970417738,-0.006017758045345545,-0.04851526394486427,-0.0027890847995877266,-0.021579597145318985,-0.4452902376651764,0.38955122751557636,-0.016809698194265366,-0.0010758875869214535,-0.0017909407615661621,0.011801538057625294,-0.0022927941754460335,-0.08280035853385925,1.0,0.02,-0.0008654370903968811,-0.010910211130976677,0.19685880839824677,1.0,0.0007661432027816772,5.774047650930766,-0.016993269324302673,-0.01202661357820034,-0.05470501631498337,0.01693505048751831,-0.00025173265021294355,-0.006586581468582153,-0.027085281908512115,0.2731683272868395,-0.06093490123748779,0.20004983497839166,-0.014408888295292854,-9.956792928278446e-05,1.0,0.15816210210323334,-0.021173452958464622,1.0,0.5107852485516912,-0.008223913609981537,-0.1662551313638687,-0.20192773640155792,-0.012492049485445023,0.4368760667590183,-0.00933053158223629
16700,0.6349659530690098,0.12992281525257393,-0.017046768385537238,0.031272095494470555,0.17319161798554594,3.5810201878538463,0.06448407496859376,0.24144277394967545,0.007380860384631566,0.3186858466806489,-0.4041691002381902,0.2799982757968511,0.0801585997914621,0.13451556584871957,-0.1046532905180799,-0.3668900650639918,0.011788919053639418,0.506448903860558,-0.19316655982609496,-0.1060450567240283,-0.4799504583347721,-0.3626560492699784,0.5013630054766463,-0.007768842437420279,1.009227316795121,0.3001993532500373,0.057096698408069954,0.7128476054201442,0.23827530961179896,0.2606237109730748,0.1705840292531946,0.1331493421275887,1.4657542663310765,0.27280732211428077,0.007730176018065424,-0.028082259927100194,-0.012154792435467243,0.02002939209342003,0.00018748745787888765,-0.004222005605697632,-0.006947258487343788,-0.00232789502479136,-0.05233166739344597,-0.00530603900551796,-0.001598972361534834,-0.021680038422346115,-0.13230715692043304,-0.003927912563085556,0.0005606179474852979,-0.008550712838768959,0.0009481336455792189,0.0021039191633462906,5.347192202424152,-0.035955023020505905,-0.008273705840110779,0.05201719328761101,0.004531171638518572,-0.00028463650960475206,1.0,0.036237772554159164,0.004068650305271149,-0.002754821442067623,1.0,27783.834208416814,-0.11483058333396912,-0.0004932289011776447,0.0005550137721002102,0.20696315169334412,0.21640545129776,-0.005164552014321089,-0.04566744342446327,-0.021881919354200363,-0.09189107269048691,-0.0065950858406722546,0.2622988522052765,0.4276662766933441,1.1343492764090302,-0.0031154511962085962,-0.008966561406850815,-0.056676026433706284,-0.017880072817206383,-0.01022634282708168,0.12429726123809814,-0.0049032652750611305,-0.13926918804645538,1.4546941249108982,-0.0014142126310616732,1.0,-0.01830262318253517,1.0,0.4487169086933136,-0.00725235790014267,0.08342984691262245,-0.006628140341490507,-0.07764807343482971,-0.012257086113095284,-0.04518866911530495,-0.47342658042907715,0.29988777742060285,-0.026784498244524002,-0.01394915021955967,-0.006434036418795586,-0.00029678642749786377,-0.010042760521173477,-0.0727560818195343,1.0,0.02,-0.005003978498280048,-0.009936323389410973,0.18794919550418854,1.0,-0.009435374289751053,1.848471472895009,-0.004971479531377554,-0.013829649426043034,-0.021843578666448593,-0.03264104947447777,-0.0010323836468160152,-0.004503015428781509,-0.02239122800529003,0.2467829268425703,-0.036128584295511246,0.2761510055320283,-0.016919510439038277,-0.001474449411034584,1.0,0.09996631741523743,-0.01405101828277111,1.0,0.32490876970798377,-0.004878934472799301,-0.22031867504119873,-0.1704908013343811,-0.010552052408456802,1.2249790571887222,-0.016233179718255997
16800,0.6474565165074285,0.15006584033443637,0.22681984719111456,0.5164058223626319,-0.18676416740816634,2.109257834267311,0.0032382449129383997,0.12173833154866284,0.31815728979206365,0.5111407485267762,0.3978444681820841,0.4082109099209313,0.1672118480060647,0.5740821857984654,0.07817196305060134,0.4064326073978224,0.0644973207227761,0.6105768014283811,0.2726838045928776,0.06618439319470326,0.5751680684634809,0.1660721261896671,1.1035758789081602,-0.16295143224700964,0.25514964419267294,0.26650270041623353,0.3356183904614116,0.021619499366396996,0.06718791386054539,0.021187307918296983,0.12761207624010842,-0.0689905372584001,3.0872801615512713,0.5766811622551168,0.00943371132143072,-0.08755901242474798,-0.031465161591768265,0.019642148166894913,-0.0001059691421687603,-0.013011567294597626,-0.006492871791124344,-0.0050887539982795715,-0.03421788662672043,-0.015341196209192276,-0.00021598569583147764,-0.01323226373642683,-0.009514927864074707,0.0011364296078681946,0.0008888666052371264,-0.004517912864685059,0.0014331307029351592,0.003597801784053445,0.6391782785044996,-0.0355609692633152,-0.014492500573396683,0.04968821257352829,0.009277185425162315,-0.004489419981837273,1.0,0.016821742057800293,0.00341105367988348,-0.0064089614897966385,1.0,50262.22810155215,-0.005687877535820007,-0.002590485382825136,0.0004057553596794605,0.18455839157104492,0.11503031104803085,0.0015644291415810585,-0.018589936196804047,-0.00908898189663887,-0.0544201023876667,-0.005602372344583273,0.3315298557281494,0.5276703238487244,0.4551976754189686,-0.0008656735299155116,-0.0037845633924007416,-0.05304684117436409,-0.009717559441924095,-0.013875726610422134,0.6654812097549438,-0.004885041620582342,-0.15190713107585907,1.1868550029572973,-0.0001047360710799694,1.0,-0.024774495512247086,1.0,0.6044274568557739,-0.002910300623625517,0.08303842321038246,-0.003649409394711256,-0.06498375535011292,-0.00022829585941508412,-0.007284374907612801,-0.2653583288192749,0.5816853407471083,-0.00909380428493023,-0.00011074228677898645,-0.007541157305240631,0.004037855658680201,-0.02397947758436203,-0.11494511365890503,1.0,0.02,-0.0018979378510266542,-0.002199038863182068,0.12293527275323868,1.0,-0.0017640329897403717,3.5113063926444528,0.0040021250024437904,-0.009802429936826229,-0.025400251150131226,-0.022539837285876274,9.399617556482553e-05,-0.005004703998565674,-0.0032473013270646334,0.38693784922361374,-0.028709638863801956,0.3489572071353448,-0.005816632881760597,-0.00010064826346933842,1.0,0.5438699722290039,0.0007761574815958738,1.0,0.40965142889580813,-0.010587789118289948,-0.1503809690475464,-0.023597972467541695,-0.0016392767429351807,0.35991225965896567,-0.016257470473647118
16900,0.6803348777173781,0.2151887268949062,-0.1558373553825037,0.4262650357703898,-0.3524365178048416,3.6968283744803982,-0.23140850337802815,-0.11352685190540625,0.4066315736689145,0.19728075773807605,-0.18644046147508433,0.6234014660842928,-0.15598562587225404,0.4318297533248853,-0.14817477892803785,0.06048338301571542,0.028506680489046143,0.7032713441345915,-0.21713847065447248,-0.16590248139655522,-0.09507254787959454,-0.3482738390893055,0.4958317508435287,-0.21195879521685626,0.3206463751917832,0.0014348667739026493,-0.04249992226446079,0.6094703970113882,-0.32328905244919326,-0.15606130056044556,0.2599748492947509,-0.12581933946433543,0.8625624136823465,0.2615017602920045,0.4397800317124737,0.38818164582310466,-0.01573820970952511,0.02233104035258293,-0.004981410689651966,-0.015774860978126526,-0.010709799826145172,-9.960209717974067e-05,-0.08299356698989868,-0.052579838782548904,-0.0011019419180229306,-0.02475147880613804,-0.03490385413169861,-0.019037500023841858,0.0007177205989137292,-0.006454558111727238,0.0010518704075366259,0.001585244433954358,4.3381604432823675,-0.028438255190849304,-0.005815107375383377,0.051412224769592285,0.0039198431186378,-0.004838921129703522,1.0,0.03152885288000107,0.011409394443035126,-0.014049254357814789,1.0,15379.789959716432,-0.02250644564628601,-0.00441842433065176,0.0007075120229274035,0.08155979961156845,0.2254267930984497,-0.005924601573497057,-0.06968899816274643,-0.00017757713794708252,-0.00333281303755939,-0.007064587436616421,0.2554236352443695,0.5532639026641846,0.45118057926080973,-0.002797609195113182,-0.009964041411876678,-0.04822031781077385,-0.0049837129190564156,-0.007527660578489304,0.15020810067653656,-0.0013560240622609854,-0.0478266105055809,1.0704856077935878,-0.001829384476877749,1.0,0.00604727678000927,1.0,0.4591677486896515,-0.004760824143886566,0.08419575914740562,-0.009071906097233295,-0.015668826177716255,-0.005806323140859604,-0.05876477435231209,-0.01135606411844492,0.30169983783000404,-0.03317964822053909,-0.005417873151600361,-7.312372326850891e-05,-0.004087453242391348,-0.011467157863080502,-0.07866998016834259,1.0,0.02,-0.0013685360318049788,-0.00956258550286293,0.3919757306575775,1.0,-0.009543463587760925,0.8946492696158309,-0.013762611895799637,-0.012615830637514591,-0.039184004068374634,-0.015365442261099815,-0.00011210021330043674,-0.007345035672187805,-0.014090834185481071,0.2813975727185607,-0.015919126570224762,0.211073432135919,-0.017110057175159454,-0.00027972098905593157,1.0,0.13415487110614777,-0.018863201141357422,1.0,0.10053750040241002,-0.057293474674224854,-0.09933185577392578,-0.09423168003559113,-0.011556804180145264,0.5992239532803392,-0.00892785843461752
17000,0.48054079850164516,0.25035246194361893,0.146500629126605,0.4427390371295892,-0.07225048584749239,4.6295555278487,-0.19067414417136253,0.10015288573335404,-0.3372226994165217,0.895274689669177,0.20537340404729817,0.331368049583364,0.1744782753032997,0.05669668859284833,0.2550762088447483,0.46108408149381325,0.018728287374077703,0.5678370468110412,0.37547323177956954,-0.12743771465276,0.6482535857281301,0.21852244872777954,0.5247073631831399,-0.09239710531565766,0.5146169144901156,0.3104140061615392,0.35932269745498846,0.2342017583745258,0.1527086996035104,0.10701786301955438,0.5047964647382138,-0.0204939596361092,3.0829778973603923,0.5747675670945384,-0.046202986710105726,-0.13248553970875254,-0.026816658675670624,0.020459186285734177,-0.002585591748356819,0.0003736726939678192,0.0021433215588331223,-0.0009215873433277011,-0.01775745116174221,-0.013491146266460419,0.00027638068422675133,-0.01786419004201889,-0.09813930094242096,-0.011083543300628662,0.0009325782302767038,-0.016903050243854523,0.002074084710329771,0.0019619325175881386,1.5389896824742288,-0.03829072043299675,-0.003301568329334259,0.05215446650981903,0.007878050208091736,-0.0053450181148946285,1.0,0.03568686917424202,-0.015393462032079697,0.0017332276329398155,1.0,43608.33181324624,-0.08845698833465576,0.00023141363635659218,0.0005641481839120388,0.1685228943824768,0.23592406511306763,0.0014613349922001362,-0.09155763685703278,-0.021113216876983643,-0.13436058163642883,-0.005664800759404898,0.09584882855415344,0.49824997782707214,0.5320837893404912,-0.0007974433246999979,0.024686910212039948,-0.05008966103196144,-0.018019407987594604,-0.0216054730117321,0.16699162125587463,-0.007749431300908327,-0.14831440150737762,0.6051841900926417,-0.002279214560985565,1.0,-0.03494451567530632,1.0,0.4069657027721405,-0.004177215043455362,0.08413228392601013,-0.014933720231056213,-0.0200009997934103,-0.008030923083424568,-0.09982821345329285,-0.4979761838912964,0.5771170346635098,-0.010495122522115707,-0.004250804893672466,-0.016453102231025696,0.003754222299903631,-0.0015618654433637857,-0.055244844406843185,1.0,0.02,-0.0018889398779720068,-0.002602437511086464,0.1128242090344429,1.0,-0.004790440201759338,3.649383099225578,-0.005950360558927059,-0.005519332364201546,0.025538835674524307,-0.019314978271722794,-0.001570211024954915,0.0034782402217388153,-0.015909215435385704,0.22795083839446306,-0.008294925093650818,0.2979146107066709,-0.011804901994764805,-0.0013844596687704325,1.0,0.13827940821647644,-0.006318381056189537,1.0,0.9401350175628405,-0.009429816156625748,-0.0207817479968071,-0.07560432702302933,-0.0027724169194698334,0.5527556453802257,-0.018217861652374268
17100,3.0084388015702466,0.7622970608239182,0.1365396896080857,0.26083661228815647,-0.048615892403907505,5.173854620097678,-0.033852979332603034,0.12894691596721874,0.5693494090070651,1.2780794375816709,0.18873200740240778,0.6384685108760195,-0.10566790018556538,0.4456527584130904,0.48033248112452637,0.5418978259054719,0.12102509795403538,0.23171831090983683,0.14177379191154105,0.2610474695771042,0.048397905384483096,-0.06521001622780112,1.542790171829654,0.4106279396087772,3.1434985977459298,0.0891475337850057,0.6355735227814444,0.9621836789868374,-0.020271512036874578,0.01401672057556095,0.27929814354705945,0.03269209619553996,2.3802874972794266,0.6862457190480651,0.39252769672249327,0.29346264595271687,-0.026964757591485977,0.03086159937083721,-0.009659644216299057,0.009065888822078705,0.010425930842757225,-6.689690053462982e-06,-0.03196341171860695,-0.0019945744425058365,0.0005166158080101013,-0.013768075034022331,-0.07973188906908035,-0.001128263771533966,0.001962890848517418,-0.009231287986040115,0.00474950484931469,0.004953795112669468,3.1336481931612012,0.01772548258304596,0.012878356501460075,0.06014161556959152,0.006920906715095043,-0.001786736655049026,1.0,0.04284527897834778,-0.0007826648652553558,-0.008471651934087276,1.0,169180.36092039224,-0.05157819390296936,-0.003550564870238304,0.0018837937386706471,0.11282436549663544,0.2346767634153366,-0.007457444444298744,-0.0757816955447197,-0.006565950810909271,-0.048373255878686905,-0.0026055462658405304,0.17814604938030243,0.46855562925338745,2.5502570771725637,0.000780885573476553,0.00409349799156189,-0.0326664075255394,-0.026262011379003525,-0.005768239498138428,0.10406064987182617,-0.004619143903255463,-0.09814988821744919,1.3453107475367798,-0.0005750455893576145,1.0,0.01690669357776642,1.0,0.47279495000839233,-0.0019819382578134537,0.08393907360732555,-0.010298463515937328,-0.009194871410727501,-0.010105760768055916,-0.05526548624038696,-0.25384628772735596,0.6427043919701168,-0.002160361036658287,-0.004170517437160015,0.007602216675877571,-0.009946540929377079,0.0025135381147265434,-0.04263153672218323,1.0,0.02,-0.0037105311639606953,-2.576969563961029e-05,0.19872023165225983,1.0,0.005811432376503944,2.651872647542868,-0.0031989486888051033,-0.003611900843679905,0.02294022962450981,-0.01390355546027422,0.0011569902999326587,0.009933508932590485,-0.0012312204344198108,0.23561214935034513,0.009139221161603928,0.7707403828927731,-0.015394537709653378,0.0009907310595735908,1.0,0.11511855572462082,-0.021858397871255875,1.0,1.4202774229415984,-0.0008672252297401428,-0.0013373731635510921,-0.009441926144063473,-0.0016646161675453186,3.1398619720392515,-0.006843441165983677
17200,0.8663530608234088,0.15937475550692284,-0.00755364514757296,-0.32839521408575284,0.5344782151633485,2.0791983629464674,-0.22281318910272216,-0.04778129610010394,-0.2072723981373306,0.5350598057557024,-0.26563689081313485,-0.04042033137749074,-0.4083009896444243,0.2191102950525486,-0.21960722645959274,0.05061387280414728,-0.02479903237436208,-0.46618098216104065,-0.17135117615943235,0.14757759746613194,-0.09143649144971114,-0.2585868270907978,0.7318248822180314,-0.1828096046263002,0.6624482628586852,0.5783098637587255,0.394724263221878,0.7507564918876656,0.48424775121254027,0.2699047127011045,-0.3953851168193278,0.28090588932483357,0.6132286641401044,0.23921975728387887,-0.04032726249829552,0.016026065680840595,-0.012426979839801788,0.017853710800409317,-0.012433964759111404,-0.04406866431236267,-0.00541391596198082,-0.001218122779391706,-0.04669620096683502,-0.0486927293241024,-0.0032685641199350357,-0.010717887431383133,-0.07582098990678787,-0.004124637693166733,0.0006236011395230889,-0.01805264502763748,0.001102607580833137,0.001727969036437571,3.348614644103242,-0.0237823948264122,-0.02745196595788002,0.05072098225355148,0.0028648823499679565,-0.008524531498551369,1.0,0.010353093035519123,-0.011210874654352665,-0.0030570952221751213,1.0,23506.18065074774,-0.05370477959513664,-0.015688151121139526,0.00044307453208602965,0.20301920175552368,0.22654379904270172,-0.0014739050529897213,-0.1447426974773407,-0.030918456614017487,-0.023500118404626846,-0.0072052557952702045,0.18989166617393494,0.5298194885253906,1.3572940896356582,0.00031847984064370394,-0.0075375596061348915,-0.052548255771398544,-0.01652131788432598,-0.008858277462422848,0.4577276408672333,-0.006753188092261553,-0.08749311417341232,0.7664135663889656,-0.00032916630152612925,1.0,-0.00669903215020895,1.0,0.4507330060005188,-0.011563323438167572,0.08395953103899956,-0.014564836397767067,-0.02069433405995369,-0.008177203126251698,-0.13311463594436646,-0.050604112446308136,0.32157397333954735,-0.014574352651834488,-0.009218888357281685,-0.01536969467997551,-0.011775149032473564,-0.019215110689401627,-0.11096329241991043,1.0,0.02,-0.00275668827816844,-0.012389322742819786,0.09954503178596497,1.0,-0.0033894311636686325,0.9047628799368271,-0.0018564863130450249,-0.007350843865424395,-0.040014538913965225,-0.028423432260751724,-0.0011617775307968259,-0.004617534577846527,-0.017102491110563278,0.32720247842371464,-0.010508750565350056,0.23623390991187945,-0.006917667109519243,-0.0005404003895819187,1.0,0.4603399932384491,-0.021446574479341507,1.0,0.6558553113189655,-0.05844680219888687,-0.04641471058130264,-0.13402943313121796,-0.01394566148519516,0.8927906039105057,-0.01936948485672474
17300,0.24829009560050283,0.17610945730417502,0.048731029956971685,0.49372855499000884,-0.02368223774658256,2.7024538192027223,-0.004294384864931683,-0.2586302122699166,0.18939268201612297,0.5273268150412287,-0.2967477049613664,0.3365085267718888,0.07333358095910383,0.1702364355602216,0.07132450067807922,-0.015987796106334166,0.10372117626889818,0.681405178037793,-0.2056757239434935,-0.08269189512619715,0.2950004928995572,-0.07013909648115324,0.4939683917325163,-0.029447542513138143,0.37818152400081045,0.15691605180797863,0.1782005610407344,0.31378362349608574,-0.08922701550058666,-0.11531974872719145,0.10498392567417722,0.013593769768604552,4.186458548540678,0.36640055836868224,0.46914526633875325,0.4210712803964806,-0.03140293061733246,0.017998747527599335,0.000582789652980864,-0.03886549547314644,-0.007407594472169876,0.0004935454926453531,-0.03349639102816582,-0.0030596237629652023,-0.002481922274455428,-0.011162848211824894,-0.014962729066610336,0.0006370991468429565,0.0010072013828903437,-0.008146336302161217,0.0022531701251864433,0.00162570143584162,4.244193587337801,-0.011612048372626305,-0.022751599550247192,0.050584908574819565,0.011789824813604355,-0.0004239667905494571,1.0,0.016123708337545395,-0.0042298659682273865,0.004582315683364868,1.0,48536.59206606033,-0.014737650752067566,-0.01568891853094101,0.0007275139214470983,0.18253202736377716,0.13466621935367584,-0.0037122126668691635,-0.13033589720726013,3.253668546676636e-05,-0.021476319059729576,-0.009197624400258064,0.14245687425136566,0.3177545368671417,0.4807847941720832,-0.0032667284831404686,0.0014775646850466728,-0.02526191622018814,-0.0035414830781519413,-0.01555689051747322,0.15841445326805115,-0.004449130035936832,-0.06362167000770569,0.5941932778687741,-0.008051914162933826,1.0,-0.021892651915550232,1.0,0.5796462893486023,-0.005532591138035059,0.08286846987903118,-0.009961782954633236,-0.020994603633880615,-0.007326817139983177,-0.11786822229623795,-0.04510321468114853,0.4089675343008208,-0.01984623819589615,-0.003131951205432415,-0.0001699104905128479,-0.003308318555355072,-4.656286910176277e-05,-0.1106967031955719,1.0,0.02,-0.004757837392389774,-0.011374393478035927,0.1718376874923706,1.0,-7.089972496032715e-05,4.377502687512097,-0.025895413011312485,-0.010830082930624485,-0.037706248462200165,0.0014544138684868813,-4.010740667581558e-06,-0.006107345223426819,-0.022653058171272278,0.23482226394116879,-0.0180986188352108,0.18934929239575238,-0.0033613848499953747,-4.082347732037306e-05,1.0,0.19127002358436584,-0.04988658428192139,1.0,0.2975569490526871,-0.003841489553451538,-0.051995906978845596,-0.1809544861316681,-0.01067175343632698,0.6577428187151364,-0.004355523269623518
17400,0.35841770306574394,0.1846906296773211,-0.0641133983051154,-0.39050173981188496,-0.3362109530502018,1.4399386439715656,-0.268389376902548,-0.23253226550660783,0.4170313571146576,0.11663754850013253,0.12826511335398522,0.5868769448714983,0.19781067321701207,-0.10010522527105642,0.48321699738236135,0.3405792564232112,0.1290760880792092,-0.055743796076686836,0.019137751763316398,0.1873366075289787,-0.18544242758234508,0.13283735575825087,0.3480042584387609,0.3713016927304919,0.45089388071886033,-0.15614258419057092,-0.11476875859247455,0.7261962748068915,-0.3265718341104888,-0.24646594891575213,-0.14411584439758754,-0.2122276923605511,1.313815342146169,0.49282788970524183,0.10812001212583978,-0.15094951093914286,-0.02418588474392891,0.01646728813648224,-0.005577685311436653,-0.009419374167919159,-0.007178092375397682,-0.0012254206230863929,-0.010153328999876976,-0.028566163033246994,-0.0023736320436000824,-0.007403162773698568,-0.0629911944270134,-0.021383628249168396,0.0010898549808189273,-0.00931287370622158,0.0007808259688317776,0.0015231962315738201,1.6515117566016668,-0.008715573698282242,-0.006453204900026321,0.05157424509525299,0.0038594105280935764,-0.007841150276362896,1.0,0.0191850196570158,-0.023961061611771584,-0.01039433479309082,1.0,15885.837655300234,-0.05158015340566635,-0.00642177602276206,0.0003335694200359285,0.19731011986732483,0.12123088538646698,-0.007519963663071394,-0.035805895924568176,-0.03388103097677231,-0.030879542231559753,-0.006085336674004793,0.1836169809103012,0.545995831489563,0.24374892030174058,-0.0017551914788782597,-0.02666049264371395,-0.01163262315094471,-0.0021220522467046976,-0.0017812680453062057,0.18955343961715698,-0.0006378267426043749,-0.1459989845752716,0.2121692242529673,-0.004659863654524088,1.0,-0.02086191065609455,1.0,0.4163147807121277,-0.003974231891334057,0.08413245528936386,-0.0019791964441537857,-0.014108867384493351,-0.010487045161426067,-0.039538633078336716,-0.07495995610952377,0.47897097972381925,-0.030183391645550728,-0.007787229958921671,-0.025899052619934082,-4.780897870659828e-05,-0.04744986072182655,-0.11907827854156494,1.0,0.02,-0.00659593939781189,-0.010592883452773094,0.25740182399749756,1.0,-0.0168098583817482,1.3644948160724752,-0.008031671866774559,-0.0027381237596273422,-0.031729429960250854,-0.06549011170864105,6.433704402297735e-05,-0.004837155342102051,-0.011119546368718147,0.2729918658733368,-0.013975987210869789,0.23992552602111694,-0.0023628179915249348,-0.0012191588757559657,1.0,0.2725110650062561,-0.047578293830156326,1.0,0.11542067479738602,-0.03173409402370453,-0.032660916447639465,-0.10523121058940887,-0.011324360966682434,0.6400080528843628,-0.022040782496333122
17500,0.4418467862528455,0.1971581842626032,0.09278652507557951,0.26087267288346855,0.17570088655647303,2.2234174255727552,-0.06267817434946255,0.14354402301788508,0.31747528959836846,0.384862242534652,-0.15825627742932202,0.3581231588724539,0.17752634365489509,0.4095497176042514,0.3296179478567618,-0.2307121510314118,-0.005265271340996969,0.4353613520870231,-0.11678102185161493,0.018934806933351297,0.5761007084647377,0.34629212775667995,0.4338419394264478,0.3710082863664961,0.4382809686137965,0.4663837513197765,0.09623689518469944,0.6826193789323856,0.1389600095811567,0.34237501492190753,0.5575370865050633,0.3693555749791564,2.4704756182675065,0.21428259377300451,0.07498438324516715,0.14676251524555567,-0.004385086707770824,0.017354220151901245,-0.0035263043828308582,-0.04261379316449165,-0.007513575255870819,-0.001872169435955584,-0.006719870958477259,-0.015782400965690613,-0.0010828549275174737,-0.01458081603050232,-0.0985962301492691,-0.0020158737897872925,0.0005347243277356029,-0.008415702730417252,0.0006440465804189444,0.0014563178410753608,3.437076262252442,-0.010804416611790657,-0.030489861965179443,0.05232046917080879,0.006191310007125139,-0.005006826017051935,1.0,0.020514225587248802,-0.0036802440881729126,0.0015100222080945969,1.0,31045.28248127839,-0.07938964664936066,-0.0076915789395570755,0.00046916925930418074,0.18121226131916046,0.2024640440940857,0.000998645555227995,-0.16451555490493774,-0.046505752950906754,-0.04057078808546066,-0.00492054084315896,0.18876974284648895,0.2873823046684265,1.047778111154642,-0.003168882103636861,-0.0007950719445943832,-0.053851742297410965,-0.0199506264179945,-0.010332589969038963,0.16805286705493927,-0.00777146453037858,-0.1499798595905304,0.31435569648199996,-0.0036671143025159836,1.0,-0.006110223010182381,1.0,0.40395498275756836,-0.008099984377622604,0.08283251523971558,-0.012799585238099098,-0.021860836073756218,-0.00495827617123723,-0.15252041816711426,-0.16128647327423096,0.2559359525077072,-0.014157731086015701,-0.005025285296142101,-0.026829540729522705,0.0011992552317678928,-0.0179305262863636,-0.1003437340259552,1.0,0.02,-0.004974473267793655,-0.014885637909173965,0.1469368040561676,1.0,-0.005816396325826645,2.6759135771453755,-0.008943744003772736,-0.006580360233783722,-0.03284257650375366,-0.026284724473953247,-0.0012472268426790833,-0.005828768014907837,-0.019123755395412445,0.22176232188940048,-0.03135451674461365,0.22862376449505023,-0.007140378002077341,-0.0005816295742988586,1.0,0.195325568318367,-0.009682205505669117,1.0,0.3839640490673985,-0.015725988894701004,-0.02747880108654499,-0.19802291691303253,-0.019513782113790512,0.7859470664294614,-0.017709434032440186
17600,0.9160501246873887,0.1588064365362101,0.0695566601289928,0.5669263872935257,-0.21035620365580962,2.100328430332006,0.0022303693893002486,0.010745914940722141,0.08694700333338627,0.26782294263566586,0.19223597198944212,0.17505169539849996,-0.3011346183726886,0.030710908460586904,-0.045534583653515655,0.13738146751259714,0.021366380561130018,0.4990284473990203,0.15310479339596114,0.01715266490111148,0.18094401476794442,-0.4670729624810064,0.42795730055361225,-0.012008185764331058,1.1561391955182314,0.014716075071277843,0.5073998141815117,0.8836282072580367,-0.22210432504273248,-0.19806024549552703,0.3942146697619391,-0.08888438156939918,2.2171800781831585,0.3752802757250137,0.4626725645570404,0.231942019909361,-0.022831769660115242,0.01982603594660759,-0.0057213194668293,-0.03580993041396141,0.005611647851765156,-0.00047428178368136287,-0.03058266080915928,-0.015051055699586868,-0.0039945198222994804,-0.02644459344446659,-0.09342433512210846,0.002192288637161255,0.0006450330256484449,-0.018475163727998734,0.0011470626341179013,0.001579231582581997,0.7038997231285496,-0.053427230566740036,-0.021075893193483353,0.0555894561111927,0.005767067428678274,-0.003969456534832716,1.0,0.0114867202937603,-0.019158512353897095,-0.0109520573168993,1.0,44624.905122634584,-0.07141381502151489,-0.018716974183917046,0.0003887579368893057,0.2520207464694977,0.13083933293819427,-0.012938274070620537,-0.07251045107841492,-0.0007118247449398041,-0.02105933614075184,-0.006202660501003265,0.10856816172599792,0.4199225902557373,0.45866757515136086,-0.000729477615095675,-0.02549144998192787,-0.03865347430109978,-0.008615092374384403,-0.0129268579185009,0.18600772321224213,-0.002736287657171488,-0.08887582272291183,0.47241641231218934,-4.953215830028057e-05,1.0,-0.03230340778827667,1.0,0.39657455682754517,-0.0049209026619791985,0.08248699642717838,-0.015652114525437355,-0.03337131440639496,-0.014686711132526398,-0.06815136969089508,-0.06225521117448807,0.40418314580602405,-0.0057389684952795506,-0.011656771413981915,0.002693749964237213,-0.016027508303523064,-0.004497143439948559,-0.13608963787555695,1.0,0.02,-0.006684810854494572,-0.004553955048322678,0.07392647117376328,1.0,0.003113485872745514,2.360267498036425,0.00024758605286478996,-0.004202576354146004,-0.025045406073331833,-0.00707964925095439,-0.00028938433388248086,0.0033280514180660248,-0.011526314541697502,0.22135399747639894,-0.01145310141146183,0.2737226148789879,-0.016802296042442322,-0.0007128419238142669,1.0,0.2029723972082138,-0.029741983860731125,1.0,0.23790957336119653,-0.015974413603544235,-0.07873237878084183,-0.10945918411016464,-0.009328063577413559,1.1937637438701245,-0.01727115921676159
17700,0.9616961704279838,0.49754429103333003,0.014989786559629745,0.32121816321672997,-0.2346520500172714,2.924609957505214,-0.26073874240569567,-0.2335591706377243,0.5515471622901627,0.34062611087541883,-0.1128083382919328,0.6063134223236102,-0.18530239985199437,0.6467469446454382,0.19404129442462775,-0.05751662591099594,0.02289997948507299,0.5716985518989244,-0.028665629001974682,0.12824407082274475,0.11610684874633764,-0.36656299960861394,0.27263276091759703,0.2187895140253336,0.9267203467864366,-0.055828225946867094,0.15357892470764997,0.924491957235602,-0.22906125905234243,-0.28223321293818704,0.2571825268949972,-0.18358390743882344,2.0549730634003547,0.22858376809972766,0.3150447610464875,0.2872617846212408,-0.014678975567221642,0.01437126100063324,-0.004957305267453194,-0.031728584319353104,-0.006146986037492752,-0.00022155704209581017,-0.031964126974344254,-0.019834838807582855,-0.0031983600929379463,-0.022335153073072433,-0.07421170175075531,-0.04167798534035683,0.0006009309436194599,-0.031168511137366295,0.0012534810230135918,0.0011183640453964472,4.423096696315833,-0.007260642945766449,-0.01634955406188965,0.05192234739661217,0.004596932791173458,-0.0061826859600842,1.0,0.03469270467758179,0.0008788295090198517,-0.005436229519546032,1.0,15089.864450135856,-0.056734099984169006,-0.015778403729200363,0.000560195476282388,0.19966661930084229,0.11853612959384918,-0.008022678084671497,-0.058252181857824326,-0.025768805295228958,-0.020965123549103737,-0.007568471599370241,0.15981058776378632,0.5020890831947327,0.583988202242575,-0.006615261547267437,-0.0003610849380493164,-0.019747979938983917,-0.002746711252257228,-0.0058214664459228516,0.4166342616081238,-0.0032616464886814356,-0.14619214832782745,0.2869937457291372,-0.0008644760237075388,1.0,-0.0005190037190914154,1.0,0.3881911635398865,-0.003195459023118019,0.08401070348918438,-0.009772009216248989,-0.029460271820425987,-0.010166916064918041,-0.05008842051029205,-0.05931198224425316,0.2649222367969529,-0.018313121050596237,-0.00892519298940897,-0.016565166413784027,-0.014722020365297794,-0.0065290783531963825,-0.07158365845680237,1.0,0.02,-0.0037358731497079134,-0.00867370329797268,0.15975283086299896,1.0,-0.03523978218436241,2.0862963952356823,-0.023631762713193893,-0.010357971303164959,-0.02137741446495056,-0.010023078881204128,-0.0005339800263755023,-0.005757905542850494,-0.009838059544563293,0.2932479064911604,-0.007314831018447876,0.4865001717420342,-0.013523152098059654,-0.0006124097271822393,1.0,0.4013025760650635,-0.04017970710992813,1.0,0.22252119461874786,-0.019172970205545425,-0.024028746411204338,-0.09556049853563309,-0.013932224363088608,0.9750681597403199,-0.016616597771644592
17800,1.2108709115279173,0.802814422360748,0.3315075685882172,0.6480408173487389,0.04287955187262645,4.358311470134776,0.20169525429142338,0.003598663415923336,0.5815615224852915,0.4663601041223828,0.2553831928750257,0.5946184425307806,0.11840233076858993,0.7992782313734317,0.2970391840701691,0.4144940221266864,0.006521360331393537,0.4608782643047833,0.28689246124057616,0.2512877061206402,0.2954557494302697,0.08486042662368051,1.7481909937122992,0.2344954848821194,0.9989639987225988,0.2851064125907271,0.3449931753561128,0.9126450903366395,0.03194394340639653,-0.08189998455397422,0.5554828489010124,-0.1511721781760234,3.5938510439119797,0.44514213928752194,-0.031471288967408306,-0.1453790553253986,-0.031770240515470505,0.012004557065665722,0.001881925854831934,-0.008313767611980438,0.0005781622603535652,-1.791550312191248e-05,-0.01707008108496666,0.00025957077741622925,-4.578253719955683e-05,-0.007087394129484892,-0.028055831789970398,-0.010403722524642944,0.0011372370645403862,-0.040382757782936096,0.0011745154624804854,0.0026234029792249203,3.956824067904653,-0.02828243374824524,-0.00139640923589468,0.04835749417543411,0.009565305896103382,0.0006262150127440691,1.0,0.03798837959766388,0.011325899511575699,0.0008664932101964951,1.0,104648.06946293892,-0.01810825988650322,-0.0030516418628394604,0.0011745791416615248,0.2425561249256134,0.168449267745018,0.0005719615146517754,-0.035359323024749756,-0.026162534952163696,-0.0740506649017334,-0.007041521370410919,0.2578900456428528,0.5163670778274536,1.0512199375825468,-0.0008096616948023438,0.012514827772974968,-0.03775421530008316,-0.007071922067552805,-0.017583496868610382,0.46769875288009644,-0.0012627483811229467,-0.14389969408512115,1.533107490339186,-0.00013217562809586525,1.0,-0.03221500664949417,1.0,0.7091013789176941,-0.0008573062950745225,0.08394333347678185,-0.004349990747869015,-0.0795266404747963,-0.005844326689839363,-0.026735004037618637,-0.25545433163642883,0.47354261266485065,-0.0016749883070588112,-0.0021536555141210556,-0.010610979981720448,0.002864551730453968,-0.010609408840537071,-0.061101898550987244,1.0,0.02,-0.003456704318523407,-0.009565078653395176,0.19612056016921997,1.0,-0.0045542484149336815,3.97191784086364,0.0027197073213756084,-0.008250885643064976,0.007187511771917343,-0.036404192447662354,-0.0009614080190658569,-0.0007949136197566986,-0.0012858828995376825,0.353918781504035,0.005702711641788483,1.311150529623986,-0.000568663701415062,-0.0003338758833706379,1.0,0.27316704392433167,-0.0613958016037941,1.0,0.36559212461484886,-0.0002629011869430542,-0.23386934399604797,-0.019970497116446495,-0.0067533403635025024,1.333440920188064,-0.017948800697922707
17900,1.072145001753694,0.3826932948376486,0.14643329972683455,0.5731791071339407,-0.15818629132730655,6.211210069655997,-0.0772463042050839,-0.10144924275938683,0.5163235574787334,1.3113948021081159,0.13256878773307235,0.5692709537961925,-0.15331973656178752,0.7010049434931584,-0.2135727145917878,0.4017097549444103,0.18696295104920693,0.7286855044033711,0.16095336531259813,-0.19440987149332892,0.32181875820921596,-0.0543958148884494,1.5323298283847626,-0.2271241857632378,1.2155341379611104,-0.19278576317104862,0.3180045729420828,0.913516428076838,-0.15284678418978417,-0.23510651190997434,0.553463569326066,-0.25348922654967104,6.59842695744229,0.40823286527937447,0.5424304386189143,0.41808925591928303,-0.019126631319522858,0.010444135405123234,-0.012623165734112263,-0.004895959049463272,-0.0012851608917117119,0.0006576991872861981,-0.003289598971605301,-0.004603134468197823,-0.0021964709740132093,-0.004135412164032459,-0.04525689780712128,-0.015838980674743652,0.001449268078431487,-0.043520741164684296,0.004440824501216412,0.0019443491473793983,10.81022266076399,0.008305829018354416,-0.0007514664903283119,0.04695022106170654,0.015506027266383171,-0.0010771439410746098,1.0,0.0623779296875,0.03573785722255707,-0.013158218935132027,1.0,904693.5269951026,-0.03135624900460243,-0.019352585077285767,0.0005101092392578721,0.09893283247947693,0.056715987622737885,-0.011423131451010704,-0.031487151980400085,-0.045799143612384796,-0.10679611563682556,-0.0071387276984751225,0.1284680962562561,0.3171030879020691,0.6817419022217643,-0.019709013402462006,0.041131336241960526,-0.032915595918893814,-0.018206115812063217,0.004829742014408112,0.11534178256988525,-0.008911626413464546,-0.04235633462667465,1.276873903093251,-0.0018326248973608017,1.0,0.04608713462948799,1.0,0.2570866644382477,-0.007979863323271275,0.08293920569121838,-0.00838722474873066,-0.0353500060737133,-0.007198795210570097,-0.023900538682937622,-0.35963380336761475,0.43907444491918596,0.003105366602540016,-0.012442761100828648,-0.03359978273510933,-0.02393866516649723,0.002506004413589835,-0.018756724894046783,1.0,0.02,-0.0032874334137886763,-0.017291273921728134,0.10687436908483505,1.0,-0.010726182721555233,4.842163708695992,-0.023650752380490303,-0.002133046044036746,0.03170626983046532,-0.01430051214993,-0.0016844782512634993,-0.0022020339965820312,-0.0014420937513932586,0.15260360203683376,0.047762081027030945,0.4356158545417843,-0.004483493976294994,-0.001515568932518363,1.0,0.1403059959411621,-0.04069989547133446,1.0,0.45330740724320473,-0.005681097507476807,-0.07550621032714844,-0.0131214065477252,-0.018586039543151855,1.167795868135086,0.0009759659878909588
18000,0.46255376154377686,0.2316750330145564,0.3065730976655719,0.18896878686281524,-0.354011751626697,4.190585880416046,-0.24111020239011402,0.025943371581198887,-0.28376053319357974,0.1844697106273176,-0.11240974606956922,0.5464685400438539,-0.27209546503724663,0.33236152918928313,-0.15660594255348953,0.17493738124647396,0.05097132022438732,0.040586477542337636,0.09332906471473107,0.23915863121038933,-0.2909042864582203,-0.39180954945305035,0.40607531593858986,0.45655774044942854,0.3200581345472393,0.265784994895869,0.23757119869146995,-0.0534165720376883,0.022537438677808358,-0.023636691756580536,0.4537098315645304,-0.13296664516328507,1.1713131194705135,0.3403322280900243,0.2636833410361392,0.32550616219000317,-0.02556064911186695,0.007045118138194084,-0.00793504063040018,-0.03269404172897339,-0.00304570235311985,-5.71167329326272e-05,-0.01380723062902689,-0.030085770413279533,-0.003913336433470249,-0.025150461122393608,-0.009385611861944199,-0.028604887425899506,0.0005510765477083623,-0.06749013066291809,0.0006728310254402459,0.0009491508244536817,4.847496618701548,-0.002289164811372757,-0.017927389591932297,0.04744137078523636,0.0026409837882965803,-0.006600230000913143,1.0,0.025170834735035896,0.004016324877738953,-0.004291710443794727,1.0,24903.035557528958,-0.016623040661215782,-0.012635900638997555,0.0004079172795172781,0.26780784130096436,0.13415440917015076,-0.0003950779791921377,-0.01672295480966568,-0.08514408022165298,-0.02559703029692173,-0.0050070518627762794,0.1891230046749115,0.4275280237197876,0.37525411699886535,-0.001656833803281188,0.009910689666867256,-0.028528496623039246,-0.015976382419466972,-0.01025812141597271,0.2298319935798645,-0.005665387958288193,-0.1328790932893753,0.37160996084554027,-0.0046310750767588615,1.0,0.009440073743462563,1.0,0.49697792530059814,-0.0007657448877580464,0.08367455378174782,-0.01153290830552578,-0.018034907057881355,-0.012026914395391941,-0.013211304321885109,-0.11033561825752258,0.35758751743804384,-0.027235278859734535,-0.0006647703121416271,-0.04969730228185654,-0.011454698629677296,-0.010742444545030594,-0.08205721527338028,1.0,0.02,-0.0022323154844343662,-0.005445951595902443,0.14759355783462524,1.0,-0.022320957854390144,1.1008019749149505,-0.014430132694542408,-0.0023002494126558304,-0.020243743434548378,-0.010204189456999302,-0.0001432352582924068,-0.0006878301501274109,-0.01059299148619175,0.271466638892889,0.008858742192387581,0.23587097710724642,-0.016047611832618713,-6.379018304869533e-05,1.0,0.2787163555622101,-0.06785974651575089,1.0,0.16250275770347783,-0.026700027287006378,-0.007491518743336201,-0.08075885474681854,-0.00602470338344574,0.5848334016654962,-0.017721112817525864
18100,0.31941594501820747,0.11104516311659877,0.19067367889831355,0.3130468929805489,-0.09065734104900935,3.713139782728117,0.06692545725849586,0.016611586591413843,-0.29765305552136917,0.32643223120554715,-0.27513254456328734,0.22875848331141718,0.06130603134567292,-0.2321009172097045,0.2955621866245942,0.34968817196697494,0.11378718268192257,0.22166143965779112,-0.01581235572717259,-0.06350218408138297,0.4314734468274473,0.28214873076663405,0.20178210697559287,-0.25868982847821037,0.3733297602419737,0.10806198759659012,0.24145534259718787,-0.7603331978470363,0.12456631960813425,0.347311742427852,-0.22604392230420234,-0.30568118577462133,2.373118303513612,0.32851457701924874,0.4441184914365226,0.1547798461412521,-0.007809361442923546,0.005601598881185055,-0.0005671633407473564,-0.02891598641872406,-0.001737445592880249,0.00012874737149104476,-0.009625565260648727,-0.0023669442161917686,-0.0006013636011630297,-0.013090763241052628,-0.08367803692817688,-0.0005133450031280518,0.0009293146431446075,-0.02358301728963852,0.0009713826002553105,0.0010098180500790477,4.449654444869662,0.006616130471229553,-0.028020218014717102,0.04511936008930206,0.007919348776340485,-0.000934095005504787,1.0,0.05171740800142288,0.03524954617023468,-0.010019730776548386,1.0,27923.071869653446,-0.07781565189361572,-0.006180040538311005,0.0002542389265727252,0.17865429818630219,0.10429300367832184,-0.002989634871482849,-0.023670151829719543,-0.019054368138313293,-0.03519616276025772,-0.005358406342566013,0.21654872596263885,0.5351813435554504,0.202085351463235,-0.0023219059221446514,0.03630867600440979,-0.034706760197877884,-0.012664210051298141,0.0036209002137184143,0.3604351580142975,-0.006406907923519611,-0.11755064874887466,0.17147055455757676,-0.0014528348110616207,1.0,-0.0005175657570362091,1.0,0.3775419592857361,-0.0013780667213723063,0.0836966447532177,-0.005248988978564739,-0.00813861284404993,-0.008237575180828571,-0.031161513179540634,-0.08737942576408386,0.361940951179112,-0.011814484372735023,-0.005581072997301817,-0.017344001680612564,-0.00804932788014412,-0.004812316969037056,-0.04464990645647049,1.0,0.02,-0.004301257897168398,-0.017887085676193237,0.15884621441364288,1.0,-0.0008592279627919197,2.288762744273815,-0.011404525488615036,-0.00234108604490757,0.005746126174926758,-0.01728895679116249,-0.0003147998359054327,-0.0009269937872886658,-0.013019328005611897,0.3065653331577778,0.0306815467774868,0.16206906019656941,-0.006767368409782648,6.0173566453158855e-05,1.0,0.5210219621658325,-0.018935054540634155,1.0,0.28951026546054237,-0.001476973295211792,-0.002867340110242367,-0.07568229734897614,-0.016890857368707657,0.5769878308191995,-0.015180462971329689
18200,0.31450758593754385,0.16419237212235233,0.1864661243596551,-0.1128381442936536,0.44757938123133745,1.993071619799719,0.21660111238003785,0.20097410165262236,0.05402398995130009,0.042622326712802916,-0.2637667569358561,0.20018630931602566,0.0034659954538491175,0.4650732225263943,-0.19170477672053932,-0.4782479885612722,-0.02660739512682563,-0.3966127220525048,0.1093503219138051,-0.15912556810156142,-0.3007263966145023,-0.025098512201154454,0.19177288827081554,-0.21825778363325377,0.33358490800846885,-0.017734005110177642,0.5706107589522043,0.7851211731443489,0.39326674094387715,0.19861625577796643,-0.03059132244673577,0.21204046661901038,0.7418449209481801,0.28135928736124294,-0.009502323877288067,-0.07008795205128349,-0.005205770488828421,0.00419398071244359,-0.008003643713891506,-0.002346523106098175,-0.0026307646185159683,-0.002400581259280443,-0.036998551338911057,-0.04741012677550316,-0.0007731134537607431,-0.018006425350904465,-0.0163215771317482,-0.010000467300415039,0.00044328533113002777,-0.007502660620957613,0.0005055373185314238,0.0013468886027112603,1.6706826483009134,-0.03314134478569031,-0.0018906970508396626,0.044213391840457916,0.0024939742870628834,-0.007588865235447884,1.0,0.019986193627119064,-0.0011688601225614548,-0.002506021875888109,1.0,15216.635256231284,-0.017287280410528183,-0.0006142840138636529,0.0003268105210736394,0.15654271841049194,0.09061174094676971,7.533188909292221e-05,-0.11374961584806442,-0.04007165879011154,-0.004404653795063496,-0.0031742877326905727,0.09152655303478241,0.5173437595367432,0.6218775095264313,-0.004823461640626192,0.004949789494276047,-0.04625691473484039,-0.022222885861992836,-0.012806560844182968,0.1875334084033966,-0.006758799776434898,-0.05136290565133095,0.13301214982978335,-0.001375434803776443,1.0,-0.02916085347533226,1.0,0.5062296390533447,-0.006563228089362383,0.08399505168199539,-0.011174078099429607,-0.04022163897752762,-0.0074060531333088875,-0.11075897514820099,-0.029184997081756592,0.3748223024244616,-0.017897723242640495,-0.0026010212022811174,-0.022205673158168793,-0.0013802978210151196,-0.021494897082448006,-0.10998192429542542,1.0,0.02,-0.0016281802672892809,-0.007586800958961248,0.09486021846532822,1.0,-0.012423783540725708,0.8605109076525966,-0.003007196355611086,-0.006304328329861164,-0.02798013761639595,-0.025925762951374054,-0.0009579879697412252,-0.0008609183132648468,-0.021463004872202873,0.22732017654925585,-0.03127070143818855,0.291154196031523,-0.009301002137362957,-0.00013920816127210855,1.0,0.17391337454319,-0.06338345259428024,1.0,0.08189985616426394,-0.05470483750104904,-0.06440716981887817,-0.19985485076904297,-0.009585447609424591,0.4380107523168386,-0.01969432458281517
18300,1.3530757432358187,0.19617400481966588,0.0063247694138894445,0.41790703022450704,0.22885139061079135,1.2673036299838496,0.02028578787745971,-0.07855723054639374,0.25291850459841847,0.25390457649174364,0.10956425637455844,0.26084318014265073,0.05778470195149928,0.40562268924498,-0.10029071754131182,0.1328837838329943,0.206596326135113,0.5283306183450258,0.02482943171431962,-0.23452612530958675,0.38054804191214786,0.07405663070641538,0.1708389643056331,-0.0404274426181689,1.9814029968585565,-0.334302648674346,0.42261545381932264,0.9755556959546298,0.24446674963404763,0.32240501433891045,0.3783250603992705,0.3283120352158903,1.4557971058380639,0.24382213681754786,0.180810104268245,0.18933718290722013,-0.021067023277282715,0.005315163638442755,-0.0006672507151961327,-0.00045165419578552246,0.002096304204314947,-0.0007447685347869992,-0.04499301686882973,0.0008110017515718937,-0.005002565216273069,-0.010159888304769993,-0.10900067538022995,0.0010472089052200317,0.0005642216419801116,-0.009532625786960125,0.0005511573399417102,0.001044896780513227,1.6302902712879874,-0.019139885902404785,-0.00384719530120492,0.04580501466989517,0.0034632720053195953,-0.0006178942276164889,1.0,0.009533376432955265,-0.012579209171235561,-0.00570392981171608,1.0,8594.636441243765,-0.09595262259244919,-0.008664642460644245,0.0004439336189534515,0.11643649637699127,0.16395071148872375,-0.005703721195459366,-0.10627859085798264,-0.02081986516714096,-0.04531487077474594,-0.0069864047691226006,0.06248023360967636,0.36835068464279175,1.6186194175783202,-0.006666169967502356,-0.00676483940333128,-0.053701773285865784,-0.019448643550276756,-0.008260349743068218,0.13993698358535767,-0.005264028906822205,-0.15314644575119019,0.22914413131350314,-0.006491681095212698,1.0,-0.023484278470277786,1.0,0.38004589080810547,-0.010700619779527187,0.08384771272540092,-0.013393054716289043,-0.027399392798542976,-0.011644145473837852,-0.10936537384986877,-0.2230895608663559,0.2987639093906263,-0.013941317796707153,-0.014583977870643139,-0.008220290765166283,-0.008242115378379822,-0.010109067894518375,-0.12870684266090393,1.0,0.02,-0.003323836252093315,-0.00414568604901433,0.1318986415863037,1.0,-0.002714254427701235,1.804044613874934,-0.007760959677398205,-0.009437443688511848,-0.013690936379134655,-0.02440679259598255,-0.0009409843478351831,0.004014760255813599,-0.011911178007721901,0.19113867823034525,-0.03526725247502327,0.2518995739059584,-0.003012430388480425,-0.0010803589830175042,1.0,0.166009783744812,-0.011689988896250725,1.0,0.26265404875233217,0.00298386812210083,-0.033255256712436676,-0.10316571593284607,-6.956979632377625e-05,1.9543678260555004,-0.017401468008756638
18400,0.15550356057246612,0.4484940545050534,0.03689494936076185,0.5058164227372042,0.14767683407491106,1.2537417353268676,-0.39368869336947954,-0.27278561342444496,0.4662137707182231,0.07393209475107063,-0.007123746520707694,-0.26178650590593466,-0.29174136285606406,0.7267077268207605,0.5491758445508856,-0.07251177725502977,-0.14296457413592037,-0.3427122412308794,-0.19439442396876677,0.26103639143094814,-0.26458137310463364,-0.4119799973034983,0.4868921422222127,-0.15331357835680662,0.5642495082475968,0.38465208613334445,0.2569679486079741,-0.291562571298535,-0.3185870478589879,-0.2557261769552766,-0.18386820855365027,0.13598397932228332,1.3381375967954063,0.2634549849725715,-0.10103771414931303,-0.01242110717019527,-0.0029845600947737694,0.0029847146943211555,-0.009234555996954441,-0.038398876786231995,-0.002743916120380163,-0.008043165318667889,-0.048840440809726715,-0.028160735964775085,-0.0013753296807408333,-0.015617186203598976,-0.0930551141500473,-0.03857716917991638,0.0004440764314495027,-0.008721948601305485,0.0005110841593705118,0.0017430419102311134,1.3801724633522299,-0.025787033140659332,-0.025391172617673874,0.04068230092525482,0.00286681205034256,-0.010293731465935707,1.0,0.005441351793706417,-0.003766915760934353,-0.00036194571293890476,1.0,12967.511308313053,-0.07482689619064331,-0.010946409776806831,0.0007045623497106135,0.21093706786632538,0.14798644185066223,-0.006441328674554825,-0.11285360157489777,-0.02786795049905777,-0.01073217298835516,-0.0058341799303889275,0.1502247005701065,0.28474658727645874,0.4002001104332961,-0.0054026395082473755,-0.0023447158746421337,-0.050880078226327896,-0.016138296574354172,-0.01266156230121851,0.275767982006073,-0.0019858006853610277,-0.11257671564817429,0.5948407912105717,-0.00036114949034526944,1.0,-0.008338997140526772,1.0,0.38091370463371277,-0.005000146571546793,0.0823785550892353,-0.010700631886720657,-0.03183111548423767,-0.007921005599200726,-0.09580057114362717,-0.031080998480319977,0.3524291608709066,-0.011560693383216858,-0.00691412715241313,-0.013381476514041424,-0.009750484488904476,-0.028674829751253128,-0.1202249825000763,1.0,0.02,-0.0045077200047671795,-0.009548656642436981,0.12980219721794128,1.0,-0.03712600842118263,1.3977963601839571,-0.026409897953271866,-0.005679903086274862,-0.010440337471663952,-0.05116531252861023,-0.000831259589176625,-0.0030158311128616333,-0.01593792624771595,0.2310209609568119,-0.035883188247680664,0.4080103259815905,-0.010912495665252209,-0.0007214213837869465,1.0,0.26778900623321533,-0.027330853044986725,1.0,0.0954635513358286,-0.03532388061285019,-0.02616797387599945,-0.09908898174762726,-0.014597490429878235,0.8823640604034928,-0.0192595012485981
18500,0.22114490624777924,0.15403374886156437,-0.1210547361642659,0.41013904398654544,0.18124952265384808,0.6978389377164537,0.30947506631454746,0.27742865667871025,-0.11862680885371396,0.5095595116962971,0.12355183297238768,0.478705850594444,0.08146663373196718,-0.11186225018565128,-0.16617771546846338,-0.2148105261419701,0.3071720255596628,0.47416408501219653,0.003296915724796925,0.3146664589368894,0.5450774334499998,0.019505780143719502,0.3590575382412661,0.14017827769711966,0.35150120680361663,0.007068211607457776,0.4722178241710874,0.12168826481119524,-0.007249669523401463,-0.05245720818758701,0.21874999372452603,0.07715873976128407,2.662448237978212,0.42764179700421356,0.22026595567261759,0.3078827918214004,-0.02490272931754589,0.0027358438819646835,-0.00237275380641222,-0.003691781312227249,-0.0013744407333433628,-0.0029875552281737328,-0.013545791618525982,-0.006327294744551182,0.0001745909103192389,-0.014263641089200974,-0.044092051684856415,-0.0234593003988266,0.0007114652544260025,-0.004571452271193266,0.0007776602869853377,0.0008753286674618721,0.9227285034762699,-0.01761893928050995,-0.004604373127222061,0.039838433265686035,0.006024093367159367,-0.0023856216575950384,1.0,0.011855240911245346,-0.02478357031941414,0.0007623638957738876,1.0,32239.818135115016,-0.033890657126903534,0.0002865474671125412,0.0004192492342554033,0.23644253611564636,0.16503146290779114,-0.0076740095391869545,-0.1144571602344513,-0.029546797275543213,-0.13013003766536713,-0.0024558058939874172,0.3693220019340515,0.7212241888046265,0.4109107662146225,-0.002736009657382965,-0.019661474972963333,-0.05157586932182312,-0.019818812608718872,-0.012593429535627365,0.4437856674194336,-0.004487893078476191,-0.058242931962013245,0.44165143600314843,-0.00031021423637866974,1.0,-0.030953887850046158,1.0,0.5372118353843689,-0.003993564285337925,0.08406013250350952,-0.008189541287720203,-0.020291080698370934,-0.00798474159091711,-0.10524166375398636,-0.42675796151161194,0.3863188211470773,-0.001229880377650261,-0.004116293508559465,-0.014851460233330727,-0.003970508463680744,-0.03274984657764435,-0.0764569640159607,1.0,0.02,-0.0031161289662122726,-0.0018141129985451698,0.2873673737049103,1.0,-0.020752618089318275,3.056545265111495,-0.0020396606996655464,-0.0058236271142959595,-0.03155742958188057,-0.056598663330078125,-0.0016393468249589205,-0.0023192763328552246,-0.0003993083373643458,0.3746878243982792,-0.04521986469626427,0.23513270681264828,-0.010745751671493053,-0.00014561426360160112,1.0,0.23711752891540527,-0.029600393027067184,1.0,0.5344028060078044,-0.006308950483798981,-0.01788393035531044,-0.0037645171396434307,-0.004259385168552399,0.7304685184838113,-0.007558886427432299
18600,0.5157743535269799,0.3823136345996409,-0.05803779808726751,-0.46826105004792706,0.4789896266539168,2.2748909961099204,-0.1485611407808975,-0.06748148249161315,-0.512292940879685,0.5666671368263201,0.17310133203390354,-0.504183523259513,-0.16607880865070937,0.7398168076523121,-0.22459930954251747,0.1782695185215171,0.2632418492070755,0.18725225148522848,0.08422736483927407,0.29312092297543707,0.3292872707840306,0.07310117928065274,0.762238974812382,-0.13513264065119154,0.6552586993277041,0.5401762307048852,0.29763765498380146,0.8880586625666309,0.49434833548234813,0.18571846903468053,-0.4327549979839958,0.19089036835404122,0.7024351066816815,0.3374710316044499,0.28265393855111265,0.15641849948085926,-0.026768799871206284,0.0029033080209046602,-0.0022617559880018234,-0.0472642183303833,-0.003321458352729678,-0.0024384153075516224,-0.03409494459629059,-0.019561542198061943,-0.0007968315621837974,-0.00791083462536335,-0.09298853576183319,-0.05060724914073944,0.0007633762434124947,-0.01568390242755413,0.0011878388468176126,0.0014983236324042082,1.0208850535736969,-0.008602766320109367,-0.02768140286207199,0.04105794429779053,0.002222932642325759,-0.0019996999762952328,1.0,0.020735718309879303,-0.019736450165510178,-0.0047619957476854324,1.0,22493.435705806252,-0.07040189951658249,-0.011837966740131378,0.0005597248673439026,0.08172272890806198,0.1850702464580536,-0.004144767299294472,-0.1322854906320572,-0.02207738161087036,-0.019490761682391167,-0.006552691105753183,0.15873302519321442,0.3879944086074829,0.8206482513253822,-0.002400830155238509,-0.0035834945738315582,-0.04517171159386635,-0.013688623905181885,-0.004206467419862747,0.2767934799194336,-0.0027650021947920322,-0.08947064727544785,0.7536765074959175,-0.0002581714652478695,1.0,-0.015576101839542389,1.0,0.4135890305042267,-0.010765557177364826,0.08377688750624657,-0.016380317509174347,-0.029378358274698257,-0.012439832091331482,-0.12422666698694229,-0.04272623360157013,0.3771942906909019,-0.026408471167087555,-0.013830848038196564,-0.008760667406022549,-0.00904284417629242,-0.009448257274925709,-0.06703789532184601,1.0,0.02,-0.0009950869716703892,-0.004575722850859165,0.25591957569122314,1.0,-0.04260164126753807,1.0483043704137813,-0.02007906138896942,-0.005072781816124916,0.0009816233068704605,-0.01644497737288475,-0.0011199327418580651,-0.001933082938194275,-0.01837860979139805,0.24530739057809114,-0.003490615636110306,0.34164876358850466,-0.0028458156157284975,-0.0010074228048324585,1.0,0.20263662934303284,-0.02452661469578743,1.0,0.7093302845370452,-0.021622657775878906,-0.021295737475156784,-0.08309578895568848,-0.002071000635623932,0.6687434258266781,-0.011087106540799141
18700,1.07067611385102,0.5448815277331273,0.20917858985447985,0.2552735311207003,0.11991592497876691,5.613426089655704,0.1418693242822829,0.1497700214179747,0.3327859252481112,0.7053565432260628,0.4299956673326401,0.254793698886027,0.006297697651524411,0.8484429959639425,0.4027468779302101,0.515682388256706,0.0516622930646901,-0.0003085760361360695,0.13243744338699953,-0.016188485897200046,0.5654701654654628,0.048596661727624356,2.386772446239563,0.3735964590785889,1.0659886681281667,-0.05073702450426039,0.23715967257364365,0.9557175300380991,0.13971816725774505,0.35675826166926916,0.16585399396030426,0.3444076970398898,2.214045798709113,0.37933583220286,0.2717781168850985,-0.03293774778457569,-0.007849099114537239,0.0033794762566685677,0.0007821586914360523,-0.00039816275238990784,0.0008721144404262304,2.1661922801285982e-05,-0.019318213686347008,0.0006828471086919308,-0.0005627862410619855,-0.00924932025372982,-0.054978370666503906,-6.396695971488953e-05,0.0008088252507150173,-0.0034004165790975094,0.0017937547527253628,0.0033982163295149803,5.875253132891435,0.004246203228831291,-0.0025871386751532555,0.041760705411434174,0.005251133814454079,8.365575922653079e-05,1.0,0.031918369233608246,0.02426709048449993,-0.0053178695961833,1.0,180800.177937273,-0.04214239493012428,-0.0039191171526908875,0.0007482172804884613,0.2604386806488037,0.13666285574436188,-0.004397151991724968,-0.11941910535097122,-0.023725979030132294,-0.12081514298915863,-0.002786666387692094,0.21733605861663818,0.5262376070022583,1.2651054575320682,-0.00458992226049304,0.016904428601264954,-0.03697211295366287,-0.017015323042869568,-0.0034988895058631897,0.42762333154678345,-0.005658476613461971,-0.137048602104187,2.655253594727108,-0.0009436790132895112,1.0,-0.026993155479431152,1.0,0.3818531334400177,-0.003519598860293627,0.08527419902384281,-0.0072897812351584435,-0.11438660323619843,-0.0029785032384097576,-0.10531468689441681,-0.39535006880760193,0.42156024921046553,-0.008933020755648613,-0.004173802211880684,-0.012012702412903309,-0.0039261216297745705,-0.010540181770920753,-0.07103157043457031,1.0,0.02,-0.004801496397703886,-0.00568013172596693,0.2276676446199417,1.0,-0.0019776569679379463,2.2511366625548552,-0.00196896493434906,-0.0028751695062965155,-0.0019307956099510193,-0.03716395050287247,-1.0149786248803139e-05,0.0011690035462379456,-0.0009380826377309859,0.3224538080394268,-0.00911501795053482,1.2114647203049806,-0.0036855535581707954,0.0001001861528493464,1.0,0.4018111526966095,-0.003884549718350172,1.0,0.8238289176326455,0.0005311071872711182,-0.30964139103889465,-0.017640892416238785,-0.008304551243782043,0.9600417090979861,-0.019448477774858475
18800,1.1723222361744607,0.42092177533318686,-0.047218478541504655,0.0011803431355670718,0.2907279270306804,2.171877044721248,0.2647700198210023,0.20299756054453988,0.25344679388437974,0.5320016373928982,0.20449634309590572,0.3771822462626161,-0.11959363498112222,-0.4876969453092014,0.4603315037007354,-0.37345752860918124,0.07399164017634649,0.4067288144163142,0.0397702016947761,0.32314601070154353,0.4450455126625714,-0.1254735280168831,0.6885693679395142,0.4136314585675231,0.9652661496194741,-0.22503864118595795,0.34790397235504894,0.936402717186881,0.2655276028155192,0.07985740023389715,-0.09069305122761481,0.051310647590463485,1.8154294576141023,0.8401344853826977,0.06432305175560579,-0.00827877303628835,-0.025775408372282982,0.0030427342280745506,-0.006620080675929785,-0.007782801985740662,0.0007235221564769745,0.000742394826374948,-0.005119033623486757,-0.010168270207941532,-0.0011218860745429993,-0.017965108156204224,-0.07871858775615692,-0.010636959224939346,0.0016432877164334059,-0.008535677567124367,0.0006064291810616851,0.0014972429489716887,2.2173529104958147,-0.018903017044067383,-0.007073082961142063,0.03979438543319702,0.0044824969954788685,-0.002871660515666008,1.0,0.024843357503414154,-0.024353623390197754,-0.0008762315846979618,1.0,15665.222027572638,-0.058634720742702484,-0.0034138192422688007,0.0006934026605449617,0.24951861798763275,0.10821370035409927,-0.00029048463329672813,-0.12440507113933563,-0.02917782962322235,-0.17479310929775238,-0.003017476527020335,0.15829817950725555,0.6144797801971436,1.41741303010825,-0.002633207943290472,-0.0059891268610954285,-0.04598076269030571,-0.02062852680683136,-0.012109637260437012,0.24881651997566223,-0.0031531662680208683,-0.13198386132717133,0.8766055745967153,0.0007530611474066973,1.0,-0.024765465408563614,1.0,0.5334915518760681,-0.005078305955976248,0.08545642718672752,-0.00864375289529562,-0.03331352770328522,-0.005281153600662947,-0.10542825609445572,-0.46945980191230774,0.7982139907741491,-0.009094662964344025,-0.005625628866255283,-0.013483812101185322,-0.004250542726367712,-0.027537189424037933,-0.13178372383117676,1.0,0.02,0.00013754167594015598,0.0005566761828958988,0.24282903969287872,1.0,-0.01027009915560484,2.0840597352451686,0.0009891032241284847,-0.0016543560195714235,0.0016144216060638428,-0.027484457939863205,-0.002415758790448308,-0.0005491152405738831,-0.0019953136797994375,0.30035018641501665,-0.04419054836034775,0.4234548102418457,-0.01183981355279684,-0.0010333159007132053,1.0,0.247154101729393,-0.008672485128045082,1.0,0.5984798004432025,-0.013071749359369278,-0.04927882179617882,-0.026672018691897392,-0.00032955408096313477,0.8201165128867737,-0.016102313995361328
18900,0.5973963290086199,0.13394649810870776,0.02548665671161653,0.6260982019847616,0.15042782355793805,1.763872020878902,0.19792203765874802,-0.17380694795290008,-0.44479201586805045,0.1991707751952023,-0.12623887419736057,-0.4794761082708713,0.05244324200179642,-0.5237578833823425,-0.038936430093418656,0.005599678954483322,0.05448067866352972,0.5431911542431603,-0.039509383313592356,0.16647674919227592,0.07529157911378404,0.43025434670926344,0.4112631158176559,-0.004504997550657974,1.5748991490806201,-0.11545214702124722,0.2618892017646284,0.9502388926394976,0.19567420303988628,0.35695263394320376,0.5618660995690733,0.31990889722477367,1.3292617399454614,0.2867721756879636,-0.025647142511989733,0.04736885101591913,-0.016824135556817055,0.0024525881744921207,0.0002766252728179097,-0.01855534315109253,-0.0019734702073037624,-4.5141379814594984e-05,-0.05634625628590584,-0.009802967309951782,-0.00106606085319072,-0.009204075671732426,-0.11088500171899796,-0.014818746596574783,0.000655391369946301,-0.006237719673663378,0.000690256361849606,0.0013728957856073976,3.6788940127363112,-0.03250887617468834,-0.023831339552998543,0.043287552893161774,0.002969835652038455,-0.00031982699874788523,1.0,0.0037879450246691704,-0.004205374978482723,-0.007044019177556038,1.0,12857.692377646408,-0.10683568567037582,-0.017088044434785843,0.0002934995573014021,0.14734360575675964,0.2581133544445038,-0.006491887383162975,-0.09714861959218979,-0.003166981041431427,-0.023769067600369453,-0.006293955259025097,0.13015851378440857,0.7473503351211548,0.9095599290300828,-0.0010032587451860309,-0.005418251268565655,-0.044823020696640015,-0.012238455936312675,-0.008450196124613285,0.12372083961963654,-0.003739676671102643,-0.1126038208603859,0.29263260771188543,-0.00033820990938693285,1.0,-0.010099693201482296,1.0,0.6060965657234192,-0.008618158288300037,0.08310669101774693,-0.013043138198554516,-0.005673629231750965,-0.012733887881040573,-0.1106983944773674,-0.028215724974870682,0.2784980476274372,-0.010198022238910198,-0.012913716025650501,-9.870016947388649e-05,-0.016170918941497803,-0.019114837050437927,-0.1289399415254593,1.0,0.02,-0.003815515898168087,-0.010015998035669327,0.21906235814094543,1.0,-0.009540941566228867,1.265114816054269,-0.01183515228331089,-0.01735084317624569,-0.010422787629067898,-0.024580787867307663,-0.00021977961296215653,0.0007231198251247406,-0.01834055595099926,0.2896469868719578,-0.008398902602493763,0.1337721356176297,-0.0024675405584275723,-0.0003086490905843675,1.0,0.08533032238483429,-0.00904171820729971,1.0,0.17653976046184153,-0.00483245775103569,-0.005021065939217806,-0.1497536450624466,-0.004386395215988159,1.5050286178584524,-0.012081590481102467
19000,0.4973811692529077,0.7773868188920522,0.16322294006225796,-0.1697074217462273,-0.17420016688465356,4.278323237230597,-0.03499249513577585,-0.18655880521035015,-0.3555866091810802,0.3987869928801894,-0.09644776465861303,0.4662427621090433,-0.007873658867975013,0.7322795073335524,0.10203113998496031,-0.0953218398785637,0.15242220168694784,0.7674097091537513,0.06637728937431597,-0.07756640875958003,0.25238148744440264,-0.17350663288317628,0.4595629263527308,-0.22377741320645025,0.3691685413032717,-0.09812868327645334,0.1942944371205099,-0.12583201071670025,0.05728295239386156,0.16608128364668814,0.2227302146348223,-0.16123025936868257,2.3702657754449805,0.23636187728611488,0.4944762129416274,0.47848804330649014,-0.006186200305819511,0.002715019043534994,-0.0016986214322969317,-0.036995258182287216,-0.0006049619987607002,0.00039326981641352177,-0.029532691463828087,-0.01430279016494751,-0.0014732928248122334,-0.00558931939303875,-0.0055455975234508514,-0.04692111536860466,0.0010037770261988044,-0.033234305679798126,0.00202310923486948,0.0017380736535415053,4.230955938558514,-0.01495332270860672,-0.01798957958817482,0.03888612613081932,0.005319236312061548,-0.0020961849950253963,1.0,0.04157570004463196,0.03287143260240555,-0.0010323268361389637,1.0,182668.87901045365,-0.0062172808684408665,-0.013598178513348103,0.001497697550803423,0.2479628175497055,0.2109762281179428,-0.006432318594306707,-0.03469627723097801,-0.0366915725171566,-0.011218074709177017,-0.0053466446697711945,0.19767697155475616,0.3593198359012604,0.33976529596332067,-0.006352272816002369,0.02878512255847454,-0.014697377569973469,-0.001348020858131349,0.0001827627420425415,0.41297483444213867,-0.003455318510532379,-0.09826940298080444,0.5694636965877188,-0.00045880384277552366,1.0,0.01400383748114109,1.0,0.6016972661018372,-0.0019963677041232586,0.08412181213498116,-0.003866269253194332,-0.023525191470980644,-0.013415120542049408,-0.02230946533381939,-0.03283108398318291,0.21733388700594278,-0.01495763473212719,-0.0032612751238048077,-0.03642034903168678,-0.005459505598992109,0.0005211611278355122,-0.05910429358482361,1.0,0.02,-0.002335791476070881,-0.008277591317892075,0.3290811777114868,1.0,-0.034044504165649414,1.8262108720282968,-0.013584190979599953,-0.0032724738121032715,-0.0270061194896698,-0.0016499697230756283,-0.0008497142698615789,-0.0007288195192813873,-0.025351256132125854,0.34134175814688206,-0.0294625386595726,0.7595213324501707,-0.004990203771740198,-0.0005300291813910007,1.0,0.37104493379592896,-0.08706572651863098,1.0,0.08841672331005156,-0.012713242322206497,-0.019817808642983437,-0.1766422986984253,-0.006597984582185745,0.48202405086270983,-0.011548162437975407
19100,1.5889008509368265,0.5722805006815597,0.1299787469948749,0.1518403616656243,-0.16754332438249603,3.9070179221019252,-0.12331035099379363,0.04168247043892046,0.5047799929892831,1.0758214873295537,0.24465932826966985,0.5733068236017693,0.025881122217567047,0.4166256447731619,0.5242448831172448,0.5124192480215128,0.15816430564937375,-0.24941760179968106,0.12613058561321955,0.2955383450549921,0.09329221367168443,-0.09729443212975677,1.4740761371471227,0.462648853601658,1.213662283701299,0.022181990848418067,0.1572002824004794,0.9594005239646787,-0.16490678623998278,-0.062058824759756034,0.1777104791092095,-0.03773054165443071,2.8910596347031925,0.20007969862418926,0.23524952718373449,-0.1537857246994218,-0.010858233086764812,0.00612541101872921,-0.0016524847596883774,0.0010084658861160278,0.003564157523214817,-0.00016122328815981746,-0.028476521372795105,-0.015896229073405266,5.388801218941808e-05,-0.002085068728774786,-0.11368563026189804,-0.024290218949317932,0.000552414683625102,-0.010825851932168007,0.003257641103118658,0.0037891240790486336,1.5825021679876001,0.00990278646349907,0.0034516388550400734,0.04164252430200577,0.008297987282276154,-0.005570270586758852,1.0,0.04205676168203354,-0.0018558427691459656,-0.00893816165626049,1.0,52090.287815049036,-0.07868441194295883,-0.0004143272526562214,0.001319110975600779,0.1897284984588623,0.1729201078414917,-0.007227303460240364,-0.1133684441447258,-0.02428024262189865,-0.06392703950405121,-0.0012766526779159904,0.1420505791902542,0.8287318348884583,1.393537514438888,0.0016886430094018579,0.002198353409767151,-0.02857835404574871,-0.025235898792743683,0.013469768688082695,0.13803315162658691,-0.0032923114486038685,-0.12653735280036926,2.082201980179864,-0.0029699895530939102,1.0,-0.033502496778964996,1.0,0.4282657504081726,-0.0015865876339375973,0.08417555689811707,-0.008117645047605038,-0.01349851954728365,-0.00738763390108943,-0.08525865525007248,-0.31696319580078125,0.20221261043112634,-0.005878128111362457,-0.0027057859115302563,-0.007898698560893536,0.0012519573792815208,0.00021162396296858788,-0.05022420734167099,1.0,0.02,-0.004533711820840836,-0.001629585400223732,0.16442884504795074,1.0,-0.01240425743162632,3.0251663669717925,-0.011028874665498734,-0.003130906028673053,0.012940559536218643,-0.01603628136217594,-0.0002622960018925369,-0.004208657890558243,0.00020833744201809168,0.27384503185749054,-0.010953176766633987,0.6039184069599638,-0.009558559395372868,-0.0001622335985302925,1.0,0.12660148739814758,-0.020763475447893143,1.0,1.3844524322579435,-0.012772869318723679,-0.007504682056605816,0.00025683874264359474,-0.001657433807849884,1.4603575800633586,-0.025969287380576134
19200,1.337619986006065,0.15697592545613173,0.0767662836531866,0.25776198923610866,0.11149784945467991,5.474383571188611,0.27990535991472965,0.22509403314627102,-0.07231358848423028,0.20064100015580116,-0.16649925960700107,-0.05311108361703552,0.010320698427751476,0.2102325333589405,0.1904402022218467,-0.3808933979273078,-0.030015167610967362,0.5615295207384307,0.002868130494072047,0.31884593553719365,0.34747500366172784,0.10924485813894141,0.25981844949114224,0.2351691294349313,1.8498421038999069,0.0656001496442102,0.3148356188098766,0.9620558653929976,0.12977374575788997,0.24673716307853555,0.3062929282782577,0.24906976941888437,2.2271646976218427,0.3411087200710094,0.22654264770646462,0.011393376052865101,-0.028003383427858353,0.003055271692574024,-0.001085988711565733,0.0030141212046146393,-0.0016556037589907646,-0.001165659399703145,-0.03500017896294594,0.0012070952216163278,-0.0009696179768070579,-0.0084048667922616,-0.11797912418842316,0.0005129128694534302,0.0006980737671256065,-0.008026223629713058,0.0007444309303537011,0.0012698168866336346,7.2257832674683495,-0.03906616196036339,-0.0003377515822649002,0.04224918782711029,0.005703066475689411,-0.00040411396184936166,1.0,0.037909526377916336,0.010769583284854889,-0.0054038818925619125,1.0,43105.92428727479,-0.0937359482049942,-0.001538540585897863,0.00035838648909702897,0.12299051880836487,0.12171006947755814,-0.006189747713506222,-0.10234872996807098,0.0007447116076946259,-0.11507700383663177,-0.004540856461971998,0.18506436049938202,0.44396519660949707,1.5773660280339343,-0.002617313526570797,-0.003518681973218918,-0.045221149921417236,-0.010853661224246025,-0.019037149846553802,0.20898067951202393,-0.00246112747117877,-0.12728744745254517,0.237673648865559,-0.0014070942997932434,1.0,-0.021688703447580338,1.0,0.412564218044281,-0.007669577840715647,0.08429544791579247,-0.01336079090833664,-0.004499214235693216,-0.012655309401452541,-0.10060380399227142,-0.47089332342147827,0.33378571309614363,-0.008002418093383312,-0.012833783403038979,0.0013570295413956046,-0.0027629295364022255,-0.012296185828745365,-0.06304273009300232,1.0,0.02,-0.0034182495437562466,-0.00135734211653471,0.232031911611557,1.0,0.000734199769794941,2.433186150604468,-0.005235281772911549,-0.013590723276138306,-0.018148746341466904,-0.03201589360833168,-0.0003983920905739069,0.000981651246547699,-0.011796411126852036,0.23365701641887426,-0.035019587725400925,0.1679379646341051,-0.0023844160605221987,-0.0005433340556919575,1.0,0.14194917678833008,-0.012169985100626945,1.0,0.18674577547994903,0.0024734362959861755,-0.0017568180337548256,-0.07108071446418762,0.0015390366315841675,1.7124972666446847,-0.016087623313069344
19300,1.2991830346792703,0.3785453813498798,0.043075890204245945,0.3764033357350545,-0.24742793069412522,5.463979176683162,-0.07268567926435855,-0.2719223702785365,0.5178174187700544,0.3381777580711245,0.054912248321762246,0.5736744785984936,-0.13344139463179935,0.5272154101406141,0.625106160546101,0.39363101933303624,-0.0015541974617834927,0.08836286519744635,0.0611759450487745,0.31006482850948547,-0.5043823434698939,-0.12041208101383208,0.7549523642037635,0.5626777722205228,1.243018945398549,0.22097381484069611,-0.06231736787127882,0.9509684179849558,-0.27633521490443913,-0.3259363137791213,0.3253805025070991,-0.30195039405748786,0.9336289845952936,0.22053581170607367,0.1353174528076735,0.390956286490173,-0.008347482420504093,0.003517851699143648,-0.007414096500724554,-0.006137050688266754,-0.001657439861446619,-0.00016041507478803396,-0.010989287868142128,-0.028636563569307327,-0.0008330249693244696,-0.015833484008908272,-0.1002630814909935,-0.024090901017189026,0.0005157600389793515,-0.011694241315126419,0.001094589475542307,0.0014034142950549722,5.181225377490752,-0.015411384403705597,-0.0015857075341045856,0.038947589695453644,0.0021621049381792545,-0.0018326712306588888,1.0,0.029491715133190155,0.01437750831246376,-0.006161893252283335,1.0,50903.41694356704,-0.07018674165010452,-0.006311976816505194,0.0004749672662001103,0.13579583168029785,0.21608784794807434,-0.007123750168830156,-0.10128054767847061,-0.05149552971124649,-0.05446984991431236,-0.0062797656282782555,0.07812350243330002,0.40918654203414917,1.2077527034729387,-0.002818282227963209,0.016646839678287506,-0.033557236194610596,-0.014427759684622288,-0.004507075995206833,0.06800825893878937,-0.0037101253401488066,-0.07285185903310776,0.6082175961006808,-0.0017380568897351623,1.0,0.011212961748242378,1.0,0.49609288573265076,-0.00521072605624795,0.08420781046152115,-0.009541017934679985,-0.02771041728556156,-0.008318265900015831,-0.0779312402009964,-0.1392558217048645,0.23621187915044836,-0.019603928551077843,-0.007230422925204039,-0.02649405598640442,-0.0063283550553023815,-0.005883823614567518,-0.08026954531669617,1.0,0.02,-0.0019119576318189502,-0.02047533169388771,0.05789678916335106,1.0,-0.01890036091208458,0.9601811510613334,-0.015213413164019585,-0.0030795629136264324,0.01362261176109314,-0.01141882874071598,-0.0015819993568584323,-0.0039011724293231964,-0.007859599776566029,0.190520488191396,0.009914755821228027,0.3850130007834323,-0.007861482910811901,-0.001478328718803823,1.0,0.06297224760055542,-0.015632055699825287,1.0,0.32120157342765,-0.03299667686223984,-0.026506971567869186,-0.05346705764532089,-0.022744789719581604,1.545943508713613,-0.018000921234488487
19400,0.8564129654315134,0.3743041975840946,-0.1064190143673226,-0.28240586015945274,0.2686983994517961,1.2408398005254815,-0.17242804940759582,0.1637227578627391,-0.5248150573367012,0.37732174561203913,0.12394775931055185,-0.5439575274620568,-0.18025423161372495,0.4318954963858058,-0.5872020882675335,0.024264193330830595,0.040970858195558756,-0.06597802324852386,-0.010163898176609044,0.38539870720806424,-0.04440823862681232,-0.3660773835819735,0.3971511782625807,-0.5316401445613635,0.8461692745887319,0.39450946447885304,0.18674034908163792,0.9175696681560346,0.2530170427150202,0.017044270825680538,-0.2941307121928594,-0.0013572692703357064,1.1921534323189646,0.30262705092362163,0.057831477651796664,-0.2535786606539986,-0.037152186036109924,0.0022113355807960033,-0.006397933233529329,-0.03179769217967987,-0.00393883278593421,-4.047522088512778e-05,-0.009637782350182533,-0.013025140389800072,-0.0025821293238550425,-0.01577681675553322,-0.11249752342700958,-0.04504748433828354,0.0005926190060563385,-0.012559256516397,0.001018797280266881,0.0010441293707117438,0.9910327194090425,-0.008482860401272774,-0.020619777962565422,0.039199456572532654,0.0024818419478833675,-0.005453905556350946,1.0,0.006557447835803032,-0.013689568266272545,-0.002888032700866461,1.0,11398.248820428003,-0.08397716283798218,-0.01017814688384533,0.0005474402569234371,0.16370254755020142,0.10625040531158447,-0.00446965591982007,-0.1074761301279068,-0.060351625084877014,-0.015047512948513031,-0.005175251048058271,0.1599256843328476,0.6291519999504089,1.1412575243599639,-0.0009160896297544241,-0.006312800571322441,-0.03262736648321152,-0.014909946359694004,-0.01559951901435852,0.2583012878894806,-0.0038373791612684727,-0.12704989314079285,0.3776414817258654,-0.003328849794343114,1.0,-0.0370679572224617,1.0,0.4150143265724182,-0.009234407916665077,0.08410610258579254,-0.015519140288233757,-0.02184709906578064,-0.014808902516961098,-0.09695091098546982,-0.03274736925959587,0.2897115447155787,-0.01927691511809826,-0.0149592449888587,-0.03922842815518379,-0.00846690684556961,-0.013837271369993687,-0.1245342344045639,1.0,0.02,-0.0015627637039870024,-0.0005473578348755836,0.14796271920204163,1.0,-0.04253337159752846,1.3698118029963238,-0.012643788009881973,-0.0025951059069484472,-0.0038142241537570953,-0.00973622314631939,-0.0019681151024997234,-0.0013580173254013062,-0.01521281711757183,0.26655145548284054,-0.021696647629141808,0.3688720662049999,-0.01148850005120039,-0.0015528560616075993,1.0,0.25210267305374146,-0.014345823787152767,1.0,0.40865041290296006,-0.013724297285079956,-0.01289800088852644,-0.18766862154006958,-0.0008863732218742371,0.6479152988030678,-0.016552111133933067
19500,0.5702030817410314,0.26982837643455476,-0.06452114808814755,0.2561677869516275,-0.33636240230736825,2.0307829127918735,0.05395931612995006,-0.210500427091653,0.45269094263413245,0.21621847095528088,-0.10958210646146493,0.4878537766443978,0.023290753363716853,0.5273452406540121,-0.4318600977057247,-0.4558112940383177,-0.03574679189273461,0.04095745607558295,-0.0666874229443578,-0.33653704771111154,0.4775660238742245,-0.17845073730208916,0.23356503719656924,-0.41134175215907876,1.0439351157889047,-0.21089009195726077,0.24687998083517698,0.9146779902286999,-0.3577929779706331,-0.3144319793298831,0.2079336943234413,-0.32425410907795027,0.8447966222238686,0.28060666212197016,0.21507886127148998,-0.0743616352698394,-0.0050798808224499226,0.002342155436053872,-0.0007819987367838621,-0.007253974676132202,-0.00446234829723835,-0.0003651069710031152,-0.011531730182468891,-0.029088983312249184,-0.0002817054046317935,-0.01122894138097763,-0.11497079581022263,-0.02182140201330185,0.0003882585442624986,-0.010002421215176582,0.0006151654524728656,0.0011566898319870234,2.131481671946972,-0.0086031723767519,-0.004722646437585354,0.03813108056783676,0.0015618037432432175,-0.0011862821411341429,1.0,0.01153617911040783,-0.002360180951654911,-0.00726122222840786,1.0,22264.340835789997,-0.08859030157327652,-0.003953929059207439,0.0004912880249321461,0.21333058178424835,0.15600161254405975,-0.00689765065908432,-0.11465897411108017,-0.04593750834465027,-0.03292124345898628,-0.004586720373481512,0.13704043626785278,0.5277082920074463,0.36632486983550905,-0.00532193947583437,-0.007392276078462601,-0.039658062160015106,-0.017779333516955376,-0.01727328635752201,0.35213708877563477,-0.007630856242030859,-0.09953481703996658,0.2657046177666957,-0.00028058368479833007,1.0,-0.029363835230469704,1.0,0.45680537819862366,-0.01085734087973833,0.08487026579678059,-0.010188978165388107,-0.016065191477537155,-0.008870014920830727,-0.09869583696126938,-0.19868521392345428,0.3782603350733474,-0.023420283570885658,-0.011968592181801796,-0.0279436893761158,-0.0019353942479938269,-0.015552653931081295,-0.1037963405251503,1.0,0.02,-0.004024640657007694,-0.01217544637620449,0.13665053248405457,1.0,-0.01952640525996685,1.0254102155806142,-0.01702539436519146,-0.003313506953418255,-0.03979028761386871,-0.0251216609030962,-0.0016196868382394314,-0.005827724933624268,-0.021099746227264404,0.2867236062884331,-0.06146398186683655,0.25447169012123055,-0.005710715427994728,-0.0014785099774599075,1.0,0.31411492824554443,-0.016705261543393135,1.0,0.22804021662970905,-0.03867148607969284,-0.01326061598956585,-0.1767348349094391,-0.014591634273529053,1.3696404867811367,-0.015246069990098476
19600,0.3285941316068991,0.32301137268389857,-0.12769850424836185,-0.14389888230441106,0.3976314324831797,1.4686638218499024,0.35772420052560255,0.20183639917566998,0.027157268946037042,0.1649983567700109,0.08948042655309509,0.5488157259506583,0.18802631107779977,0.6537025579935754,-0.01056717031233069,0.3392968121407401,0.06500741009315672,0.5149128482944026,0.007587921993527457,0.20415170850575165,0.558513545845474,0.22104605093405524,0.42795314109062915,0.1442038258779489,0.22566225435787438,0.2525064026096142,0.5467731049315286,0.25063767643678525,0.10143800311691635,0.017030454194607803,0.3237625354214226,0.19534651391352187,1.547255909892101,0.3137772130814877,-0.017942034253633225,0.12103461081606667,-0.009180273860692978,0.001706054201349616,-0.006195303052663803,-0.0021072179079055786,-0.0027679915074259043,-0.0050823320634663105,-0.013295887038111687,-0.02078491635620594,-0.0011600872967392206,-0.01443151943385601,-0.04624771326780319,-0.016458168625831604,0.00033552973764017224,-0.008069396018981934,0.0004362686595413834,0.00190177361946553,1.2609123928515946,-0.012833928689360619,-0.002838034415617585,0.038897521793842316,0.0037227063439786434,-0.0046211774460971355,1.0,0.013493819162249565,-0.03414402902126312,-0.00042277807369828224,1.0,63281.03517059937,-0.041242536157369614,-0.0025448042433708906,0.00047633005306124687,0.32752129435539246,0.2643831968307495,-0.003185166046023369,-0.13787806034088135,-0.01040324941277504,-0.1169893890619278,-0.0009872212540358305,0.1218428760766983,0.46469736099243164,0.41827584694155306,-0.00343595864251256,-0.01099429465830326,-0.043626632541418076,-0.01247988361865282,-0.007945766672492027,0.30790644884109497,-0.0017150554340332747,-0.05118503421545029,0.47129301133302537,-0.00042627687798812985,1.0,-0.015259388834238052,1.0,0.3418653607368469,-0.006697412580251694,0.08408675342798233,-0.010687606409192085,-0.03343242406845093,-0.014061063528060913,-0.11429913341999054,-0.4232352674007416,0.3482094231881793,-0.0012800968252122402,-0.0028341026045382023,-0.004215706139802933,-0.0003920667804777622,-0.02558976039290428,-0.09803733229637146,1.0,0.02,-0.0020004790276288986,-0.002321806037798524,0.20773568749427795,1.0,-0.016709016636013985,1.6698265451591339,0.001326630124822259,-0.004401201847940683,-0.01684216968715191,-0.05984438210725784,-0.0016907460521906614,-0.0016068890690803528,-0.011789163574576378,0.28660945035517216,-0.03881586343050003,0.4344602447660132,-0.0075275832787156105,-0.0003271088353358209,1.0,0.2569233775138855,-0.07144589722156525,1.0,0.15216633952464395,-0.025330014526844025,-0.04842798784375191,-0.09217546880245209,-0.0039199404418468475,0.6347068704306547,-0.015144368633627892
19700,0.7993569572111039,0.2342833384670857,0.06635359733410448,0.4970342050946045,0.20869677589467683,3.3240240784881037,0.11305799205243108,0.27799213294164055,0.4865947988504544,0.26882119203993016,-0.1376117001171773,0.5622628005786078,0.08525916055140413,0.6899659182241658,0.5457481099668069,-0.051017575121378715,-0.03135473006924781,0.07135330474735702,-0.05745208763761239,0.3420439418072623,0.5120726537796566,0.4682513588775794,0.5012999041839796,0.4626093823731719,0.713751304626549,0.5457082665474827,0.30841626915305387,0.909542738411864,0.27269329515320384,0.3472418654765149,0.47292514768257654,0.2821976640587575,1.2804026303566147,0.31440728567020815,0.24442373127702724,-0.24397941024366607,-0.00254840892739594,0.0027216090820729733,-2.94526107609272e-05,-0.025231637060642242,-0.0045209708623588085,-0.0029654898680746555,-0.005875002592802048,-0.00761692738160491,-0.0037981451023370028,-0.010334843769669533,-0.06659933179616928,-0.01564573496580124,0.0003064872871618718,-0.0053407843224704266,0.00089155143359676,0.0011689551174640656,5.777083330332453,-0.004580976441502571,-0.011561688035726547,0.03894629329442978,0.0020111522171646357,-0.000428000494139269,1.0,0.017340369522571564,0.007225163280963898,-0.005217200145125389,1.0,34854.67528187332,-0.046820517629384995,-0.014834823086857796,0.0003307226288598031,0.21276776492595673,0.08500537276268005,-0.0033306253608316183,-0.11811833828687668,-0.04102116823196411,-0.018068445846438408,-0.0018758040387183428,0.21007920801639557,0.4530453681945801,0.9873716782245939,-0.0027970760129392147,-0.004378654062747955,-0.035828568041324615,-0.011405759491026402,-0.008454538881778717,0.4696473479270935,-0.004205998498946428,-0.12906533479690552,0.5437456754237507,-0.0001754899276420474,1.0,-0.0419008731842041,1.0,0.55122971534729,-0.004009046591818333,0.08425354771316051,-0.009225075133144855,-0.03315836936235428,-0.004864270333200693,-0.10205039381980896,-0.047454241663217545,0.41184164539055035,-0.013063564896583557,-0.0065408870577812195,-0.025440163910388947,-0.009311563335359097,-0.009792481549084187,-0.09959325939416885,1.0,0.02,-0.004141000099480152,-0.004826991353183985,0.18326538801193237,1.0,-0.01679995097219944,1.525383228531073,-0.002344399457797408,-0.002424495993182063,-0.022479701787233353,-0.04167606309056282,-0.0006043568719178438,-0.001710500568151474,-0.012646671384572983,0.33726324513554573,-0.015376456081867218,0.28174709608118953,-0.002382804872468114,-0.00011586237815208733,1.0,0.5330657958984375,-0.010120995342731476,1.0,0.25461728361536834,-0.008950293064117432,-0.03903353586792946,-0.10351057350635529,-0.004588484764099121,0.5351709433909376,-0.0253608338534832
19800,0.20160007162149687,0.4839228831177205,-0.06965947628367453,0.40506098158814974,0.04035430857672105,2.107198682178687,-0.13749572676154698,-0.2646534893122865,0.3935623904243213,0.145974432080793,-0.12346586674803411,0.038344811528833546,-0.18784520742865607,0.6985096954558228,-0.36444784764323435,-0.07225509796498486,-0.05586860208705394,0.53414389180166,-0.2878897093119482,-0.19231702717082247,0.36542992981703715,-0.4106204250184722,0.5025890940005008,0.09985257775973004,0.43341284185851114,-0.14318702972888228,0.506947819293895,0.0016556506787247342,-0.15560268431619861,-0.196435222610275,-0.06677423673518194,0.043824700085387074,1.273829180131048,0.1804688463095452,0.03453411556952488,-0.3093415369720141,-0.004331906326115131,0.0030573895201087,-0.002837022766470909,-0.02642110362648964,-0.005840890109539032,-0.0004519267240539193,-0.01979503221809864,-0.01625741645693779,-0.0019607951398938894,-0.007023216690868139,-0.10125961899757385,-0.030184004455804825,0.0004521582741290331,-0.01199701800942421,0.00048674517893232405,0.0012771709589287639,1.8402600531771884,-0.012137917801737785,-0.015285938046872616,0.03985832259058952,0.0022184960544109344,-0.00304450374096632,1.0,0.009882805868983269,-0.0022688619792461395,-0.0036134240217506886,1.0,11463.182696567595,-0.08192367851734161,-0.011751464568078518,0.0010582638205960393,0.08918725699186325,0.16648414731025696,-0.0055496832355856895,-0.13245946168899536,-0.05284744128584862,-0.01223992370069027,-0.005594579037278891,0.2772737145423889,0.604616641998291,0.1649949845471407,-0.004100266378372908,-0.01343645341694355,-0.015028740279376507,-0.0037687188014388084,-0.013881688937544823,0.22945156693458557,-0.005174970719963312,-0.09396637976169586,0.5353151952314121,-0.0005059454124420881,1.0,-0.043141432106494904,1.0,0.5121245980262756,-0.005212026182562113,0.08414320833981037,-0.013918423093855381,-0.018543699756264687,-0.006318253464996815,-0.10678915679454803,-0.032854072749614716,0.19605646020576825,-0.005563029553741217,-0.008648999035358429,-0.038691043853759766,-0.007048203609883785,-0.020760035142302513,-0.11102481186389923,1.0,0.02,-0.0056415097787976265,-0.008682292886078358,0.1940850466489792,1.0,-0.02657647430896759,1.6033273659793876,-0.011464538052678108,-0.0035884843673557043,-0.043542906641960144,-0.04918577894568443,-0.0009461676236242056,-0.0037547647953033447,-0.02668749913573265,0.28885528538376093,-0.04558204114437103,0.4548454080182768,-0.007025822065770626,-0.0013004731154069304,1.0,0.2376193106174469,-0.01410963200032711,1.0,0.1224093216712695,-0.019388709217309952,-0.02029615454375744,-0.1565796583890915,-0.008999671787023544,0.8244938916245872,-0.02020934410393238
19900,0.8731109795318633,0.32366495482979407,0.03405200984716379,0.4818094613256158,-0.18908064060084007,2.4112761769103304,-0.058118716478281277,-0.021150299146952455,0.4902897016007095,0.7926419529008071,0.18514479711642431,0.5393664839977779,-0.007810685043167183,0.6952424192428059,0.5441941455478096,0.29240997944392216,-0.0019011827613826969,-0.1109114262551629,0.01809064212288579,0.32250013796711896,-0.114436750720873,-0.12453543432300757,0.644394141314603,0.44784728568357607,0.9860609098709247,0.5875563473930909,-0.08190599997009763,0.940695057454177,-0.21800259024331875,-0.0560119205825272,0.39210559825284635,-0.025365545099628094,1.4863688583104628,0.1685947679611521,0.1346213725004234,-0.3534972824674079,-0.006750781554728746,0.0021812105551362038,-0.0016917642205953598,-0.02825465425848961,-0.0010407688096165657,0.00019800150766968727,-0.023593103513121605,-0.01616940274834633,-0.0013106028782203794,-0.0034280905965715647,-0.10685598850250244,-0.026358213275671005,0.0005771653959527612,-0.00950000062584877,0.001612242078408599,0.0014930726028978825,1.5605967821227607,-0.003569183871150017,-0.013772218488156796,0.037212271243333817,0.0028052800334990025,-0.001957759726792574,1.0,0.029849397018551826,-0.012299491092562675,-0.00593974394723773,1.0,97539.56437365037,-0.0805913582444191,-0.004588400013744831,0.0005372897139750421,0.18054717779159546,0.10372262448072433,-0.0087454654276371,-0.11409352719783783,-0.025116298347711563,-0.008983016945421696,-0.00401288690045476,0.10081446170806885,0.4768123924732208,0.7546263132771821,0.00019911793060600758,-0.011160807684063911,-0.036261461675167084,-0.016051502898335457,-0.007214585319161415,0.1728523075580597,-0.0032271333038806915,-0.11131471395492554,0.7621760609922501,-0.0010515680769458413,1.0,-0.04261046648025513,1.0,0.25116288661956787,-0.00349241285584867,0.08407559804618359,-0.010026015341281891,-0.011779369786381721,-0.008103487081825733,-0.09363144636154175,-0.027835341170430183,0.1475019984322282,-0.0006357610691338778,-0.003600518452003598,-0.011741331778466702,-0.006528889294713736,-0.01146090216934681,-0.11300359666347504,1.0,0.02,-0.0014777624746784568,0.0006859444547444582,0.18512366712093353,1.0,-0.021397948265075684,1.5400017859179518,-0.010524455457925797,-0.005860461387783289,-0.014016104862093925,-0.006682766135782003,-0.000961961573921144,-0.000878501683473587,-0.02233106456696987,0.2114224834367633,-0.010856004431843758,0.3209085009314677,-0.0012891991063952446,-0.0008125790627673268,1.0,0.22034434974193573,-0.017307981848716736,1.0,0.8992507406235389,-0.01930072158575058,-0.03364509344100952,-0.1049288734793663,-0.00045457854866981506,1.3719026611939351,-0.025870000943541527
20000,0.10270190028819655,0.1405856379258793,0.1511864744795945,-0.14819133020437228,0.16630396034380196,3.7651276819068666,-0.2745667003243353,-0.14329812627565525,-0.45138228732767505,0.23180387011104717,-0.2236268746119146,-0.23353130950534517,0.01191745645012415,0.48142196748572347,0.1777049289627579,-0.5049804210111413,-0.002946258723107101,0.31482768368046127,0.2693777061274831,-0.22135590086555915,0.11161669267407849,0.009191910420617778,0.18867258988280117,-0.03204808999961666,0.633403420740626,-0.10900309425990612,0.3689077234170034,0.370585568059166,0.6557672400277282,0.3205755218074474,-0.47025631037129484,0.09447375350635205,0.4253754570838644,0.2490854845349129,0.29673558849117126,0.19158264154668403,-0.022658854722976685,0.001469518174417317,-0.006528191268444061,-0.009208377450704575,-0.0017183710588142276,-0.00022326200269162655,-0.02478078380227089,-0.053832150995731354,-0.0001083514653146267,-0.009607632644474506,-0.04065001755952835,-0.02020290121436119,0.0005507959285750985,-0.007250750437378883,0.0009413821389898658,0.000994592672213912,4.992886116981468,-0.005565077066421509,-0.00492367148399353,0.03873783349990845,0.001036670757457614,-0.006504943128675222,1.0,0.020267009735107422,0.008905856870114803,-0.00405014306306839,1.0,45433.001174474164,-0.03557382896542549,-0.0036497185938060284,0.0002616646816022694,0.2370990812778473,0.3007686138153076,-0.002560357330366969,-0.09316521883010864,-0.010902870446443558,-0.03440874069929123,-0.006026622839272022,0.21864213049411774,0.5152697563171387,0.2547744724720149,-0.002330176066607237,0.006120266392827034,-0.04861126467585564,-0.018215356394648552,-0.016167912632226944,0.5157897472381592,-0.005035071168094873,-0.04744826629757881,0.23274028651425832,-0.0008798353374004364,1.0,0.00641237385571003,1.0,0.4889622926712036,-0.003951486200094223,0.08471705205738544,-0.01012411992996931,-0.005702241789549589,-0.008313020691275597,-0.09119787812232971,-0.20246297121047974,0.2512840983952803,-0.0188627727329731,-0.004635741468518972,-0.0076357172802090645,-0.003211238654330373,-0.011886509135365486,-0.09268616139888763,1.0,0.02,-0.0007312622619792819,-0.010670335032045841,0.23195675015449524,1.0,-0.01284917164593935,0.742802533047669,-0.013800881803035736,-0.009311485104262829,-0.044621944427490234,-0.024381782859563828,-0.00011333310976624489,-0.0008133836090564728,-0.01847231760621071,0.357340844348073,-0.05848894268274307,0.17475182655322052,-0.0028015272691845894,-5.788169801235199e-06,1.0,0.3502383828163147,-0.051662445068359375,1.0,0.19030300952369822,-0.05952812731266022,-0.019824091345071793,-0.16663885116577148,-0.0069416239857673645,0.6119815509785681,-0.006973071489483118
20100,1.3116422382481927,0.5376695967639017,0.04375079212610149,0.5089941849768895,-0.35353653395317286,2.7467027743801786,-0.3180324149926775,-0.2068076033134449,0.519309343869373,0.3217690835736308,0.1624022280654464,0.5587118807302078,-0.19416619111333816,0.7544875965047408,0.5376246127720068,0.3001300614413718,0.15008254198669205,-0.34784845401497066,-0.006785053034396836,0.37367541438720164,-0.23290458853014928,-0.25580531413339536,0.5617775315265254,0.4537295093662188,1.6529933615912962,0.5449703583254735,-0.1359418512235783,0.9513093165755047,-0.3477082369652204,-0.275425591105049,0.42474572726563387,-0.2880324721606391,0.8766873228178802,0.24009651920461705,0.11491009008899541,-0.1918199345002351,-0.02062680386006832,0.002992007415741682,-0.006279994733631611,-0.016735367476940155,0.0013124612160027027,-0.0013361433520913124,-0.023261137306690216,-0.04045894369482994,-0.0007323173922486603,-0.008149336092174053,-0.10497324913740158,-0.02438054233789444,0.00034223258262500167,-0.01095649041235447,0.0006942625623196363,0.0014390217838808894,0.6559312693306741,-0.00569613091647625,-0.008354328572750092,0.03941599279642105,0.0017386289546266198,-0.007667750585824251,1.0,0.01660052128136158,-0.0067933667451143265,-0.007038517389446497,1.0,8448.650552084457,-0.07735864818096161,-0.006505558267235756,0.0009095142013393342,0.23610632121562958,0.18196481466293335,-0.0061569842509925365,-0.10349006205797195,-0.01892014965415001,-0.006368419621139765,-0.00645087705925107,0.1224798709154129,0.35772275924682617,1.1730070037869753,-0.0027003581635653973,-0.011650335043668747,-0.04302066192030907,-0.017852285876870155,0.00037458352744579315,0.34506353735923767,-0.0016618743538856506,-0.10833613574504852,0.6788824943703234,-0.0004779021255671978,1.0,-0.02260594628751278,1.0,0.48142561316490173,-0.005690234713256359,0.08425605669617653,-0.008330135606229305,-0.01683034934103489,-0.0064771962352097034,-0.08664464205503464,-0.05000718683004379,0.2517936435926319,-0.02294778823852539,-0.007663077674806118,-0.006951529998332262,-0.006711286958307028,-0.0076753245666623116,-0.08380087465047836,1.0,0.02,-0.0030993279069662094,-0.014570575207471848,0.14297308027744293,1.0,-0.02044115588068962,1.0737952738297738,-0.017222898080945015,-0.005650881677865982,-0.008950764313340187,-0.014829807914793491,-0.0017774978186935186,0.0015994980931282043,-2.521439455449581e-05,0.2652395572513342,-0.02589709870517254,0.5545137249085933,-0.004366533365100622,-0.0014221097808331251,1.0,0.2541804611682892,-0.013439922593533993,1.0,0.4007041817327558,-0.04855611175298691,-0.012697005644440651,-0.008641923777759075,-0.014549832791090012,2.0058414410923513,-0.013014080002903938
20200,0.12780278921182456,0.15421246978164704,-0.01706788782184814,0.39341112762820335,-0.4727932166740786,1.448717749863091,0.15617958281550087,0.12640255588875987,0.1367518355235977,0.3460098008132077,0.14173460747143563,0.18125790071538306,0.3069037305993617,0.5441186443697243,0.41478979143019457,0.2800898581569533,0.05699489692197801,0.3830675508098083,0.11352043044695759,0.16592857839599479,0.4689709401427141,0.2630067337616132,0.4103483597016666,-0.22644931704532129,0.7079081800334736,0.4792485296361394,0.23077305296752676,-0.5872123988775162,0.5924732112648793,0.09440791983570791,0.02578466347926121,-0.046492651127933014,0.5745517252122292,0.3526650992258081,-0.015063931744280695,0.1883800166247165,-0.029502378776669502,0.0013727068435400724,-0.0044079129584133625,-0.014143392443656921,-0.0033815226051956415,-0.004257171880453825,-0.023390093818306923,-0.059191521257162094,-0.0021346714347600937,-0.010760984383523464,-0.08912979811429977,-0.0009028054773807526,0.0004274958046153188,-0.0005652282270602882,0.0004576956562232226,0.0008848339202813804,2.564297842665781,-0.023533912375569344,-0.014005868695676327,0.03821051865816116,0.0010280122514814138,-0.005321923643350601,1.0,0.012190191075205803,-0.01598706655204296,-0.003389085875824094,1.0,6554.270931419589,-0.07721219211816788,-0.008883804082870483,0.00018967642972711474,0.2715510129928589,0.25390195846557617,-0.0037265957798808813,-0.021551135927438736,-0.01886782795190811,-0.021670665591955185,-0.0032675485126674175,0.1418302059173584,0.33602386713027954,0.21463754665039125,-0.0006647040136158466,0.0038726311177015305,-0.046539951115846634,-0.014721113257110119,-0.009185029193758965,0.13141146302223206,-0.004056500270962715,-0.013072103261947632,0.48674492523264384,-0.000468876794911921,1.0,-0.00506952777504921,1.0,0.37748563289642334,-0.00016311599756591022,0.0842095147818327,-0.001530520967207849,-0.02824091725051403,-0.007328099571168423,-0.029604949057102203,-0.11699465662240982,0.2978799084448335,-0.01789335533976555,-0.00783150177448988,-0.01591060869395733,-0.004884669557213783,-0.020754454657435417,-0.10557283461093903,1.0,0.02,-0.0012617855099961162,-0.0007759085856378078,0.24025940895080566,1.0,-0.0046454742550849915,0.7686518852189179,-0.0004434855654835701,-0.0058638472110033035,-0.021251505240797997,-0.04332251474261284,-0.00010278698755428195,-0.0004894435405731201,-0.011411052197217941,0.23262025974690914,-0.016895638778805733,0.28243618591156566,-0.006294675171375275,-0.000776108237914741,1.0,0.10849852859973907,-0.007655599154531956,1.0,0.37055154200496576,-0.058462001383304596,-0.07463216781616211,-0.09456032514572144,-0.00014526024460792542,0.48849436762705145,-0.009186218492686749
20300,0.7081027524561936,0.20342622797845697,0.07902800262680829,-0.17448976788773474,0.29257248366055016,3.2070906426177226,-0.04156546870759982,-0.2519523442425157,-0.480375587904385,0.21910441615995901,-0.06849865719494495,-0.5389847707022242,-0.029391081104606566,0.3370407576894995,0.23220139963100278,0.2255826776502763,-0.04722087826202173,0.494402863241075,0.003667674896780486,-0.2750548248032689,0.2967477811147934,-0.26814012160207856,0.25090663797589374,0.24527689444794004,1.403325939905853,-0.029368201377941702,0.3819263143824254,0.9490323600750159,0.32039791092468317,0.35043573919693605,-0.20360614384655767,0.3401407750143213,0.8719086261461579,0.1911432261895185,0.10579875720409546,-0.1478136498838585,-0.006954282522201538,0.0015772311016917229,-0.0015231271972879767,-0.02070537582039833,-0.0015339627861976624,-0.000531105964910239,-0.022048193961381912,-0.014711367897689342,-0.0012658355990424752,-0.01059751957654953,-0.10506244003772736,-0.03408190980553627,0.0003113353159278631,-0.009335976094007492,0.0005174414254724979,0.0006460236618295312,6.137223048468692,-0.011689981445670128,-0.011967222206294537,0.03983180597424507,0.0012867347104474902,-0.0014052761252969503,1.0,0.018497856333851814,0.0035811010748147964,-0.005087266210466623,1.0,54537.38646522278,-0.0930948406457901,-0.0026563124265521765,0.00030013330979272723,0.06284013390541077,0.12637603282928467,-0.004755491390824318,-0.09634067118167877,-0.0024554692208766937,-0.015359418466687202,-0.005950060207396746,0.1190202534198761,0.2888583838939667,0.9431966451534078,-0.0030371122993528843,-0.005711760371923447,-0.01745533011853695,-0.0027687856927514076,-0.012242995202541351,0.45814910531044006,-0.005533738527446985,-0.08999652415513992,0.24084050481461727,-0.0035239786375313997,1.0,-0.027269987389445305,1.0,0.2019307166337967,-0.004592014476656914,0.08481383137404919,-0.013257517479360104,-0.020470811054110527,-0.012458069249987602,-0.10265719890594482,-0.08540742099285126,0.17220239103701357,-0.01573782041668892,-0.0077176219783723354,-0.0072417547926306725,-0.0036395369097590446,-0.007077256683260202,-0.09806443005800247,1.0,0.02,-0.002188796643167734,-0.009598138742148876,0.15182557702064514,1.0,-0.026979081332683563,1.0424528235818564,-0.009126059710979462,-0.008418154902756214,0.0030239643529057503,-0.02484552189707756,-0.0008487589657306671,0.0009309090673923492,-0.010641058906912804,0.21870109252631664,0.006738253869116306,0.2119264281360489,-0.006743266712874174,-0.000725368270650506,1.0,0.34060853719711304,-0.01183995883911848,1.0,0.19699655850814768,-0.011662941426038742,-0.017293693497776985,-0.09042403846979141,-0.006315995007753372,1.197990327854828,-0.011820042505860329
20400,0.9219172896770457,0.1965374345505832,-0.05756274272389629,-0.12138480129410191,-0.4769803982840324,1.2561233804763507,-0.23545122065112695,0.1351122937423302,0.41650890729797674,0.27996569946176225,0.014557296843560993,0.5185118580195794,0.14558271478617046,0.21412945330954575,-0.14554694165104384,0.33413919071872034,0.10578185391166044,0.3857393728098699,-0.05528770628717663,0.02706730059646495,0.6053977254571972,0.3091988632728589,0.362232511168113,-0.0803821744192258,0.8372986226376574,0.3414129708365497,0.2704516518794303,0.9411326954654038,-0.4871944007100902,-0.18899784711008066,-0.04123601710690395,-0.13461185059004213,0.9176031445115435,0.2731761653678289,0.04227173506711325,-0.05929406536583541,-0.02430059388279915,0.0021729045547544956,-0.004906320944428444,-0.0011738687753677368,-0.0030916882678866386,-0.001131485216319561,-0.02508765459060669,-0.046045199036598206,-0.005114481318742037,-0.01763003319501877,-0.102116659283638,-0.013067834079265594,0.00026913784677162766,-0.013957951217889786,0.00044841942144557834,0.0009885375620797276,1.6411516943412938,-0.021423988044261932,-0.0004294007085263729,0.03700105845928192,0.0021725352853536606,-0.007139281369745731,1.0,0.013716303743422031,-0.007946613244712353,-0.008442766964435577,1.0,45325.64372871373,-0.07385936379432678,-0.006146446336060762,0.0002715707232709974,0.09376417845487595,0.09227197617292404,-0.008528033271431923,-0.1060321182012558,-0.012578234076499939,-0.050995469093322754,-0.004158021882176399,0.09631931781768799,0.2540700137615204,0.8573475857714552,-0.0015295499470084906,-0.01309258583933115,-0.047517336905002594,-0.01370229758322239,-0.011619147844612598,0.3612847328186035,-0.0037246050778776407,-0.08399609476327896,0.43587308328413527,-0.005190253723412752,1.0,-0.01031103078275919,1.0,0.3425837755203247,-0.008249119855463505,0.08354061469435692,-0.01053838524967432,-0.012904759496450424,-0.00845190417021513,-0.08503351360559464,-0.24139069020748138,0.2393952298346808,-0.014756651595234871,-0.009028312750160694,-0.007469608914107084,-0.0022603324614465237,-0.015496443025767803,-0.09180881828069687,1.0,0.02,-0.0011143647134304047,-0.002923410851508379,0.1320464313030243,1.0,-0.009874189272522926,1.0996720861334273,-0.008710559457540512,-0.00728667713701725,-0.03428395092487335,-0.017911916598677635,-0.0011672507971525192,-0.0030177347362041473,-0.006492600776255131,0.20221689343452454,-0.0430649071931839,0.2245954977565211,-0.009333918802440166,-0.0010509572457522154,1.0,0.2453947216272354,-0.01641848124563694,1.0,0.28996087003654974,-0.04938513785600662,-0.016564400866627693,-0.05463292822241783,-0.0045970529317855835,1.246094299625655,-0.009913412854075432
20500,0.7808088339663648,0.4677606920581114,0.08534646849366426,0.5079247800240185,-0.04521002764163394,4.194746139819987,0.18378160312828792,-0.3092044021658816,0.49741388079995996,0.49884034093668816,-0.03993549084886582,0.5566516555869053,0.16001593689150373,0.7016362287994862,0.4628168575098307,0.03748668592277082,0.11529942846892362,0.3158116244590763,0.08791302324596952,0.32591553147478103,-0.4331573046014634,-0.4065682938365902,0.5818675490994141,0.36187413933980894,1.04530599599315,0.5799369456186065,0.04487259060459175,0.932814006656971,-0.05893469026800931,-0.34517326293916173,0.41149259375591485,-0.3089684961448622,1.400928778227384,0.1306342438660176,-0.036646685728240744,0.11173302420446292,-0.006593101657927036,0.0018622172065079212,0.0003528352826833725,-0.03181979060173035,-0.0027724774554371834,-0.00015316461212933064,-0.013888625428080559,-0.0051757278852164745,-0.0020266142673790455,-0.0069027189165353775,-0.09654271602630615,-0.03249943256378174,0.00037186231929808855,-0.01341070607304573,0.0008619264699518681,0.0014626795891672373,5.5068361236144,-0.02999056503176689,-0.015307808294892311,0.036619603633880615,0.0022801849991083145,0.00040449463995173573,1.0,0.01604197546839714,0.004755529575049877,-0.0032752761617302895,1.0,47313.12550307694,-0.06897048652172089,-0.00803440436720848,0.0007376131834462285,0.11024731397628784,0.16190436482429504,-0.005069823935627937,-0.09479375183582306,-0.018799692392349243,-0.011617261916399002,-0.0050645675510168076,0.2901114821434021,0.589172899723053,0.8119409203153037,-0.0018243452068418264,0.008452070876955986,-0.041092004626989365,-0.01353471539914608,0.0020678378641605377,0.35011962056159973,-0.0016944793751463294,-0.08319789916276932,0.5925699851917823,-0.0008728335378691554,1.0,0.0009143836796283722,1.0,0.4136868119239807,-0.003886281978338957,0.08417283371090889,-0.00801562424749136,-0.02287719026207924,-0.005164292640984058,-0.07973272353410721,-0.03317302092909813,0.09436897580672786,-0.006510895676910877,-0.005026340950280428,-0.007679920177906752,-0.0032142940908670425,-0.014886684715747833,-0.087587371468544,1.0,0.02,-0.002734837122261524,-0.012120258063077927,0.18757659196853638,1.0,-0.025976821780204773,1.5199642971411675,-0.0065121958032250404,-0.006877586245536804,-0.030696716159582138,-0.015265533700585365,-0.0016792061505839229,-0.0018460676074028015,-0.012706534937024117,0.3264342397451401,-0.03719169273972511,0.47540155907125387,-0.003962146118283272,-0.0014900537207722664,1.0,0.5086548328399658,-0.012134626507759094,1.0,0.5907484032740905,-0.006582193076610565,-0.01842769980430603,-0.09212106466293335,-0.01287921518087387,1.6880889427448658,-0.01063915528357029
20600,0.19407449082003275,0.3665378714694462,0.07540772634742929,-0.24575273296859262,0.6381677207450754,3.1876237956047184,0.3820940363007248,0.3001563538427954,-0.2519628463414955,0.4481343402154965,-0.11641483795652828,0.4155167471969161,0.3314688444347369,0.7257905985608086,-0.25354355569375914,-0.2525081652354741,-0.04785361919702366,0.6455508805864166,0.03783996029339551,0.30935829161417633,0.4675820175727833,0.37369873576101037,0.5106850706258633,0.5082083476652857,0.3344950022444181,0.4133527539282939,0.33103266501699374,-0.13533601395707698,-0.21154409728509427,-0.05287901820778669,0.23515041484210764,0.31807759899031807,0.8081493216669448,0.21530054310236735,0.25082670630409387,0.10943947063136251,-0.0024448868352919817,0.0014710929244756699,-0.006725887767970562,-0.010782595723867416,-0.0008626573253422976,-0.0007445183582603931,-0.005338010378181934,-0.050441525876522064,-0.004418268799781799,-0.012342504225671291,-0.07047179341316223,-0.012893084436655045,0.00025164312683045864,-0.005283462814986706,0.0014048268785700202,0.0014888469595462084,3.3895125657045164,-0.0073008108884096146,-0.006580141372978687,0.035951804369688034,0.0016553018940612674,-0.005081736482679844,1.0,0.011543165892362595,0.002562759444117546,-0.002279904205352068,1.0,50396.55363674719,-0.05082705616950989,-0.007808194030076265,0.0005985696334391832,0.19666528701782227,0.12332478165626526,-0.004608756862580776,-0.11503805220127106,-0.0662592351436615,-0.05615244433283806,-0.0009147770470008254,0.13639812171459198,0.43083569407463074,0.4034013078864135,-0.0012548711383715272,-0.004210975021123886,-0.028425035998225212,-0.011243375018239021,-0.011271055787801743,0.21360567212104797,-0.00336050963960588,-0.04751564562320709,0.5570945216634713,-0.0008501317352056503,1.0,-0.0006931405514478683,1.0,0.35818541049957275,-0.002424717415124178,0.08400215767323971,-0.005578930489718914,-0.03497613966464996,-0.009044543839991093,-0.09205358475446701,-0.28648439049720764,0.19347800208202673,-0.015277382917702198,-0.006372940260916948,-0.03989163041114807,-0.0018562715267762542,-0.009312531910836697,-0.09897089004516602,1.0,0.02,-0.0012060420121997595,-0.006124492734670639,0.11960957199335098,1.0,-0.0127723328769207,0.9989966222332166,-0.000865375972352922,-0.002390355570241809,-0.03743341937661171,-0.02200605347752571,-0.0005880384123884141,-0.0034056007862091064,-0.013146848417818546,0.22131337504833937,-0.04506230354309082,0.40733733408649087,-0.005395393818616867,-0.0008628921350464225,1.0,0.19188246130943298,-0.021171962842345238,1.0,0.39294153854565345,-0.06774799525737762,-0.09467614442110062,-0.07544580101966858,-0.009275417774915695,0.7038941584224299,-0.011361171491444111
20700,0.5809341574546779,0.32985785167959225,0.18843332626519105,0.060649167444680505,0.19007495502159202,2.3248373303988057,0.17619543645128488,0.014290879728039494,0.025680754470141495,0.21015402673796604,-0.09037752208347524,-0.19115613845737756,0.07819987772428927,0.7687960754318632,0.0882977528653115,-0.06580009039226106,0.01777463112752718,0.5476033223953044,0.16652395003881762,0.185791031066854,0.4242736439573954,-0.015288349683723022,0.3616305363187323,0.3121834841236003,0.697487598990806,0.2755141078563779,0.3857299737709606,0.6287430045423115,0.08386428742883406,0.06810609741933117,-0.09304392968343013,0.23984339550636352,1.5032985888947674,0.29520315485453213,0.04942474399813043,-0.17042123262952605,-0.014836645685136318,0.0025440168101340532,-0.0002866883296519518,-0.01353500783443451,-0.004011478275060654,-0.0008541088900528848,-0.03302324563264847,-0.0034364534076303244,-0.004998467396944761,-0.005667084828019142,-0.03702015429735184,-0.02047588676214218,0.0005696351290680468,-0.09589538723230362,0.0005397424101829529,0.0009963277261704206,2.0264451774948915,-0.030820012092590332,-0.006977059878408909,0.037360236048698425,0.002236798172816634,5.2612158469855785e-05,1.0,0.007996376603841782,-0.009206198155879974,0.00022957590408623219,1.0,25096.522880131288,-0.026438839733600616,-0.012089114636182785,0.0005681101465597749,0.1057233214378357,0.10079239308834076,-0.0011598120909184217,-0.03849811851978302,-0.007504306733608246,-0.01301664300262928,-0.004263771697878838,0.09008236229419708,0.49078887701034546,0.6505474771522973,-0.0038393219001591206,-0.02056368999183178,-0.029191918671131134,-0.0030880181584507227,-0.01319909282028675,0.2398158311843872,-0.0027611455880105495,-0.12951333820819855,0.35321780208380843,-0.0014576390385627747,1.0,-0.043896179646253586,1.0,0.31833791732788086,-0.0019081151112914085,0.0843629464507103,-0.008304938673973083,-0.017954282462596893,-0.0022651739418506622,-0.033071473240852356,-0.03393593057990074,0.3412248637951938,-0.009761350229382515,-0.0020680916495621204,-0.008022858761250973,-0.004234787076711655,-0.015460927039384842,-0.10056120157241821,1.0,0.02,-0.0047278692945837975,-0.004703986458480358,0.1284451186656952,1.0,-0.017085369676351547,1.7774681976297462,-0.010027026757597923,-0.014969647862017155,-0.03196188807487488,-0.029255513101816177,-0.00016493973089382052,-0.003116689622402191,-0.01521572470664978,0.21883412823081017,-0.03020619973540306,0.319343624163081,-0.0022631899919360876,-0.0008351943106390536,1.0,0.2766872048377991,-0.042392414063215256,1.0,0.20911228590848346,-0.005927808582782745,-0.011931297369301319,-0.22473081946372986,-0.005765441805124283,1.5044419247271623,-0.017399515956640244
20800,0.27754215996263015,0.17398637813828752,0.14685615122581147,0.36747815329063305,-0.10353656161022193,4.114033997829147,0.001196574094677643,0.20149486665355995,0.35789895841960484,0.4761113571975152,0.0440450853621335,0.45620342571363176,-0.10539718078199728,0.24264453841903244,0.011295866843506499,0.25599266434713575,0.05237427040336478,0.754198664619916,0.2256518374982459,-0.004267844081321904,0.030333087932949324,-0.35375346709035826,0.377741575242622,0.010599928049586716,0.40519934863556883,-0.15436413816513544,-0.10597649207588646,0.8890427275684978,-0.1174683414497253,-0.07708625664979568,0.3469287894556331,0.02261530227399078,2.005136519883126,0.37997381592240215,0.5191968670660899,0.44318756309863394,-0.026867324486374855,0.0013359463773667812,-0.004056952428072691,-0.002573274075984955,-0.0009054013062268496,9.362224955111742e-05,-0.0036907880567014217,-0.004793149419128895,-0.005759400315582752,-0.017997318878769875,-0.07241190969944,-0.008987564593553543,0.0005438353400677443,-0.04589097574353218,0.0030191217083483934,0.0006894374964758754,4.194128954431774,0.016908874735236168,-0.0013042096979916096,0.035813216120004654,0.003515603020787239,-0.0004839068278670311,1.0,0.03516671061515808,0.014239316806197166,0.0006331917829811573,1.0,74659.91094418103,-0.05047595873475075,-0.0105995899066329,0.0003272449248470366,0.1291334331035614,0.10986670851707458,-0.004638606682419777,-0.013006582856178284,-0.019243765622377396,-0.026084214448928833,-0.004032307770103216,0.19796542823314667,0.6483264565467834,0.34128848652986693,-0.003626147983595729,0.023868657648563385,-0.004545564763247967,-0.0018150127725675702,-0.006601482629776001,0.07087820023298264,-0.0005838474608026445,-0.08654843270778656,0.2357776198177119,-0.002062964951619506,1.0,-0.0041548460721969604,1.0,0.3190104067325592,-0.0006386532913893461,0.08404797501862049,-0.005539549048990011,-0.013903738930821419,-0.006191903259605169,-0.01124880462884903,-0.09997888654470444,0.36284214934122205,-0.035316102206707,-0.004698264412581921,-0.013891179114580154,-0.0036707487888634205,0.00013641081750392914,-0.0770951434969902,1.0,0.02,-0.006616645492613316,-0.0003188659902662039,0.22395004332065582,1.0,-0.009402511641383171,1.9422183605466377,-0.011589882895350456,-0.0011715264990925789,0.023325998336076736,-0.005266045220196247,0.00011788669507950544,-0.0029642991721630096,-0.010124467313289642,0.21936461329460144,0.019762974232435226,0.19122750078767964,-0.012466962449252605,-0.0004097622586414218,1.0,0.05578622967004776,-0.016411973163485527,1.0,0.07809843654258258,-0.007800187915563583,-0.03331810608506203,-0.09925853461027145,-0.0017157085239887238,0.8510745988771007,-0.013197670690715313
20900,0.446742414680399,0.12684003858977289,0.02407457643263899,0.3588620792903089,0.30859289480063856,1.9706135365465214,0.13070186471024237,0.1667482390486679,0.19936764423443526,0.5625439355424734,0.25789159185774513,0.32253897722751645,0.27616846747060964,0.642703951462338,0.14074571364219887,0.2897378071079104,0.22281417055671263,0.5111065802597053,0.10799416379195194,0.10955237904081647,0.6176953544315944,0.3485101067408244,0.3511094995431483,0.08133565613372695,1.2170697091843028,0.3574167714666149,0.5357201830560124,0.9087015591584923,0.2831435952613191,0.1690817323835972,0.3813749391447741,0.13819758269047897,1.6279680598631543,0.32263806725824307,0.05083541887165312,0.1922169994048288,-0.007074372842907906,0.001166047528386116,-0.005234691314399242,-0.014211878180503845,-0.002781155053526163,-0.014521749690175056,-0.02017422579228878,-0.016099322587251663,-0.001550327055156231,-0.013747673481702805,-0.11166813969612122,-0.0005995705723762512,0.00039231785922311246,-0.005858618766069412,0.0011001455131918192,0.0010027640964835882,3.088855520606095,-0.022582922130823135,-0.01192865613847971,0.03818443417549133,0.0032753332052379847,-0.005663943011313677,1.0,0.014192233793437481,-0.008222668431699276,-0.0012693924363702536,1.0,18616.075454880676,-0.08845166116952896,-0.007246020250022411,0.00024621011107228696,0.1036839634180069,0.1379077434539795,-0.0004085141699761152,-0.09116628766059875,-0.0015618875622749329,-0.016833489760756493,-0.0016480589983984828,0.12375050038099289,0.48897284269332886,0.6295564419703182,-0.000488335033878684,0.004910971038043499,-0.04089325666427612,-0.013125276193022728,0.0012850528582930565,0.1800462007522583,-0.002994127571582794,-0.05770052969455719,0.45444123259636177,-0.0001607490994501859,1.0,0.00479429867118597,1.0,0.33344775438308716,-0.0036641901824623346,0.08407423086464405,-0.010549523867666721,-0.037005290389060974,-0.009634447284042835,-0.0987425148487091,-0.06520096212625504,0.3034506225410898,-0.002589959418401122,-0.004714144393801689,-0.001823511440306902,-0.000599805498495698,-0.033411864191293716,-0.12766863405704498,1.0,0.02,-0.0016594532644376159,-0.002252832055091858,0.1757964789867401,1.0,-0.0050969719886779785,1.6358701188934985,0.0009565057698637247,-0.00752139650285244,-0.012655253522098064,-0.06633014976978302,-0.001770016155205667,0.0006267353892326355,-0.013879373669624329,0.2216051174327731,0.0006712479516863823,0.2196782748071209,-0.008037710562348366,-0.0020066178403794765,1.0,0.2292354553937912,-0.008726164698600769,1.0,0.5968370833919536,-0.011170826852321625,-0.10094394534826279,-0.09742749482393265,-0.0008136853575706482,0.9844333856606352,-0.009511821903288364
21000,0.9657597264406743,0.2634322510555212,-0.08841756391561496,0.07302892946681895,-0.31296288008060846,0.7966623353878999,-0.29809562180605365,-0.18915838201640595,0.4407382297448872,0.40088090812360916,-0.05120197433755299,0.5445663849301355,-0.0328392699200465,-0.054724998732064545,-0.16648603132359846,-0.06845968063771798,0.14127993172696834,0.5373691015722395,-0.09873969525075192,-0.07459852958588155,0.5763205088938776,0.07088896700599384,0.1900843316614255,-0.09285657141666764,0.9290167631859362,-0.051373925419313564,0.17296581357028118,0.9138658265544797,-0.2875825642911704,-0.22469173659392294,0.03791634456375824,-0.20242400163980928,1.2464977364227157,0.22131628090704492,0.10878245178836302,0.02710249279096312,-0.005945516750216484,0.0019527827389538288,-0.005200992338359356,0.0003988295793533325,-0.000951254740357399,-0.006427121814340353,-0.024944644421339035,-0.0267670676112175,-0.0019581348169595003,-0.016890596598386765,-0.07362199574708939,-0.031778693199157715,0.00027064181631430984,-0.016465533524751663,0.0007111493614502251,0.0010933058802038431,0.47157352567429844,-0.022502368316054344,-0.000697435112670064,0.0349002331495285,0.0022120699286460876,-0.005593879614025354,1.0,0.018373774364590645,-0.014175066724419594,-0.005405810661613941,1.0,14483.31315226568,-0.04606785625219345,-0.0003634283202700317,0.0003371790808159858,0.24320589005947113,0.2957180142402649,-0.005085746757686138,-0.08514897525310516,-0.01698412001132965,-0.015552421100437641,-0.002788649406284094,0.10681131482124329,0.29615649580955505,0.9537270739221327,-0.003817722899839282,-0.01993211917579174,-0.045708782970905304,-0.015591094270348549,-0.003667473793029785,0.20629066228866577,-0.0038074201438575983,-0.10572511702775955,0.14221344820048074,-0.0019886810332536697,1.0,-0.021601824089884758,1.0,0.4094756245613098,-0.0056240190751850605,0.08304473757743835,-0.008428394794464111,-0.024429330602288246,-0.005478198640048504,-0.06556903570890427,-0.09254845231771469,0.18726989216867834,-0.015318633988499641,-0.006108563859015703,-0.008660204708576202,0.000694896443746984,-0.01803756318986416,-0.09328006953001022,1.0,0.02,-0.001599619397893548,-0.0072539071552455425,0.06710704416036606,1.0,-0.02640940435230732,1.5306459327986175,-0.015619460493326187,-0.009302214719355106,-0.005756638944149017,-0.020073723047971725,-0.0014322742354124784,-0.0039902739226818085,-0.001829453045502305,0.23322153184562922,-0.02164156548678875,0.29226813637960264,-0.009497703984379768,-0.0011264546774327755,1.0,0.24100720882415771,-0.019180238246917725,1.0,0.357160730791424,-0.029738008975982666,-0.02159823104739189,-0.008380348794162273,-0.010099418461322784,1.5635366991382436,-0.01168007031083107
21100,0.30846580272263674,0.10072795917140465,-0.08517164282485412,0.16807763632855696,0.6144396565912174,1.2783678265649112,0.289122062216455,0.11149124057714555,-0.176126620468332,0.23696718224820043,-0.3154955231378935,0.3965777422181302,-0.027765155479673252,0.5469539859700374,0.3030256634351756,-0.5059675153952786,-0.006727663176053292,-0.05481516154018111,-0.027893158227901584,-0.11382453069511039,-0.030262031700583863,-0.13162384651123352,0.18800884240906487,-0.17989401984728526,0.7106862939411455,-0.082694979656608,0.2967998828315351,-0.7780284025765491,-0.5431706324539319,-0.13705614816468026,-0.023250907460728807,0.25243171880438753,0.485903217380875,0.27607460043653986,0.07563213709614444,0.15992084727609157,-0.01561122015118599,0.0012798082316294312,-0.005472375079989433,0.0005026496946811676,-0.002427687868475914,-0.0017653116956353188,-0.03097054362297058,-0.06328630447387695,-0.0062858955934643745,-0.007549261674284935,-0.09384743124246597,-0.008900541812181473,0.00033754855394363403,-0.006774601526558399,0.000629640999250114,0.0005781749496236444,0.965991078979528,-0.03020741604268551,-0.001349048805423081,0.035492412745952606,0.0009313329355791211,-0.004633586388081312,1.0,0.012331055477261543,-0.005756702274084091,-0.0033022677525877953,1.0,13797.151681539504,-0.06749272346496582,-0.006022549234330654,0.00018884555902332067,0.2980121374130249,0.1442929208278656,-0.006214303430169821,-0.13897153735160828,-0.0070384182035923,-0.09644819796085358,-0.00464835437014699,0.07861229032278061,0.41110849380493164,0.5795928729186046,-0.002434144727885723,-0.007926102727651596,-0.04643387719988823,-0.01730436272919178,-0.013415288180112839,0.25948384404182434,-0.003697720356285572,-0.007735316641628742,0.2674184305539601,-0.0010191778419539332,1.0,-0.002361249178647995,1.0,0.437021940946579,-0.004331509117037058,0.08381623402237892,-0.008892899379134178,-0.04567130282521248,-0.006929463241249323,-0.10220243781805038,-0.39694300293922424,0.3179060298942639,-0.023212317377328873,-0.005213283002376556,-0.0033526383340358734,-0.003742096945643425,-0.011157175526022911,-0.10587769746780396,1.0,0.02,-0.0010644071735441685,-0.00559642817825079,0.10493428260087967,1.0,-0.008303315378725529,0.6817975136715002,-0.0016083087539300323,-0.008333686739206314,-0.03702177107334137,-0.011612475849688053,-0.0005202072788961232,-0.00412856787443161,-0.019288241863250732,0.24368581734597683,-0.04663547873497009,0.20030294336295323,-0.00261743925511837,-0.0010873883729800582,1.0,0.2160206288099289,-0.01081500481814146,1.0,0.28479264969099366,-0.09856072813272476,-0.1470700353384018,-0.10648761689662933,-0.007097732275724411,1.198653101145547,-0.007293258793652058
21200,0.30417139424449147,0.24918482829152866,-0.04943491607497707,-0.030581279068577688,0.0023613621589885017,3.630348820329156,0.05073987898096892,-0.18746840734930387,-0.5051297573738747,0.31809948368598084,-0.03577270746116889,-0.5647843308171545,0.1023820768061608,0.4295084162886544,-0.25437130081291115,-0.3473990986545237,0.15738567862812358,0.3847645904511789,0.14441027820038702,0.18298948930775838,0.241537339379415,0.12749829647385114,0.66355036552024,-0.14109618276683708,1.1033934075609089,0.29679228247135186,0.4397621451161027,0.727998763045228,0.11620192410058991,0.20581853411759404,-0.2533015447572708,0.15517196029615896,2.0549385068082047,0.3410310751483696,0.2122932915813804,0.2779058089396535,-0.025562038645148277,0.0013000589096918702,0.0009951116517186165,-0.006627190858125687,-0.0008429604349657893,-0.00017351267160847783,-0.018615176901221275,-0.0024983687326312065,-0.0024114293046295643,-0.006709896493703127,-0.12061826884746552,-0.0349850095808506,0.000501999631524086,-0.02313954383134842,0.0005464041605591774,0.0015796567313373089,1.2704694881920846,-0.004829578101634979,-0.002681066282093525,0.036734890192747116,0.003352454164996743,-0.00017502193804830313,1.0,0.01594347134232521,-0.010251905769109726,-0.00841539353132248,1.0,10767.54751269569,-0.09248945862054825,-0.0065117282792925835,0.0003455416881479323,0.14887350797653198,0.10274946689605713,-0.0062830448150634766,-0.06639538705348969,-0.017550762742757797,-0.013496055267751217,-0.0057807243429124355,0.0959227904677391,0.3131369948387146,0.6136097293059202,-0.0021359827369451523,0.006438900716602802,-0.04381803423166275,-0.01103920303285122,0.0006181122735142708,0.14450590312480927,-0.002826122799888253,-0.11491737514734268,0.3071987172711729,-0.0013193553313612938,1.0,-0.005565442144870758,1.0,0.45553237199783325,-0.0035879132337868214,0.08292419277131557,-0.013048233464360237,-0.025118902325630188,-0.010219989344477654,-0.07345613837242126,-0.037847936153411865,0.3676875660388404,-0.007597259245812893,-0.007973124273121357,-0.0052881683222949505,-0.0004420254845172167,-0.0010136570781469345,-0.1319074034690857,1.0,0.02,-0.002174739260226488,-0.005958688911050558,0.08878223598003387,1.0,-0.028631463646888733,2.5392213773451573,-0.003140545217320323,-0.008727295324206352,-0.019817862659692764,-0.003534885821864009,-0.00011522392742335796,-0.003509111702442169,-0.04349586367607117,0.1931527191773057,-0.011492058634757996,0.24566332555005796,-0.0005494051147252321,-0.00035114632919430733,1.0,0.19571848213672638,-0.010801786556839943,1.0,0.37065137792483316,-0.0005182735621929169,-0.03366822376847267,-0.2748047113418579,-0.002091348171234131,0.948127899181878,-0.011292233131825924
21300,1.5360452702607343,0.18040347111513297,0.11614468433982095,0.4368409860259243,-0.2991591992438757,2.0078758826121983,-0.02324215967719518,-0.23727527932546982,0.5880882511299644,0.7687139224754934,0.1746994795489678,0.634001612993228,-0.03880071826106709,0.5301578577438618,0.3913369482458814,0.3161034203462041,0.24956253695866082,0.15735498409907756,0.08407568406877464,0.21379401723295277,0.23446512922962076,0.06662493096507457,0.4287428660109852,0.3148411745369819,1.2374145465581783,0.5544487289464396,0.3167460052444723,0.9535030114844646,-0.30912932938991533,-0.15649256605770495,0.35463920419279005,-0.1886766566319862,0.6276280643480586,0.3322499418551453,0.27590822139085774,0.1587048491171471,-0.026086894795298576,0.00448540598154068,-0.0007592703914269805,-0.011138763278722763,-0.0018344558775424957,-0.003961439244449139,-0.018220603466033936,-0.034113019704818726,-0.0005894424975849688,-0.006741462275385857,-0.09878666698932648,-0.008270744234323502,0.0005195648991502821,-0.006514558102935553,0.0015086091589182615,0.0009727742290124297,1.3541311205794695,-0.010415171273052692,-0.0012093018740415573,0.0373428575694561,0.0009665545076131821,-0.0008452542242594063,1.0,0.00893749576061964,-0.0011989446356892586,-0.0034457137808203697,1.0,31137.449878339266,-0.06684566289186478,-0.004342483356595039,0.00025850284146144986,0.2110593467950821,0.19359058141708374,-0.0034451810643076897,-0.09455250203609467,-0.009539786726236343,-0.009996159933507442,-0.005961648188531399,0.08392459154129028,0.4512125253677368,1.3672685841307208,-0.00038482481613755226,-0.001800202764570713,-0.034491050988435745,-0.015652121976017952,-0.009201754815876484,0.2094736248254776,-0.003042005468159914,-0.07158439606428146,0.4258465717125324,-0.003863739315420389,1.0,-0.011470668949186802,1.0,0.5972848534584045,-0.0032663012389093637,0.08557027019560337,-0.009222091175615788,-0.009074597619473934,-0.008644155226647854,-0.07116388529539108,-0.029867056757211685,0.3652953346985076,-0.01919359154999256,-0.004167236387729645,0.0006401725113391876,-0.0040371837094426155,-0.022237179800868034,-0.10016332566738129,1.0,0.02,-0.0008614209364168346,-0.011376261711120605,0.19820718467235565,1.0,-0.00266469269990921,0.8514563784457682,-0.0029197384137660265,-0.004792125429958105,-0.03704686462879181,-0.03725048899650574,-0.0017365424428135157,-0.0004560723900794983,-0.022555692121386528,0.2715959697961807,-0.026596691459417343,0.19467302812424236,-0.0033395462669432163,-0.0014307680539786816,1.0,0.22801505029201508,-0.008977584540843964,1.0,0.9063411013088442,-0.03549056127667427,-0.03468592092394829,-0.09330461919307709,-0.007609020918607712,1.5502214927585511,-0.007559212855994701
21400,0.6906489155290003,0.3147832135880364,-0.07086785489067284,0.37703585113466187,0.5252141516976259,2.6813821699845315,0.38464640817073514,0.18184252504646964,0.4224776454825968,0.1205543558327394,0.04107720108494501,0.516355414432393,0.15743278388929818,0.22441401478104664,-0.21058250994313832,-0.17149660352589516,0.16058564005193873,-0.11274300858859729,0.017092672542422783,-0.2184155326607074,-0.1415158773580655,-0.0026496094768769796,0.17790375515471787,-0.17956797062043792,1.048850978074818,-0.03211904119150642,0.5767334709108145,0.9323737346973338,0.48527408734858873,0.1467812194845988,0.31229175496840994,0.17262888368607515,0.8051107944133513,0.21660048787038816,0.20773792767314886,0.23265839030812735,-0.0028493276331573725,0.0013329964131116867,-0.003765827277675271,-0.012154515832662582,-0.0007602623663842678,-7.45770666981116e-05,-0.0258933212608099,-0.023547720164060593,-0.001299039227887988,-0.004838690627366304,-0.09110744297504425,-0.015287049114704132,0.00020926225988660008,-0.006598427891731262,0.00037817831616848707,0.0007598635274916887,0.667259635516499,-0.010649231262505054,-0.009937929920852184,0.03556586802005768,0.0011835868936032057,-0.0026588996406644583,1.0,0.012610874138772488,-0.024033524096012115,-0.0031686055008322,1.0,12413.357431833083,-0.0660228431224823,-0.0038524153642356396,0.0003789195616263896,0.30404096841812134,0.1251204013824463,-0.0017502994742244482,-0.10268883407115936,-0.013093732297420502,-0.009482172317802906,-0.0006099832244217396,0.3177688717842102,0.5522179007530212,0.8475900629096618,-0.004362120758742094,-0.0015027094632387161,-0.04264220595359802,-0.015059585683047771,0.0061009712517261505,0.8684982061386108,-0.004549323581159115,-0.061029884964227676,0.14720563016670254,-0.00048622838221490383,1.0,-0.026717934757471085,1.0,0.7938863635063171,-0.005758571904152632,0.08445232920348644,-0.008758478797972202,-0.03142881020903587,-0.005175805650651455,-0.0996251180768013,-0.032333411276340485,0.20938418480990229,-0.01304691657423973,-0.00547645753249526,-0.0054251644760370255,-0.001344724791124463,-0.00033497100230306387,-0.10936915874481201,1.0,0.02,-0.0010333347599953413,-0.001866030041128397,0.16256237030029297,1.0,-0.019370215013623238,1.1249085200065372,-0.0037372929509729147,-0.0073572793044149876,0.002597026526927948,-0.0016512519214302301,-0.001642294111661613,-0.0016749836504459381,-0.009660683572292328,0.4927750676870346,0.0031580887734889984,0.39839620506029055,-0.003413995960727334,-0.0011346550891175866,1.0,0.8181054592132568,-0.00752800889313221,1.0,0.15258011767474686,-0.022944901138544083,-0.03267847001552582,-0.14605626463890076,-0.0012387670576572418,0.7327900726396999,-0.01424260251224041
21500,1.0796911764904218,0.3224724067822121,0.03030785596599664,0.3691290311655324,-0.04772383752023386,1.8873501495061509,0.18000350023419479,-0.19652270440833397,0.5396028158196678,0.6066833177022731,0.030451922309025665,0.5976597143769253,0.14306474547428139,0.6062016759442965,0.39976183234978535,0.24595670595881353,-0.1523209897693817,0.40364919835573376,0.07077080095485624,0.23896778483532666,-0.14158577527335697,-0.17839085649392256,0.8359257274316385,0.2990339704950141,1.4996573009589955,0.4798240678846969,-0.04768306858242414,0.9379526550390904,-0.05179984735539328,-0.17573945006428798,0.313066351971192,-0.20689720607149942,1.2029287129527846,0.16186454523946958,0.11916704684110493,0.06567078486182776,-0.0052751172333955765,0.0023466283455491066,0.0008409346919506788,-0.012687258422374725,0.0002645824570208788,-0.0010826870566233993,-0.013691202737390995,-0.006395420990884304,-0.002886702073737979,-0.010281166061758995,-0.09226574003696442,-0.023492123931646347,0.0002783785166684538,-0.004684806801378727,0.0019337013363838196,0.0021586045622825623,1.8014039721072994,-0.022238319739699364,-0.004814302083104849,0.03415326401591301,0.002178180031478405,0.00016278636758215725,1.0,0.007850190624594688,-0.00480552576482296,-0.0009333461057394743,1.0,9391.174997248958,-0.059919290244579315,-0.008947725407779217,0.0005296333692967892,0.1343865543603897,0.1659320741891861,-0.0010296651162207127,-0.09532387554645538,-0.00873691588640213,-0.014776570722460747,-0.0028934404253959656,0.11459652334451675,0.4438241422176361,0.9620597195155763,-0.001736015547066927,0.0009849737398326397,-0.03873977065086365,-0.008947829715907574,-0.027617579326033592,0.22018010914325714,-0.001984579488635063,-0.09037824720144272,0.7024870710062683,-0.001357772620394826,1.0,-0.005976453423500061,1.0,0.39454957842826843,-0.004712377674877644,0.08270473591983318,-0.008095432072877884,-0.025555284693837166,-0.005392892751842737,-0.07786572724580765,-0.0493994876742363,0.15431597889627816,-0.028651650995016098,-0.004092799499630928,-0.0020285709761083126,-0.0012248959392309189,-0.010432166047394276,-0.10773835331201553,1.0,0.02,-0.0025204664561897516,-0.008869200013577938,0.20929116010665894,1.0,-0.022175323218107224,1.4375610335327613,-0.002749113366007805,-0.007071515079587698,-0.0028058718889951706,-0.019474845379590988,-0.0013294110540300608,-0.002583872526884079,-0.013352753594517708,0.24251922499388456,-0.0032722484320402145,0.2890171333243556,-0.0008225901983678341,-0.0008132810471579432,1.0,0.25739365816116333,-0.006305662915110588,1.0,0.6665304172278897,-0.00851423665881157,-0.016263771802186966,-0.07219048589468002,-0.007867272943258286,2.116892870105547,-0.008585197851061821
21600,2.4832106963302905,0.6637533571866308,-0.0017421497176050302,0.5026230880366834,-0.2979142049255577,2.651722273011471,-0.09188500648630156,-0.0933437727256089,0.5216403203107456,0.15717983203641225,-0.0390357295047982,0.5883058036498549,-0.0676759836406822,0.700656628338818,0.4625660932207703,-0.05456735145426302,-0.05181153260254824,0.28899819451338593,0.06366020382417686,0.29183970716909624,-0.29534584150277066,-0.42722099876949293,0.8710849757171552,0.3902855971141378,3.257478126540277,0.42001682752113856,-0.12105151585197754,0.9286547502544038,-0.33162774542562107,-0.09779057554190082,0.4073985455142351,-0.053903632076070365,0.8473334132854766,0.20811256621916155,0.29624236519149216,0.36415834604102976,-0.03354952484369278,0.007367425598204136,-0.006909500807523727,-0.004053249955177307,-0.0007995348423719406,-0.0004517716879490763,-0.013193555176258087,-0.048153817653656006,-0.0020505241118371487,-0.01833382435142994,-0.06689951568841934,-0.008445397019386292,0.00026146837626583874,-0.003571515204384923,0.0007219151011668146,0.002040229504927993,3.7591066931905375,-0.016483057290315628,0.0026519140228629112,0.03898133337497711,0.0016739119309931993,-0.004017576575279236,1.0,0.007840083912014961,-0.005005259066820145,-0.0055514248088002205,1.0,16662.53966043509,-0.040742047131061554,-0.010478680953383446,0.0013637684751302004,0.0650629773736,0.2262013554573059,-0.00680165458470583,-0.06534484028816223,-0.004596736282110214,-0.00446675531566143,-0.004671716131269932,0.10317502915859222,0.31587252020835876,2.430114887613348,-0.0029925969429314137,0.0005474486388266087,-0.039544522762298584,-0.008985351771116257,-0.014588775113224983,0.12938988208770752,-0.00048114918172359467,-0.07609734684228897,0.9379198029926802,-0.0006966358050704002,1.0,-0.014438435435295105,1.0,0.380159854888916,-0.005858364049345255,0.08398495800793171,-0.004709093831479549,-0.020205609500408173,-0.0024763778783380985,-0.05447093024849892,-0.04308868944644928,0.15376467470653368,-0.023450179025530815,-0.006967881228774786,0.002518007531762123,-0.006537619978189468,-0.010369573719799519,-0.1045975312590599,1.0,0.02,-0.003689591307193041,0.003340954426676035,0.1284559667110443,1.0,-0.007953288964927197,0.9756055282253787,-0.01071538869291544,-0.005828363820910454,-0.015475999563932419,-0.010226297192275524,-0.0009972617262974381,-0.0049416013062000275,-0.014896505512297153,0.18174714501947165,-0.05363524705171585,0.6631949892869033,-0.012539472430944443,-0.0008188576903194189,1.0,0.10565957427024841,-0.0041292039677500725,1.0,0.1274931204074741,-0.06666573137044907,-0.013087108731269836,-0.08839458972215652,0.0015745759010314941,3.872299108607323,-0.02443835325539112
21700,0.6173536266417889,0.1833760320546032,-0.07089770874809499,-0.26981573026211036,0.5694620552406957,2.3244906133844543,-0.18682653783415953,-0.028027815164134044,-0.3657001805830006,0.23833298495746513,0.2727818866709253,-0.3524627179647778,-0.11716277765887702,0.5871657897741461,0.07425314968693442,0.508123437515422,0.16426947990486923,0.37193636280071074,0.03605091174967089,0.20909492843696037,0.3477869979207342,-0.1485441283791515,0.7111695281860803,0.13278099064006768,0.44332809369894866,0.11837060505171909,0.34620069710118295,0.8276759471691922,0.5396620704928287,0.2578089535828818,-0.10544118030984395,0.27015917501544157,0.4761269409087912,0.2811950066646347,0.15402665182082365,0.11921416155854389,-0.016886869445443153,0.001053592306561768,-0.004332919605076313,-0.006956122815608978,-0.000744245364330709,-0.00010394054697826505,-0.042124293744564056,-0.04394097626209259,1.8653838196769357e-05,-0.006261697970330715,-0.006566964089870453,-0.008040115237236023,0.0003573413996491581,-0.009460543282330036,0.0006087043439038098,0.002140945056453347,1.0691475128519494,-0.01481681689620018,-0.005998407490551472,0.03271453082561493,0.0007056361064314842,-0.004817658104002476,1.0,0.009741107001900673,-0.009713519364595413,-0.004180756397545338,1.0,39862.73919144852,-0.004934320691972971,-0.001176837831735611,0.00029266875935718417,0.30338266491889954,0.12752500176429749,-0.0007247657049447298,-0.12865397334098816,-0.00011346489191055298,-0.06999782472848892,-0.00526168430224061,0.15446946024894714,0.29089128971099854,0.8197287722019448,-0.0012904061004519463,-0.0021741315722465515,-0.03840078413486481,-0.008366523310542107,-0.006382478401064873,0.4475087523460388,-0.0030074254609644413,-0.018100157380104065,1.054184475977695,-0.00045946004684083164,1.0,-0.006140308454632759,1.0,0.5846036672592163,-0.004556471481919289,0.08369123935699463,-0.013681958429515362,-0.013318595476448536,-0.004393333103507757,-0.10533376783132553,-0.4174634516239166,0.34539451922536957,-0.020103055983781815,-0.0001931699807755649,-0.001182129024527967,-0.001750296913087368,-0.0030928454361855984,-0.0820641741156578,1.0,0.02,-0.00042296122410334647,-0.004714680835604668,0.11739764362573624,1.0,-0.0060623809695243835,0.7524710939798904,-0.007063072174787521,-0.0140395388007164,-0.04895687848329544,-0.007626804523169994,-0.0006844712188467383,-0.0004328787326812744,-0.0012172604911029339,0.32207729760557413,-0.05455951392650604,0.1808476645791367,-0.004032899625599384,-0.00016244567814283073,1.0,0.550839900970459,-0.017516164109110832,1.0,0.2344056704422066,-0.057871609926223755,-0.15491706132888794,-0.019733255729079247,-0.004500191658735275,0.370847054306623,-0.005962566938251257
21800,1.5282234841904165,0.15584438417798704,0.09626394650413346,0.09727346935856201,0.4477625568355028,2.206638314787915,0.30291488232882957,0.21178616752118268,0.33666375023828543,0.21847002178553254,-0.12704986009215322,0.3709296434168358,0.025293277723762202,0.11526041225590153,0.18860538255187032,-0.3967097743914027,-0.07572379048045784,-0.2578040607975554,0.03162377968390524,-0.091014113467119,-0.15592554455982038,-0.07554333999596091,0.1654931344021932,0.22985019156151676,2.5070090221098145,-0.02225473287145042,0.23647914130696415,0.9530800585162689,0.423015681603831,0.151692715891174,0.08663064978432311,0.16115835243766619,1.2637068235599835,0.19353795807304633,-0.14127696677091783,0.1428497248449568,-0.006048955954611301,0.0028400311712175608,-0.005729353986680508,0.0018216334283351898,-0.001333869295194745,-0.0026798059698194265,-0.044969767332077026,-0.013142839074134827,-0.001077247317880392,-0.004183740820735693,-0.08830705285072327,0.002761848270893097,0.00023345235968008637,-0.007813414558768272,0.0004874150035902858,0.0005682374467141926,3.831429912549839,-0.03710133582353592,-0.001356014283373952,0.03738155961036682,0.0022052531130611897,-0.004870459903031588,1.0,0.018770229071378708,0.0014803074300289154,-0.0011173379607498646,1.0,44015.229443285876,-0.07209645956754684,-0.0021723629906773567,0.00023096198856364936,0.17437586188316345,0.168112114071846,-0.000966888852417469,-0.07371003180742264,0.002161554992198944,-0.08583716303110123,-0.0016405233182013035,0.1122232973575592,0.4370373487472534,1.72934288370547,-0.003964629955589771,-0.003283187747001648,-0.03669775649905205,-0.009757280349731445,-0.010911408811807632,0.15200906991958618,-0.0028733524959534407,-0.08232511579990387,0.3564563260330185,-0.002011541510000825,1.0,-0.0010820422321557999,1.0,0.391845166683197,-0.005610325839370489,0.08483458310365677,-0.011167844757437706,-0.03522007167339325,-0.009460126981139183,-0.08093266934156418,-0.4551878571510315,0.1434995309166365,-0.01618918962776661,-0.007211124524474144,0.0016564971301704645,0.0005889522144570947,-0.019047163426876068,-0.09394101798534393,1.0,0.02,-0.001910896971821785,0.0012351793702691793,0.208385169506073,1.0,-0.0024614783469587564,1.4418653055395372,0.00027772714383900166,-0.01126190647482872,-0.03076716884970665,-0.02223389223217964,-0.0016225504223257303,0.003190651535987854,-0.017108594998717308,0.21722906082868576,-0.04076969251036644,0.25101358301348003,-0.00332125392742455,-0.0013282285071909428,1.0,0.0938444584608078,-0.009996214881539345,1.0,0.27324650626503943,-0.0067840516567230225,-0.09792325645685196,-0.09301826357841492,0.0030020810663700104,2.215816694153129,-0.014307929202914238
21900,1.026368950700617,0.17372619142718873,-0.004368840002550552,0.2662912623210096,-0.35194750425204363,5.318047375172909,-0.21605942937722528,-0.16803317891816708,0.4600571489085272,0.27314963385397795,-0.04326270310051816,0.4749822830447032,-0.10842490421896658,0.5837664288891168,0.4603386171452783,-0.3624861734356756,0.07702202984000502,-0.0048547347921831865,-0.03798194415188945,0.31127789307220716,-0.29194715169672564,-0.13239817922424268,0.6819358758429259,0.37662924065727466,1.3158704345606058,0.32912004139921036,0.13904706952489682,0.9421128962454448,-0.3422018150722923,-0.061033330467120256,0.21859670983279283,-0.04554401419123195,0.5647891424258955,0.34208320420997024,0.15484311826972252,0.017620514083980132,-0.014281290583312511,0.002320833969861269,-0.00044443225488066673,-0.0002379678189754486,-0.0006158011965453625,-0.00015417736722156405,-0.02046317793428898,-0.023391570895910263,-0.0008795061148703098,-0.008201074786484241,-0.0883651077747345,-0.009232275187969208,0.00032940669916570187,-0.005716905929148197,0.0004999686498194933,0.0010816010180860758,1.7233813062732226,0.0037922896444797516,-0.0054043252021074295,0.03151139244437218,0.0013172011822462082,-0.001195996766909957,1.0,0.022839821875095367,-0.008154498413205147,-0.0021907214540988207,1.0,42401.68713554327,-0.059743233025074005,-0.0015145852230489254,0.00042496767127886415,0.14992845058441162,0.1400163322687149,-0.0020006238482892513,-0.08823588490486145,-0.010735876858234406,-0.10775323957204819,-0.00239709485322237,0.14616626501083374,0.32566577196121216,1.0118784524555497,-0.0014322971692308784,-0.02078346163034439,-0.04193578660488129,-0.012877986766397953,0.007298462092876434,0.15038339793682098,-0.0022698696702718735,-0.06350551545619965,0.5917040294298985,-0.0003131128614768386,1.0,0.010852539911866188,1.0,0.44158047437667847,-0.0037989483680576086,0.08570313453674316,-0.009139962494373322,-0.019536757841706276,-0.007145764771848917,-0.07324079424142838,-0.3178848326206207,0.3718512902215493,-0.012476136907935143,-0.004560753703117371,-0.00283597270026803,-0.0016405333299189806,-0.0009936201386153698,-0.08322623372077942,1.0,0.02,-0.00101285963319242,-0.0017831092700362206,0.14836157858371735,1.0,-0.010294325649738312,0.9289607408556724,-0.009315813891589642,-0.007789686322212219,-0.028304964303970337,-0.006406077183783054,-0.0007158000953495502,0.00022147968411445618,-0.04899391159415245,0.20147215574979782,-0.04650253802537918,0.15905436748035873,-0.005650424398481846,-0.000427581078838557,1.0,0.10967497527599335,-0.007509971037507057,1.0,0.26187552944498704,-0.02745649591088295,-0.029632292687892914,-0.2695596516132355,-0.0028692781925201416,1.9244082967216019,-0.007615804672241211
22000,1.1823969322741286,0.18851578310402042,0.013065781341525308,0.40797397182334405,0.4755530339554547,1.8876914120609838,0.1793908888560752,0.2859560115738871,0.365862790890309,0.2526082198449445,0.002377565129125816,0.39880092438388925,0.3128160732639968,0.5168893006400253,0.2823531952523968,0.22464346957306586,0.07276610062406993,0.3828668218102734,0.10656597385113453,0.2607665082614171,0.41908866914339826,0.33335984214708375,0.3214999836155377,0.230201703791636,1.487157043915727,0.38473975453131115,0.05469623522104877,0.9234814705319413,0.47836462926439216,0.217394000672081,0.3950311329422558,0.1776244588398956,0.5789086540963604,0.16175778743768365,-0.1209732144085092,-0.1466580716251769,-0.0033988042268902063,0.0017972392961382866,-0.002296146936714649,-0.012598171830177307,-0.0015506681520491838,-0.0016342614544555545,-0.007218408398330212,-0.035576995462179184,-0.0016363159520551562,-0.009349148720502853,-0.10880754142999649,-0.008904941380023956,0.0002679509052541107,-0.0048273480497300625,0.0005632573156617582,0.000620178529061377,1.8440291901369654,-0.013597078621387482,-0.007714414037764072,0.033837877213954926,0.000887512054760009,-0.003099180292338133,1.0,0.0198495052754879,-0.008354831486940384,-0.004094451200217009,1.0,1598.6078042478332,-0.07986947149038315,-0.008520527742803097,0.00026371574494987726,0.08144233375787735,0.15928374230861664,-0.0042236484587192535,-0.09798374027013779,-0.008179791271686554,-0.02237560786306858,-0.0006087726796977222,0.06748667359352112,0.2937132716178894,1.4441140523389833,-0.0026722936891019344,0.0008708592504262924,-0.030852854251861572,-0.01145886816084385,0.0022303033620119095,0.08567938953638077,-0.003044517245143652,-0.003193102078512311,0.3906206637753857,-0.0005128908669576049,1.0,-0.00660349428653717,1.0,0.2765369415283203,-0.003077832981944084,0.08623173646628857,-0.0101705901324749,-0.03289411589503288,-0.00925588421523571,-0.08547261357307434,-0.10240842401981354,0.11853776789219142,-0.015056402422487736,-0.00578658003360033,-0.004313999786973,-0.004580146633088589,-0.010463586077094078,-0.10274571180343628,1.0,0.02,-0.0009479917353019118,0.0005370766157284379,0.09009432792663574,1.0,-0.009626494720578194,0.7011607800553599,-0.007117767818272114,-0.002829042263329029,-0.004842819646000862,-0.01953061856329441,-0.0012977501610293984,0.0003586709499359131,-0.02595214545726776,0.14084173552691936,-0.017547693103551865,0.29971039342641526,-0.003161082975566387,-0.0008405788103118539,1.0,0.07249720394611359,-0.0075292144902050495,1.0,0.33217535168555246,-0.04538542777299881,-0.024704016745090485,-0.14097222685813904,-9.363144636154175e-05,1.092174942003633,-0.0034093204885721207
22100,0.7458453214774001,0.2587079809714418,0.03265483431981632,0.4137056079842048,-0.40379339110911255,2.6632897811032286,-0.2732760993171088,0.22962716857746293,0.40722735890750217,0.4421038389139129,0.1826683131998428,0.4905441044447363,-0.25482689303584766,0.5871076237303114,-0.13720137694827933,0.40196313100971237,0.06003640258473843,0.4925316010951271,-0.035206563066587766,0.09034211352114924,0.6232573937754853,-0.10917273426546034,0.34660700318188525,-0.04310220791045202,1.72663715070667,-0.18150067071184706,0.3815833044454484,0.873493267297536,-0.35673631400747174,0.020882367456521618,0.30116698949666876,0.05492444010627917,0.8536135895607909,0.5589992948549328,-0.005330873817126564,0.012672643522005715,-0.02388136461377144,0.0018649203702807426,-0.006538290996104479,-0.0076963454484939575,-0.0007531917653977871,0.0005278236931189895,-0.022336451336741447,-0.036829378455877304,0.0005064278375357389,-0.009522133506834507,-0.07833589613437653,-0.009907636791467667,0.000878630205988884,-0.007924176752567291,0.0008223665645346045,0.0009999596513807774,1.4012322705217324,-0.023979922756552696,-0.0040419152937829494,0.03223060071468353,0.001701812376268208,-0.00710721593350172,1.0,0.015829289332032204,-0.0018545109778642654,-0.004415181465446949,1.0,24615.64548118582,-0.048375826328992844,-0.003129431512206793,0.00046872254461050034,0.12857432663440704,0.07329435646533966,-0.0038348189555108547,-0.08921578526496887,-0.017743565142154694,-0.053634703159332275,-0.003960772417485714,0.10865679383277893,0.46581125259399414,0.6563639517133784,-0.00098952476400882,-0.011962488293647766,-0.04089321941137314,-0.017087414860725403,-0.00906764529645443,0.18469831347465515,-0.003793921321630478,-0.045030925422906876,0.5399543864501375,-0.0015464834868907928,1.0,0.0072284843772649765,1.0,0.43297573924064636,-0.005627101752907038,0.08432198502123356,-0.008573465049266815,-0.010311979800462723,-0.004377968609333038,-0.07717085629701614,-0.28904733061790466,0.591983161364158,-0.006997253745794296,-0.0065056378953158855,-0.004816124215722084,-0.00272417813539505,-0.0013305858010426164,-0.09860864281654358,1.0,0.02,-0.00039389648009091616,0.0007307849591597915,0.12096579372882843,1.0,-0.010878180153667927,1.063558889597221,-0.0058539011515676975,-0.007334700785577297,-0.0011610258370637894,-0.0014727221569046378,0.00031699473038315773,0.0011905469000339508,-0.011204881593585014,0.21118452213704586,-0.03129703551530838,0.29180120324826253,-0.007435656618326902,0.00023283332120627165,1.0,0.17449960112571716,-0.007603927981108427,1.0,0.40967915214772493,-0.04675626754760742,-0.0456780344247818,-0.09304480254650116,0.00024848058819770813,2.5114971599004967,-0.007919429801404476
22200,0.27243538681667406,0.32421938168510595,0.18067046021702923,-0.04508921408635351,-0.05228781863138909,3.5607571919151955,0.10060406162681099,-0.23628122300818505,-0.412432630422096,0.5442107840374647,-0.08821063381580174,0.5420175299484166,-0.02639046094518082,0.4320095831174979,-0.1654288538027458,0.2636906913229844,0.04308974815671234,0.7555667965217367,0.10652448951197596,0.08464828843566126,-0.14325218755849886,-0.07735937094626102,0.40301288646745137,0.08258298929622351,0.7884084672546289,-0.011199132515983451,-0.12370154327745762,-0.6672760600615943,0.061054381206156104,0.1642728975573724,0.3713156230088178,-0.22327203089410538,2.7368271366780763,0.21839768127733208,0.4599009226210689,0.4329949699380784,-0.013249410316348076,0.001255317241884768,-0.005070605780929327,-0.010482477024197578,-0.00021624728105962276,-0.000689094711560756,-0.0143811060115695,-0.000669707078486681,-0.00010108086280524731,-0.0036593961995095015,-0.05264022946357727,-0.03927696496248245,0.00033530156360939145,-0.00819888524711132,0.0028559549245983362,0.0011253077536821365,4.230728119398626,-0.027533669024705887,-0.00695057911798358,0.03010140173137188,0.006281533278524876,0.00019363895989954472,1.0,0.04608391597867012,0.02763517014682293,-0.00035341503098607063,1.0,16397.515869387604,-0.050418075174093246,-0.006658970378339291,0.0006317049264907837,0.25988534092903137,0.28749027848243713,-0.004708839580416679,-0.013381006196141243,-0.028581669554114342,-0.006225453689694405,-0.00360691174864769,0.16590943932533264,0.502825915813446,0.25381433174597073,-0.003550538094714284,0.029286054894328117,-0.044043052941560745,-0.01316598616540432,0.016456037759780884,0.23786570131778717,-0.0020643239840865135,-0.051102228462696075,0.2583095986672391,-0.0023125081788748503,1.0,0.006771191954612732,1.0,0.4875636696815491,-0.00041605019941926,0.0842474102973938,-0.00045159528963267803,-0.022921938449144363,-0.006038900464773178,-0.007205907721072435,-0.01667235977947712,0.1982241699648663,-0.010053968988358974,-0.0039006478618830442,-0.009255414828658104,0.002215052954852581,0.0006983489729464054,-0.048899728804826736,1.0,0.02,-0.005841834936290979,-0.005977857392281294,0.18631085753440857,1.0,-0.029519515112042427,2.951365569214424,-0.0032256580889225006,-0.008216368965804577,0.0026530735194683075,-0.0034669088199734688,-0.0007727090851403773,-0.00012578442692756653,-0.0034539243206381798,0.29306176491081715,-0.005132414400577545,0.3040553673238572,-0.00244440627284348,-4.5885652070865035e-05,1.0,0.21664291620254517,-0.006180367432534695,1.0,0.2334293378199309,0.0009309295564889908,-0.021538322791457176,-0.03519804775714874,-0.004071546718478203,0.47478343474394763,-0.002668106695637107
22300,0.46135748242691904,0.1902173976013597,-0.04844216625648643,-0.3258754456546338,-0.1874102642693114,0.4015753918693434,0.277783853794946,0.09753653046189023,-0.42200983789026114,0.542781896746972,0.09488156293330066,-0.5566435324280943,0.29910200321983943,0.6807717396052012,-0.22839056436081384,0.33535270351721946,0.40534069054190347,0.5058245024598165,-0.024705496486862794,0.15955915258681563,0.5546252719080607,0.41677456232091675,0.30097964730292237,-0.1739974595511774,0.5700073954501392,0.5310907304765062,0.3635600509373864,0.8137259201950544,-0.17941496498758275,-0.052081261858359026,-0.32881195771775307,-0.06030195001946434,2.0183219871559945,0.2984272178123716,0.42157936493789183,0.27866510005392064,-0.012687835842370987,0.0016002788906916976,-0.0035168644972145557,-0.015471421182155609,-0.00029861938674002886,-0.005632335785776377,-0.005105708725750446,-0.017828794196248055,-0.003265028353780508,-0.007808432448655367,-0.0789797455072403,-0.0374770388007164,0.0002959530393127352,-0.021269384771585464,0.000905680819414556,0.0005498449318110943,0.9560605760652522,-0.01396747026592493,-0.011725536547601223,0.032532259821891785,0.004245731048285961,-0.0038265218026936054,1.0,0.003983738832175732,-0.002956712618470192,-0.00019959500059485435,1.0,7465.800233286837,-0.04729960858821869,-0.009821048006415367,0.00020295240392442793,0.18681715428829193,0.16150398552417755,-0.003966967575252056,-0.06123581528663635,-0.020996220409870148,-0.01787600666284561,-0.0010972782038152218,0.10130087286233902,0.3630654215812683,0.35154345432229234,-0.0020071915350854397,-0.020438842475414276,-0.03740112483501434,-0.01483660377562046,-0.007338457740843296,0.21410483121871948,-0.0030402876436710358,-0.08827954530715942,0.46997983411904376,-0.0010542256059125066,1.0,-0.009356440976262093,1.0,0.37298887968063354,-0.003576908726245165,0.08424832299351692,-0.008511326275765896,-0.03144136071205139,-0.006581427529454231,-0.05116303265094757,-0.08502726256847382,0.25523059135106035,-0.000865353737026453,-0.005948696751147509,-0.010714310221374035,0.0024276534095406532,-0.028186935931444168,-0.11837171018123627,1.0,0.02,-0.0020654581021517515,-0.0026368475519120693,0.15618616342544556,1.0,-0.0394730269908905,2.2283016858992455,0.0015100585296750069,-0.006656806915998459,-0.007231713272631168,-0.03630804643034935,-0.0010508066043257713,-0.00468168780207634,-0.005262559279799461,0.22006883565336466,-0.019817639142274857,0.27588211595812695,-0.005861704703420401,-0.0006563176866620779,1.0,0.20458337664604187,-0.011140014976263046,1.0,0.5691313551253407,-0.020585250109434128,-0.02401066944003105,-0.0639384537935257,-0.0032993070781230927,1.0698962631036344,-0.008709643967449665
22400,0.6875293184034242,0.1030563415387996,0.003316970579092488,0.2039596398818384,-0.26708583912926676,1.3266377435928594,0.28679289891731524,0.005257511949947266,-0.4281790758669748,0.18494101161114732,-0.00565578919805346,-0.5747663051579202,-0.029524567111915853,0.18884062334685853,0.05290761785733846,0.29132189702459255,-0.000945835110641044,0.4850085912333015,0.05723997764965991,-0.16233485191180907,0.4873563276167048,-0.16593580347705214,0.17001212556467898,0.1608311785311656,1.0766725553372503,-0.21243906726546563,0.3140539274711529,0.8521705914954171,-0.2521858323178187,-0.05030833618646406,0.05284405949284157,-0.05956995715331593,1.8707899467125744,0.2780985009444627,0.16617273925497342,0.13096040485777904,-0.012870230711996555,0.001835512463003397,-0.004657002165913582,-0.030084803700447083,-0.0001507673878222704,-0.006085848901420832,-0.012168437242507935,-0.018515462055802345,-0.0023946473374962807,-0.011633066460490227,-0.07721737772226334,-0.04901045560836792,0.0003029462823178619,-0.007129093166440725,0.0005035597714595497,0.00035922040115110576,1.4993810496191107,-0.012460274621844292,-0.01901543326675892,0.0314595103263855,0.003756880294531584,-0.0037139628548175097,1.0,0.007604369893670082,-0.0016936268657445908,-0.005720643792301416,1.0,30895.664563773487,-0.04516996815800667,-0.013726999051868916,0.0001682428119238466,0.07864430546760559,0.10413242876529694,-0.005662229377776384,-0.08947892487049103,-0.002537880092859268,-0.012296783737838268,-0.0016914025181904435,0.09620010852813721,0.24510803818702698,0.6227637899772154,-0.004175818059593439,-1.634238287806511e-05,-0.03865354135632515,-0.012478024698793888,-0.012776417657732964,0.13922527432441711,-0.0025796140544116497,-0.0967085137963295,0.11747403517028969,-0.0026264279149472713,1.0,-0.002223474904894829,1.0,0.3559064269065857,-0.004661949351429939,0.08409876003861427,-0.009860358200967312,-0.03219686448574066,-0.005961266346275806,-0.07422856986522675,-0.03616949915885925,0.29672051294329616,-0.0035998085513710976,-0.004988392814993858,9.745557326823473e-05,0.001083511859178543,-0.02293574996292591,-0.09573359042406082,1.0,0.02,-0.0017867329297587276,-0.001607571030035615,0.1272362321615219,1.0,-0.04742522910237312,2.3844479637801843,0.0005300550255924463,-0.009079650975763798,-0.002720056101679802,-0.036652665585279465,-0.0008690326940268278,-0.004689384251832962,-0.005743720103055239,0.16172144934535027,-0.007836878299713135,0.1784209166856636,-0.008179409429430962,-0.00041791467810980976,1.0,0.1473187804222107,-0.007927203550934792,1.0,0.16068002586465693,-0.023193012923002243,-0.01983657293021679,-0.061460550874471664,-0.0030299052596092224,1.698540671987246,-0.011574854142963886
22500,1.6817556773978466,0.15713543742715141,-0.044354158744781456,8.530135940792039e-05,0.23275524987865678,2.2494189996249796,0.19680106085696802,0.4203709324941508,0.18927246734279513,0.2869553686397873,0.0825467544727084,0.19658349323634655,0.09883645413874699,0.38666910253066344,0.3217581678886567,0.4589414382292895,0.04040768374285096,0.446272674665288,0.04184803941528311,0.3566877165096012,0.5636474179995199,0.15928014410238747,0.29770820350299415,0.24459278642482216,2.3910638432164975,0.20997540657313585,0.253284335258199,0.9123661631102422,0.21081092848957572,0.020527647651742517,0.055764427877752196,-0.007713529633982849,1.7863380906260187,0.4142179993273768,-0.028559573604990833,-0.16828238218576327,-0.028025059029459953,0.0027634266298264265,-0.0019102136138826609,0.003364432603120804,0.0009350704494863749,-0.0032120016403496265,-0.007255502976477146,-0.000904963118955493,-0.0020171371288597584,-0.011792446486651897,-0.10466691851615906,0.0021468084305524826,0.0004820107715204358,-0.006247718818485737,0.0004463016812223941,0.0007322367746382952,0.3473890754427368,-0.018321165814995766,-0.0002855451311916113,0.03328092023730278,0.0036940472200512886,-0.0024477627594023943,1.0,0.00861111655831337,-0.010203316807746887,-0.0021211598068475723,1.0,9031.659094684748,-0.0632665753364563,-0.0043301815167069435,0.00022850892855785787,0.18240806460380554,0.14541314542293549,-0.0022119591012597084,-0.07680004835128784,-0.0056101493537425995,-0.05863700807094574,-0.003251715563237667,0.1369023323059082,0.36673152446746826,1.9624215909378508,-0.0023204011376947165,-0.00043893419206142426,-0.04062473401427269,-0.016050707548856735,-0.012776236981153488,0.16921600699424744,-0.002851143479347229,-0.09928802400827408,0.3826848806402631,-0.0017430403968319297,1.0,-0.0278300903737545,1.0,0.5312008857727051,-0.004288477823138237,0.08331762440502644,-0.011438877321779728,-0.026950089260935783,-0.009978502988815308,-0.07143082469701767,-0.32638558745384216,0.38352843682252435,-0.006897768937051296,-0.005143512971699238,-0.00187915307469666,0.0025380058214068413,-0.004145522136241198,-0.05768483504652977,1.0,0.02,-0.0019579753279685974,-0.0015770259778946638,0.16208204627037048,1.0,0.00041415635496377945,2.142474990370879,0.0001667458564043045,-0.005980245303362608,-0.004601607099175453,-0.0025636879727244377,-0.0025921505875885487,0.0015215575695037842,-0.003331382293254137,0.22434370312839746,-0.03582790866494179,0.2407885247722899,-0.0068252114579081535,-0.00199930090457201,1.0,0.10079561918973923,-0.009182478301227093,1.0,0.2751767438469145,0.001400783658027649,-0.029658278450369835,-0.0389045812189579,-0.002027589827775955,2.099363741603685,-0.009297712706029415
22600,0.5157941239069768,0.25290625213339424,0.23375980912741193,-0.045442832933501515,-0.44672621558269454,1.588989135946722,-0.15100009673702305,-0.12432187253434593,0.00873268901426251,0.3626174518965777,0.19453861080374582,0.43652485884335057,-0.11782067328679915,0.7096457512516219,-0.0924652794358623,0.16506658369516106,-0.16532466945504792,0.07056282678393364,0.12691754098610478,0.24361224894679573,-0.21591351280679252,-0.2837076460053831,0.4443767262983677,0.13421725183405103,0.4818223773011481,0.5412197843147012,0.014140472468908236,-0.2181712560741239,0.19287579141778707,-0.010316633255804147,0.31558248886551105,-0.19188646187992536,0.525215662810385,0.14452442975138408,0.0008654131483534673,0.08386751680713449,-0.007994778454303741,0.0013789162039756775,-0.002204929944127798,-0.015236156061291695,0.0006106513319537044,-0.0020809625275433064,-0.02661074511706829,-0.044001758098602295,-0.003272491507232189,-0.0040313927456736565,-0.008889993652701378,-0.005718475207686424,0.0002002880210056901,-0.009303845465183258,0.0005593962268903852,0.0009930608794093132,0.9038945757582436,-0.022526009008288383,-0.0043531013652682304,0.030072523280978203,0.0010422485647723079,-0.0026809244882315397,1.0,0.01203237660229206,-0.016046280041337013,-0.0016654791543260217,1.0,1747.3002053970904,-0.005398489069193602,-0.008537652902305126,0.0005081763374619186,0.1436108499765396,0.15012140572071075,-0.00029759423341602087,-0.07575573772192001,-0.008459499105811119,-0.011822223663330078,-0.003290827851742506,0.06998221576213837,0.3556367754936218,0.44154556937103623,-0.0008303875802084804,-0.013803660869598389,-0.041658248752355576,-0.011189755983650684,-0.010621327906847,0.12112091481685638,-0.0016545793041586876,-0.009482047520577908,0.27909701035173423,-0.0003670049482025206,1.0,-0.0012197578325867653,1.0,0.376941442489624,-0.0034922920167446136,0.08414331451058388,-0.006336526479572058,-0.07978902757167816,-0.0008368321578018367,-0.05279962718486786,-0.03244909644126892,0.1117719851232799,-0.019930647686123848,-0.0010953422170132399,-0.0002974465023726225,-0.00517711928114295,-0.012232326902449131,-0.08925099670886993,1.0,0.02,-0.00047063519014045596,-0.006173267494887114,0.13232937455177307,1.0,-0.0036181705072522163,0.6993718831037784,-0.005024431739002466,-0.011004118248820305,-0.030533289536833763,-0.024008464068174362,-0.001303282449953258,0.0003413502126932144,-0.003658289322629571,0.19341155514121056,-0.022131307050585747,0.2568076721360779,-0.0006608808180317283,-0.0004373303381726146,1.0,0.1975494623184204,-0.0050802333280444145,1.0,0.39753584264868863,-0.043783992528915405,-0.1679791510105133,-0.04462473466992378,-0.004078740254044533,0.4132471344108275,-0.0027173971757292747
22700,0.4965739577878977,0.08115964032559225,0.2168744925361616,0.3947428723549161,-0.43186671898244666,2.86546246400693,-0.3010210686598745,-0.14176865843943548,-0.025251101778810445,0.3477230685859149,0.20848879799242206,0.4803435520363244,0.24462824964994984,-0.322183754474334,0.27648905779566957,0.23571366710786254,-0.029081316378935188,0.4706409868233301,0.04297786825153842,-0.25016496142243894,0.41148442449806727,0.3423984982911882,0.3412269162642172,-0.361240457561148,0.4500510881297341,0.49680370213208525,-0.009601391533177121,-0.4306231119911549,0.2628371356344073,0.09307595557407237,-0.36730236714304754,-0.24209060803898325,0.981828802674782,0.1473148969898915,0.24730627413494144,0.3628572626303254,-0.012063238769769669,0.0013723995070904493,-0.003496368881314993,-0.02744637429714203,-0.003252170281484723,-0.0019062942592427135,-0.008397520519793034,-0.03315398469567299,-0.0032177846878767014,-0.0034044706262648106,-0.0040077269077301025,-0.0008614957332611084,0.00028388004284352064,-0.013254152610898018,0.000516028143465519,0.000988862942904234,1.6149329055444757,0.0010951105505228043,-0.017262766137719154,0.030379191040992737,0.0012375424848869443,-0.004545190837234259,1.0,0.03158218413591385,0.006263302639126778,-0.004100802820175886,1.0,16966.169386548052,-0.0012608994729816914,-0.01032816618680954,0.00023432033776771277,0.1910158395767212,0.11414501816034317,-0.00015411956701427698,-0.08068430423736572,-0.023092113435268402,-0.01646769419312477,-0.003531791502609849,0.1190745085477829,0.4015170931816101,0.4097821063155785,-0.0007944039534777403,0.010187327861785889,-0.03475451469421387,-0.013135360553860664,-0.008085694164037704,0.3762635290622711,-0.004431274253875017,-0.07880780845880508,0.48236966280673677,-0.000413226371165365,1.0,-0.0033389925956726074,1.0,0.5188363194465637,-0.005743926856666803,0.08407396450638771,-0.007662695366889238,-0.19303910434246063,-0.0018012684304267168,-0.05639534816145897,-0.03900889307260513,0.13064781763542668,-0.017612049356102943,-0.0003158497274853289,-0.019442183896899223,-0.004040507599711418,-0.005581260658800602,-0.06696313619613647,1.0,0.02,-0.002419911790639162,-0.008787381462752819,0.08325277268886566,1.0,-0.00274019711650908,1.2589718746878849,-0.004606037866324186,-0.004203261807560921,-0.017465107142925262,-0.009719844907522202,-0.001566305523738265,-0.004480291157960892,-0.005160893779247999,0.2771742017939687,-0.0014892816543579102,0.15858060958012707,-0.0010684509761631489,-0.0002509458572603762,1.0,0.41328853368759155,-0.009674640372395515,1.0,0.40047915084143276,-0.031969696283340454,-0.5332557559013367,-0.02654675953090191,-0.006585732102394104,0.42223963960705146,-0.007089017890393734
22800,0.9327086561643875,0.1676522149446828,0.13706701536614654,0.25008853527651353,0.3413444718848967,1.1424672386420136,0.05372115699713706,0.2500776260078295,0.32987444666415544,0.13118297834099985,-0.010654716377750974,0.4097430138383096,0.08924213632176682,0.6396542153621478,0.5035362133125567,0.07871790358452847,-0.07439367552285872,0.3942007783928685,0.06275979164190236,0.3316115464566315,0.5512906098958675,0.33009064575558145,0.23511815778346223,0.4747191521319224,0.7280316817558209,0.4403511753415664,0.41445413104645046,0.8517039361350232,0.3602835458011293,0.254952580694425,0.21903505221403413,0.22958737061127243,1.1289528255373793,0.16255685894945957,0.043026275081302544,-0.11693538509984303,-0.0023179100826382637,0.0012942831963300705,-0.0010905492817983031,-0.013630412518978119,-0.0007555733900517225,-0.005016901530325413,-0.003640017006546259,-0.014334641396999359,-0.005867439322173595,-0.004643624182790518,-0.010956630110740662,-0.01516769826412201,0.00017736345762386918,-0.004570540972054005,0.00034911264083348215,0.0006695290794596076,2.9023437349279106,-0.007333420217037201,-0.0025988277047872543,0.026684150099754333,0.0015522274188697338,-0.001521300757303834,1.0,0.016568562015891075,-0.0008958689868450165,-0.003623916767537594,1.0,15700.495285811154,-0.008654952049255371,-0.013557791709899902,0.0003344970755279064,0.2111091911792755,0.22538039088249207,-6.41064252704382e-05,-0.11497965455055237,-0.03094913437962532,-0.015897603705525398,-0.0016513806767761707,0.10014306753873825,0.40024882555007935,1.1485885447100777,-0.00277701742015779,-0.00176975317299366,-0.02667190507054329,-0.011451869271695614,-0.0070504192262887955,0.17551970481872559,-0.0033852260094136,-0.07124246656894684,0.3590900224287994,-0.0010658730752766132,1.0,-0.02144261635839939,1.0,0.3859376013278961,-0.0031346159521490335,0.08514216914772987,-0.008964110165834427,-0.03038609027862549,-0.0013900254853069782,-0.0868966355919838,-0.04701593890786171,0.14362097691877648,-0.014071106910705566,-0.0005283139180392027,-0.016984375193715096,-0.007244864944368601,-0.02505444549024105,-0.09634308516979218,1.0,0.02,-0.004228158388286829,-0.0015584025532007217,0.20322784781455994,1.0,-0.010296153835952282,1.2723292807586468,-0.008705155923962593,-0.002645219909027219,-0.00656457245349884,-0.045994389802217484,-0.0014180757571011782,-0.0021641626954078674,-0.006746628321707249,0.23851753678172827,-0.012589843943715096,0.19989257510112718,-0.00221521919593215,-0.00013739924179390073,1.0,0.20657366514205933,-0.0007627139566466212,1.0,0.15132184557595613,-0.021435748785734177,-0.021282056346535683,-0.046127673238515854,-0.00342540442943573,0.7217516198064589,-0.010809124447405338
22900,0.18401584307751068,0.08352993787589189,-0.07411170515916223,-0.0555334163189025,-0.4329961797907837,3.852199233297963,0.3287220246919815,0.2473066007309353,-0.20827972912905518,0.18251921450085448,0.14751973930731996,-0.46065036072239396,0.2438485128520426,0.43998277425173193,-0.25172743350441806,0.05860471432383194,-0.023894693075335805,0.5702919292203146,0.03714808895886624,0.2808759439296945,0.48916601998520914,0.3922117119891638,0.20103137494986997,-0.3283785310751264,0.6684064906326868,0.4082259834058137,0.09833358606934356,0.6428139096815593,-0.31329530700325187,-0.11733840258714501,-0.20160505752627716,-0.23095372756388144,0.7385554644703665,0.15097852751778817,0.2738956719733509,0.3151651771373219,-0.007968025282025337,0.001293957233428955,-0.003251934191212058,-0.028655270114541054,-0.0003478691214695573,-0.0020750556141138077,-0.007525688968598843,-0.04141106829047203,-0.0028748027980327606,-0.006122979335486889,-0.053025417029857635,-0.04584532231092453,0.00019480392802506685,-0.0021795323118567467,0.000405619153752923,0.0005686957738362253,5.511675745404776,-0.0019130446016788483,-0.01283225230872631,0.025211477652192116,0.0009583903010934591,-0.003404556540772319,1.0,0.029235556721687317,-0.009654372930526733,-0.002493832027539611,1.0,15440.851561744517,-0.021499264985322952,-0.011056113988161087,0.00021829557954333723,0.18591651320457458,0.21481934189796448,-0.003247088985517621,-0.019224068149924278,-0.0429658517241478,-0.019045891240239143,-0.005141616798937321,0.09302850067615509,0.5210847854614258,0.21626214730561205,-0.002610518829897046,0.014931347221136093,-0.028838729485869408,-0.011536115780472755,-0.009185012429952621,0.1248449757695198,-0.0043658544309437275,-0.052053678780794144,0.40036931231490225,-0.0010137577774003148,1.0,0.010332493111491203,1.0,0.4535137116909027,-0.000297358725219965,0.08298579417169094,-0.0008850228041410446,-0.03303111344575882,-0.002070971066132188,-0.016396956518292427,-0.11443448811769485,0.13345652171394548,-0.019081898033618927,-0.00307452748529613,-0.026712965220212936,-0.004082594066858292,-0.00641318503767252,-0.06579484790563583,1.0,0.02,-0.0016822373727336526,-0.010596469976007938,0.13450902700424194,1.0,-0.03806149959564209,1.0815734143341207,-0.007330850698053837,-0.0027271020226180553,0.012388484552502632,-0.02020658552646637,-8.42312874738127e-05,-0.007260924205183983,-0.014697752892971039,0.23681128676980734,-0.024881727993488312,0.18297626797016947,-0.0023256009444594383,-0.0006821575807407498,1.0,0.16677343845367432,-0.00405983766540885,1.0,0.20949445437422817,-0.0616026446223259,-0.017952941358089447,-0.08097566664218903,-0.011694448068737984,0.9753167562127185,-0.00954027846455574
23000,0.7523761354095607,0.1752157866948454,0.026002010221425426,0.2549140453570371,-0.446900803079037,0.9801010822885643,0.09660283622758752,-0.3558553263272085,0.25642088764827925,0.3628488807372279,-0.1303258847735998,0.2863475580752817,-0.13347015911418586,-0.18250056718485086,0.33795388411718363,-0.08089011596889775,0.02168820008362215,-0.16397712777808643,-0.004818983291550097,-0.07849819230572294,0.06968151250453,-0.0024098386195410965,0.19770703499940478,0.30734684928573686,0.6882511837490561,0.5190218125244093,-0.15176012726990748,0.9084342379456045,-0.45298655397461784,-0.20919098637644323,0.25885158220599946,-0.21158779433549824,0.5606879878993734,0.2831995161300332,0.07829032962871799,0.01880946170193375,-0.020862333476543427,0.0020062527619302273,-0.003317427821457386,0.002371104434132576,-0.0021616374142467976,-0.003633746411651373,-0.014984570443630219,-0.054726313799619675,-0.0024125787895172834,-0.009661228395998478,-0.09656558185815811,-0.001539314165711403,0.0003382112190593034,-0.0035762707702815533,0.0005384258693084121,0.0005927052698098123,2.74300316458769,-0.014729395508766174,0.00022751570213586092,0.027195697650313377,0.0014856117777526379,-0.004002450034022331,1.0,0.02071273699402809,-0.004346864297986031,-0.0026851356960833073,1.0,7759.9669611316895,-0.06206298992037773,-0.0010376855498179793,0.0004483666562009603,0.15301267802715302,0.1320285201072693,-0.0034473128616809845,-0.09266464412212372,-0.009473415091633797,-0.09645291417837143,-0.006079783663153648,0.22553980350494385,0.3879845142364502,0.5655272360759684,-0.0054012746550142765,-0.004979828372597694,-0.038014791905879974,-0.014260206371545792,-0.018676888197660446,0.16010871529579163,-0.003223128616809845,-0.008031023666262627,0.21730319447835414,-0.008306307718157768,1.0,-0.010876629501581192,1.0,0.45009279251098633,-0.0031039644964039326,0.08415090851485729,-0.007401213049888611,-0.024828927591443062,-0.007234411314129829,-0.07389286905527115,-0.5052885413169861,0.3414633268189384,-0.027221955358982086,-0.0036088605411350727,-0.0014209146611392498,-0.0017593358643352985,-0.02034475840628147,-0.09724774956703186,1.0,0.02,-0.000978710362687707,-0.007525248918682337,0.19627240300178528,1.0,-0.0009645635727792978,0.7452269211748233,-0.0037789293564856052,-0.004163910169154406,-0.010652702301740646,-0.04911649599671364,-0.001999607542529702,-0.0013236086815595627,-0.020372088998556137,0.24181186221539974,-0.04104036092758179,0.22592236274001445,-0.0027683943044394255,-0.0015286827692762017,1.0,0.22945547103881836,-0.005801725201308727,1.0,0.4270026114497964,-0.06041335314512253,-0.020079825073480606,-0.0872814804315567,-0.006821000948548317,1.0082410065801473,-0.003601659554988146
23100,0.34969668149001204,0.3741318915523546,-0.16274198320614777,-0.22355627579395948,-0.0706193795757438,1.121832242095326,0.07856139918705018,-0.21795541587397144,-0.22065137892716602,0.41240464022166723,0.1822123593375901,0.5270218714873578,0.1818822161688555,0.6573287182104195,-0.18013044754096222,0.4117144384504157,0.1899267741474248,0.117645639706075,0.09375084718709717,0.19105725996788403,0.17940638664925462,-0.009578549743666329,0.5406066642118671,0.2520805058925396,0.7886260992823235,0.4850167769439597,-0.07887557968908109,-0.4107613427714026,0.13273054771796303,0.008952335034507283,0.33559272218784775,-0.23218582496409473,1.3687396413210322,0.2208396604881153,0.22382901783828335,-0.30979040260996193,-0.034611817449331284,0.0011883295373991132,0.00024375261273235083,-0.012835640460252762,-0.001752635813318193,-0.0007075415924191475,-0.013719847425818443,-0.017978638410568237,-0.0005572358495555818,-0.013483677059412003,-0.07882493734359741,-0.03497928008437157,0.0003830845234915614,-0.003704818431288004,0.0006426218897104263,0.0009773707715794444,0.5349342112953952,-0.007649078033864498,-0.0059059117920696735,0.026140976697206497,0.003349380800500512,-0.00039929396007210016,1.0,0.0072104353457689285,-0.03228375315666199,-0.002556790364906192,1.0,13562.871700296128,-0.016353696584701538,-0.0032365131191909313,0.000655992073006928,0.12248333543539047,0.2129945456981659,0.00012805196456611156,-0.0023369118571281433,-0.013397574424743652,-0.008472304791212082,-0.006063261069357395,0.22342412173748016,0.3541581332683563,0.23319730326197907,-0.0021135443821549416,-0.013050207868218422,-0.03897248953580856,-0.01302935741841793,-0.010805526748299599,0.5774040222167969,-0.0012041468871757388,-0.0367908775806427,0.49018096859448046,-0.00265686446800828,1.0,-0.04147548973560333,1.0,0.40002354979515076,-0.0007639818359166384,0.08407143875956535,-0.0004586760187521577,-0.0191031526774168,-0.004187059588730335,-0.004238161724060774,-0.1270906627178192,0.2029446032967237,-0.02047186903655529,-0.0016912552528083324,-0.0029496480710804462,0.00035916687920689583,-0.007003244012594223,-0.08067914843559265,1.0,0.02,-0.006176841910928488,-0.004515395499765873,0.2545889914035797,1.0,-0.02455931156873703,1.1409986337541613,-0.004961458966135979,-0.005691919941455126,-0.022487586364150047,-0.00013846997171640396,-0.00040384416934102774,-0.0023778434842824936,-0.019666699692606926,0.3005985887721181,-0.0599057674407959,0.32796615772303417,-0.004362259991466999,-6.996819865889847e-05,1.0,0.25971201062202454,-0.010938559658825397,1.0,0.46298554359819927,-0.0181506909430027,-0.011953065171837807,-0.09384867548942566,-0.00298299640417099,0.4395889582021269,-0.017932141199707985
23200,0.3072733489945816,0.21045456360750936,0.14295880680962073,-0.15203038025700716,0.39832119522481235,2.7671760187052157,-0.006006848298386757,-0.38988171759031,0.16053445752161216,0.14722426801041197,0.10593118213720731,0.3646356481461172,-0.17871817831065934,0.4865075513973224,-0.04234431283391882,0.24906486704462188,-0.006813319368220366,0.41501598839522147,0.04152099512320422,-0.37315816667706303,0.4745716795182541,-0.38015914615272817,0.45482797328783503,-0.17441904707393258,0.8284370443308364,-0.2957154696598817,0.255606217028921,0.5907521406594916,0.1943722891192763,-0.010092942229924524,-0.05167114840854288,-0.03278774317752045,1.1863935389914977,0.22091244122253328,0.18320609071090962,0.2419846837591123,-0.03731482848525047,0.000801707967184484,-0.0053879874758422375,-0.0003893338143825531,-0.00011381827061995864,-0.0011798168998211622,-0.024503590539097786,-0.018612775951623917,-0.010786361061036587,-0.010924124158918858,-0.0212397538125515,-0.021573912352323532,0.0002961209393106401,-0.005151613149791956,0.00042996485717594624,0.0008004739647731185,1.0961592514325371,-0.0041373251006007195,-0.0005300279008224607,0.02221188321709633,0.0016039639012888074,-0.0040971143171191216,1.0,0.014816944487392902,0.0066123949363827705,-0.003603636287152767,1.0,7839.3784318524895,-0.015863172709941864,-0.008901027031242847,0.00036685747909359634,0.27017587423324585,0.12093597650527954,-0.0006918612634763122,-0.1047515869140625,-0.0004305802285671234,-0.011237893253564835,-0.0084819495677948,0.06507997214794159,0.3619052767753601,0.5059916949582697,-0.004910988733172417,9.929575026035309e-05,-0.030849158763885498,-0.01013995986431837,-0.01105575356632471,0.2397688776254654,-0.0033949431963264942,-0.08714262396097183,0.2438715703409041,-0.009442492388188839,1.0,0.00010859128087759018,1.0,0.7015941739082336,-0.0037375015672296286,0.08379147760570049,-0.009079732932150364,-0.022082729265093803,-0.002724527148529887,-0.08890734612941742,-0.027207041159272194,0.18359794448699893,-0.013559860177338123,-0.0014867095742374659,-0.0015971624525263906,-0.006060092709958553,-0.01156883966177702,-0.10086031258106232,1.0,0.02,-0.0011629154905676842,-0.0038778935559093952,0.19188524782657623,1.0,-0.022837935015559196,1.3412582154812192,-0.0067360540851950645,-0.008472087793052197,0.001226341351866722,-0.019752975553274155,-0.0017491956241428852,-0.000512193888425827,-0.006053536664694548,0.2690323758870363,0.00203772634267807,0.2455802660858516,-0.008390028961002827,-0.00029474415350705385,1.0,0.20091360807418823,-0.0026156362146139145,1.0,0.10139845984409308,-0.02131982520222664,-0.008137847296893597,-0.04873818904161453,-0.003921195864677429,0.4067919471996561,-0.009091527201235294
23300,0.3638373721404038,0.4709565087694448,0.344082982762077,0.6213089524808337,-0.036707248915260164,6.304680238366633,0.17852425030068023,0.3197243583133781,0.5562871751684634,0.3031234779811046,0.397952950523786,0.3597946132329527,0.06861292874144445,0.7499908141577579,0.10821259742143002,0.5069065277020989,-0.08733187826397158,0.2537830763301797,0.30228140402531484,0.19671177665676698,0.3092150303567428,0.14411260658062924,2.8257389874398844,-0.19738641960726444,0.6716469766064698,-0.06428430700599752,0.4747475873633198,0.5913449598661561,0.1214777172566642,0.17596710843121854,0.5981419514975662,-0.016270042974030202,2.1275631509400066,0.3587268145943872,0.31164816879054774,-0.23142584577265835,-0.013081195764243603,0.0010881039779633284,0.003297325223684311,-0.003653448075056076,-0.0003524324856698513,-0.003803666215389967,-0.010579408146440983,-0.0037691795732825994,5.0529633881524205e-05,-0.007554110139608383,-0.013290796428918839,-0.007773689925670624,0.0004069838614668697,-0.004316836595535278,0.0012900923611596227,0.004405537620186806,7.164867719921979,-0.01277989149093628,-0.00022584013640880585,0.018744874745607376,0.004349934868514538,0.000450466584879905,1.0,0.06368660926818848,0.010585073381662369,-0.0013919128105044365,1.0,210921.23994254047,-0.006463893689215183,-0.002640386112034321,0.0009124078205786645,0.07117053121328354,0.13898521661758423,0.0003923662006855011,-0.013135604560375214,-0.017334412783384323,-0.09320612996816635,-0.0010255349334329367,0.14826546609401703,0.4668010473251343,0.38196708435602844,-0.0026889662258327007,0.02136775106191635,-0.017740849405527115,0.0002564918249845505,-0.008754268288612366,0.23085689544677734,-0.003338706213980913,-0.08719265460968018,1.9687712350821482,-0.0026997015811502934,1.0,-0.046136073768138885,1.0,0.298115611076355,-0.0013524353271350265,0.084191819652915,-0.0005966679309494793,-0.02166539989411831,0.00027711346046999097,-0.0068312110379338264,-0.2655189037322998,0.41023003129508057,-0.005263778381049633,-6.96046045050025e-05,-0.01965240202844143,0.0014831111766397953,-0.005912962835282087,0.0015607364475727081,1.0,0.02,-0.0034547927789390087,-0.005641663447022438,0.16474637389183044,1.0,-0.007234521210193634,2.4149141531559892,0.0020868058782070875,-0.012727821245789528,0.03343233838677406,-0.048349183052778244,-0.0004089409194421023,-0.0032772496342658997,0.00015300215454772115,0.21190475393086672,0.05028993636369705,0.5043259660665481,0.003659643232822418,-2.7459609555080533e-05,1.0,0.1762968897819519,0.00162279955111444,1.0,0.2637454384164112,-0.0037237554788589478,-0.06043115258216858,5.0968024879693985e-05,-0.005406910553574562,0.9421369945847611,-0.019688805565238
23400,0.2559230349768478,0.13128087269955055,-0.04467687128634782,-0.13717041816295053,0.26455064835651165,2.479760638040441,-0.04745093328587368,0.09898769599812515,-0.032537949157782825,0.15420374133144055,-0.02751670768628377,0.10393710871231446,0.046128740898863166,0.10072235350778252,0.07988277276837305,-0.5023432255318128,-0.11744361152827956,0.41737806043782155,0.11193814762128435,-0.2222962525530621,-0.24750853399618264,-0.06183997711422097,0.5024601224971954,-0.07509770908135752,0.8786751650758892,0.014334095893908445,-0.015203696556383137,0.022761066797482743,-0.06424956442749116,0.0894930273905257,-0.16866007832215993,0.28001610204263866,0.7699912535955898,0.14783367394755073,0.10870360816344767,0.1323814209445181,-0.013717335648834705,0.0008195521077141166,-0.0003192027215845883,-0.0021264031529426575,-0.0003751221811398864,-0.001955099403858185,-0.0186866857111454,-0.016636032611131668,2.5418077711947262e-05,-0.005702612455934286,-0.039127130061388016,-0.005461899563670158,0.00021058967104181647,-0.0061817229725420475,0.0005207196227274835,0.00046619080239906907,0.8679038488697978,-0.030748937278985977,-0.0033586062490940094,0.01979101076722145,0.0011550291674211621,-0.0003567722742445767,1.0,0.0076037682592868805,-0.005485999397933483,-0.006379511673003435,1.0,59585.660581381875,-0.008430535905063152,1.5869096387177706e-05,0.0002750468556769192,0.21165429055690765,0.12862184643745422,-0.002758314833045006,-0.1194201111793518,-0.0031236689537763596,-0.07919199764728546,-0.004581626504659653,0.17172759771347046,0.3216988444328308,0.3678268113244143,-0.003073661122471094,0.0007024817168712616,-0.04468441382050514,-0.0157991461455822,-0.015182286500930786,0.6432903409004211,-0.002914615673944354,-0.030349981039762497,1.3305560301690658,-0.0020517443772405386,1.0,3.1869858503341675e-06,1.0,0.40004193782806396,-0.004107879474759102,0.08298247866332531,-0.011454218067228794,-0.02463083155453205,-0.0009404154843650758,-0.09258195012807846,-0.40172645449638367,0.11961329069034145,-0.018452851101756096,-0.0007525595719926059,-0.0007379911839962006,0.000193207582924515,-0.013932919129729271,-0.10614871978759766,1.0,0.02,-0.0021189083345234394,-0.005152805242687464,0.13385771214962006,1.0,-0.004122811835259199,0.8882309029784028,-0.006749901920557022,-0.009511665441095829,-0.012314662337303162,-0.018795020878314972,-0.0011757495813071728,-0.00656856968998909,-0.014836743474006653,0.3244851380586624,-0.05426953360438347,0.20828802431976165,-0.0023967884480953217,-0.0004099135403521359,1.0,0.584988534450531,-0.0025327536277472973,1.0,0.21540222583443172,-0.027398869395256042,-0.018943147733807564,-0.09937124699354172,-0.005326922982931137,1.5240766928680105,-0.005961133632808924
23500,0.4492955199467911,0.09607758953563136,0.101672057336623,-0.11871831271850605,0.45978837731790523,3.1724019780389456,0.2890584677088868,0.21126444623395096,0.33272619668024783,0.12410265254688585,-0.07580626029073431,0.4572041619108369,-0.01354392244737781,0.19741686518248433,-0.36479906422102876,-0.542072222742043,-0.08039584589910566,-0.233412390900064,0.013303128559916041,-0.24010589781312291,-0.5397910175141767,-0.06493810587219975,0.39961792041820643,-0.30503372507778853,0.5237889063945411,0.13503248561571046,0.25745344104619605,0.7939082778315474,0.3650977831036964,0.21191231680657763,-0.010662378179257933,0.20611277240721187,0.8042713707528389,0.10103749788752846,0.20080764126951328,0.10991243620317924,-0.010361619293689728,0.0008152978261932731,-0.005152489989995956,0.00038382038474082947,-0.0019328371854498982,-0.0006472918903455138,-0.015266579575836658,-0.02229117602109909,-7.421828922815621e-05,-0.0038896934129297733,-0.03228975832462311,-0.016826700419187546,0.00019050922128371894,-0.00572061724960804,0.0006663856329396367,0.0007020039483904839,4.522827871223862,-0.021520555019378662,-0.002040596678853035,0.015084605664014816,0.0011306004598736763,-0.004615339450538158,1.0,0.012373458594083786,0.004139767959713936,-0.002892810385674238,1.0,15402.645829376605,-0.03264040872454643,0.000130157801322639,0.00021483855380211025,0.11040766537189484,0.21619084477424622,-0.0008079238468781114,-0.11676530539989471,-0.016144033521413803,-0.06815892457962036,-0.0064034671522676945,0.20270639657974243,0.4475004971027374,0.6807230226192708,-0.001940002548508346,-0.0032772254198789597,-0.04012052342295647,-0.016953881829977036,-0.001800810918211937,0.2670936584472656,-0.0029811288695782423,-0.07375985383987427,0.8860728220100279,-0.0002405020932201296,1.0,0.002741677686572075,1.0,0.22244399785995483,-0.0036049839109182358,0.08421721123158932,-0.010730622336268425,-0.028371645137667656,-0.005125951021909714,-0.09125671535730362,-0.3804026246070862,0.06084290442187016,-0.005906667560338974,-0.0022633513435721397,-0.008016921579837799,-0.0004402362974360585,-0.007974827662110329,-0.09726022183895111,1.0,0.02,-0.0017557487590238452,-0.0018076341366395354,0.13672254979610443,1.0,-0.01765848882496357,1.162750650373359,-0.0020587509498000145,-0.005359566304832697,-0.027267657220363617,-0.011125033721327782,-0.0013797477586194873,-0.0031334441155195236,-0.04210280627012253,0.2321714200079441,-0.053921494632959366,0.20833638453162,-0.0009777401573956013,-0.0004804092168342322,1.0,0.25430575013160706,-0.004661097656935453,1.0,0.13395148803392878,-0.031059466302394867,-0.030268803238868713,-0.3499755859375,-0.0016841012984514236,0.4921842917389316,-0.01045265793800354
23600,0.3040751349258616,0.07832438380437157,0.12042170197093167,0.10324207357802409,0.09839295259720592,3.9722232859056827,0.019430695228313755,-0.2581717209911786,0.07623343092268854,0.47509575113584135,-0.1406141966825059,0.12921072236888995,0.1002432999293298,0.42715238468873373,0.0412874691377886,-0.37375898622441406,-0.011970250366896074,0.7464448406535481,0.011485770097726933,-0.06512104954246735,0.11445204730846728,-0.09988465123303489,0.2587721077178539,0.0959707834842296,1.4346460394070901,0.07960074874672636,-0.08332876114946214,0.6911406158571346,0.11543845095567527,0.09589376632487195,0.1853031220537748,0.15804092717211313,1.6767184834079263,0.3716810770423968,0.5121653130494316,0.39132812234935394,-0.03424979746341705,0.000756756286136806,-0.00013795090490020812,-0.0023445431143045425,-0.002024343702942133,-0.0001686285249888897,-0.04259468987584114,-0.005982476286590099,-0.003963608294725418,-0.011128678917884827,-0.15610188245773315,-0.005882589146494865,0.0005645648343488574,-0.004689398221671581,0.0047302949242293835,0.00048521949793212116,5.9419038250366585,-0.02797151543200016,-0.004170298110693693,0.017482619732618332,0.0023478460498154163,-0.00010130467126145959,1.0,0.015329545363783836,0.008674932643771172,-0.007496524136513472,1.0,74875.76396801419,-0.05274603143334389,-0.005447694566100836,0.000275172118563205,0.18530738353729248,0.1622513234615326,-0.0030907560139894485,-0.09463587403297424,-0.004495278000831604,-0.048972781747579575,-0.006883845664560795,0.07183075696229935,0.38279902935028076,0.5845699533429969,-0.0021822568960487843,-0.003190724179148674,-0.03499102219939232,-0.006630715914070606,-0.016577841714024544,0.37275904417037964,-0.005419936962425709,-0.06350346654653549,0.42454423709478356,-0.0035329731181263924,1.0,-0.012524982914328575,1.0,0.3908776640892029,-0.0016499427147209644,0.08603416755795479,-0.010421931743621826,-0.028379101306200027,-0.005423472262918949,-0.08961839228868484,-0.3098686635494232,0.38851671339081645,-0.021294347941875458,-0.0029547433368861675,-0.006472392939031124,-0.003059754613786936,0.0036532951053231955,-0.09003709256649017,1.0,0.02,-0.0010854937136173248,-0.00236334977671504,0.11071361601352692,1.0,-0.008379284292459488,1.4692939548363977,-0.007302371319383383,-0.014263407327234745,-0.02026248909533024,-0.011544140055775642,-0.00032246694900095463,0.0010439716279506683,-0.021294817328453064,0.25258592423051596,-0.04407745599746704,0.16622503893865384,-0.006499429699033499,-7.76402885094285e-06,1.0,0.34414857625961304,-0.005418429616838694,1.0,0.19970930036610043,-0.004357675090432167,-0.022389251738786697,-0.14064081013202667,-0.0010188296437263489,1.3639871033632645,-0.0014638598076999187
23700,0.9068462347722928,0.09545679546308232,0.14300262050374987,-0.20140323986155464,0.3648807185937611,1.0567509738101766,0.03187109956209451,0.19816036923428704,0.2096270819392832,0.10584986188547456,-0.03768727440026892,0.3176816108928978,-0.09151502051759482,-0.003527441994481434,0.392829270334017,0.15080887285910888,0.13242942737601252,0.4657975601668656,0.07561224448875069,0.15847257198784037,0.2424276915770569,0.21559925143670694,0.20472122582614757,0.3320095576517195,1.1367699265377056,-0.18510683092009939,-0.13234297123371544,0.7985144838988295,0.3250411011374897,0.1564320189040077,-0.05563736027689593,0.2051630837333697,0.906453879363084,0.315403776600117,0.11502669781243194,0.2317437896378776,-0.02602388523519039,0.0010823749471455812,-0.002598350867629051,-0.024874698370695114,-0.0020183369051665068,-0.000749888364225626,-0.006818800233304501,-0.015487694181501865,-0.0006069410592317581,-0.0057942233979702,-0.14566780626773834,-0.0035143764689564705,0.0005329903215169907,-0.0049232374876737595,0.00034784903982654214,0.0008943984284996986,1.869056817350556,-0.006050044670701027,-0.005323323421180248,0.01347814779728651,0.0015758369117975235,-0.0024433042854070663,1.0,0.01789579540491104,-0.0026818234473466873,-0.0032424526289105415,1.0,20684.03321447269,-0.05901914834976196,-0.003776615485548973,0.0002555697283241898,0.17833489179611206,0.09074030816555023,-0.002345786429941654,-0.10662397742271423,-0.02908988669514656,-0.006304608657956123,-0.003934916108846664,0.12441320717334747,0.42541372776031494,1.2424799107158784,-0.0010105583351105452,-0.004192423075437546,-0.021425588056445122,-0.00876335147768259,-0.009281843900680542,0.15722176432609558,-0.002811756916344166,-0.06530936807394028,0.16450079606412177,-5.728437099605799e-05,1.0,-0.03945433720946312,1.0,0.4493577480316162,-0.002885398454964161,0.08421228267252445,-0.009810492396354675,-0.01593458279967308,-0.007615380920469761,-0.08094707131385803,-0.016254715621471405,0.28628250181483017,-0.021629024296998978,-0.003142198547720909,-0.01595178432762623,-0.0023143975995481014,-0.01467420905828476,-0.09181029349565506,1.0,0.02,-0.0018591023981571198,-0.0017527935560792685,0.09747156500816345,1.0,-0.0016750823706388474,1.288961704040019,-0.00572759797796607,-0.002562119858339429,-0.012669987976551056,-0.0065714698284864426,-0.0005605850601568818,-0.002722286619246006,-0.012499111704528332,0.212491687387228,-0.0060115996748209,0.18712836618962714,-0.0011652454268187284,-0.00010625616414472461,1.0,0.17698028683662415,-0.006999059580266476,1.0,0.11230466771133517,-0.02519787847995758,-0.013166656717658043,-0.0728873759508133,-0.003171290270984173,1.0376917216712631,-0.019234640523791313
23800,0.18939927530541412,0.34331481450645474,0.1382442491837046,-0.040090726406648125,-0.26935022124672514,3.7785615748540082,-0.1041779536415881,-0.1864581226347306,-0.20894521950542672,0.11376072826303843,-0.07917300493622934,0.39073740063475015,-0.05416070773432973,0.6254551132671534,0.05330968628613861,0.09219821878303078,-0.017847098699950242,0.17862640837436333,0.031857694293591414,0.0758949692803782,0.0032243158352821544,-0.052910816925556825,0.3445568306890996,0.037553093760808134,1.1547830583167145,0.3567648326664199,0.03267248870536704,-0.3640863724787866,0.26682044410193895,0.0996467152377991,0.16232494941569128,-0.36304816869188505,0.7415370771225972,0.13213408925803097,0.242815222551656,0.35417307595992037,-0.030221931636333466,0.0012285603443160653,-0.003209462622180581,-0.005879176780581474,-0.0014570098137483,-0.0005987474578432739,-0.02306569367647171,-0.030108582228422165,-0.0018092659302055836,-0.006078380160033703,-0.17234934866428375,-0.028915314003825188,0.0002783876843750477,-0.003405024530366063,0.0007803917396813631,0.0006284511182457209,6.195595406649231,-0.0034147407859563828,-0.0008220629533752799,0.014202432706952095,0.0014762012287974358,-0.0032208533957600594,1.0,0.01243685744702816,0.008067259564995766,-0.007926327176392078,1.0,49849.90278860031,-0.041652437299489975,-0.0038105424027889967,0.0006868521450087428,0.1947406381368637,0.10711176693439484,-0.0004959921352565289,-0.0557054728269577,-0.000853491947054863,-0.006812716834247112,-0.008134521543979645,0.12227555364370346,0.4056799113750458,0.19597120470624224,-0.0031770316418260336,0.0017537539824843407,-0.03129052743315697,-0.007678572088479996,-0.008671456947922707,0.11285467445850372,-0.002357800491154194,-0.06553493440151215,0.2621639587842913,-0.0004371700342744589,1.0,-0.012413805350661278,1.0,0.4613332450389862,-0.001281381817534566,0.08299070224165916,-0.007322460412979126,-0.023738903924822807,-0.004333599470555782,-0.05622250214219093,-0.018233614042401314,0.1257871922450388,-0.01392702292650938,-0.001223237020894885,0.00032126629957929254,-0.0031298575922846794,-0.008100164122879505,-0.09748174995183945,1.0,0.02,-0.001443903660401702,-0.007340412121266127,0.1585368514060974,1.0,-0.01934429630637169,1.0294934815680816,-0.010723528452217579,-0.011389188468456268,-0.0055053140968084335,-0.010439381934702396,-4.170252941548824e-05,-0.00039358343929052353,-0.015978019684553146,0.2083573779091239,-0.0039140526205301285,0.27436815836906475,-0.0022601988166570663,-3.602780634537339e-05,1.0,0.10432638227939606,-0.0052756741642951965,1.0,0.08115077388631327,-0.03363674879074097,-0.019224699586629868,-0.1164679080247879,-0.00524066761136055,1.1711080822901807,-0.017749525606632233
23900,0.4993025428850204,0.17971972911987108,0.09569779588682537,-0.06577724360493324,0.014508305492406974,2.238725822980124,0.21113294955520923,0.17864656827030928,-0.2800616606809794,0.27261920596204486,0.019743497609614524,-0.33445776320382725,0.06271574956902307,0.3516379546484065,-0.15535369738592683,-0.04287857928302884,0.07212274255231649,0.5323115394661757,-0.015787535232101742,0.29146617161098953,0.34375530322721426,0.32722830236508765,0.1272421992676399,-0.05735929986258284,0.6142345628074959,0.28727276225590126,0.2847258143615404,0.7750322399177793,0.05723354281831787,0.11811351334154815,0.09042206132623697,0.16813160784834802,2.3670240555181135,0.453473721250745,0.22418538076404243,0.261223645004035,-0.030603725463151932,0.0007789737428538501,-0.0005903437850065529,-0.02972230315208435,-0.0025811849627643824,0.00020912173204123974,-0.004340088460594416,-0.0010463281068950891,-0.0003011212684214115,-0.0071166763082146645,-0.028480827808380127,-0.007943416945636272,0.0010169082088395953,-0.004814992658793926,0.0007622007397003472,0.0003707811119966209,2.6275376453783124,-0.018122302368283272,-0.013672763481736183,0.010549449361860752,0.007234189193695784,-0.00011000686208717525,1.0,0.011117473244667053,-0.00010278075933456421,-0.008067000657320023,1.0,140657.64714792097,-0.025730710476636887,-0.008474662899971008,0.00036302648368291557,0.18880940973758698,0.15317130088806152,-0.006338460836559534,-0.11778680235147476,-0.0038849003612995148,-0.013706482946872711,-0.0049170092679560184,0.07805085182189941,0.2811676859855652,0.6668904739658544,-0.003961187321692705,-0.004572147503495216,-0.04311767593026161,-0.01613808237016201,-0.01142888143658638,0.17874643206596375,-0.0022261440753936768,-0.027972426265478134,0.1604393442061802,-0.0031075947917997837,1.0,-0.003087650053203106,1.0,0.3841345012187958,-0.002921857638284564,0.08600311353802681,-0.012462015263736248,-0.021905312314629555,-0.005932661704719067,-0.09018827974796295,-0.03320607170462608,0.4184896373608368,-0.002203278709203005,-0.0016751887742429972,-0.0005242020706646144,-0.009784504771232605,-0.0052990359254181385,-0.09808297455310822,1.0,0.02,-0.0006381632992997766,-0.0019685456063598394,0.08046843856573105,1.0,-0.005055704619735479,2.2819587073279783,0.0003839964047074318,-0.009701707400381565,-0.006360022351145744,-0.0020809085108339787,-7.405842188745737e-05,-0.004069882445037365,-0.029533077031373978,0.18311521504074335,-0.02858564257621765,0.09622275782639564,-0.003933746367692947,0.0002637470024637878,1.0,0.12037310004234314,-0.0018633976578712463,1.0,0.2854492091826082,-0.004105567000806332,-0.022501446306705475,-0.1296773999929428,-0.0024393508210778236,0.506043119188058,-0.007023925893008709
24000,0.2136919900807055,0.21566764896755056,0.21265674404500698,-0.08477992165039959,-0.2777393248355748,1.3033774579512167,-0.21855759190594348,-0.05499310625679177,-0.18097340694589048,0.1520561471591654,-0.07423030944117909,0.23378496677372146,0.03444082803185383,-0.30941935699807177,0.1706984590692629,0.06395543681767109,-0.05759120923727319,0.3140760188680889,-0.014033924574006342,-0.15637449379692975,0.47248288825865803,0.11522820680921832,0.13928800113093737,-0.1474178926300394,0.7441514145116456,0.21435840615942547,0.4358711166870183,-0.06509549833377022,0.10004101828063165,0.014525210399717436,-0.16788302910066188,-0.06608954593497224,0.571345762868211,0.25603849536148926,0.05012298991396952,-0.11856789528851804,-0.0037243522237986326,0.0010958955390378833,-0.0037154180463403463,-0.02107098698616028,-0.0007482939399778843,-0.0035711131058633327,-0.006960824131965637,-0.049833882600069046,-0.0008535190718248487,-0.004977203905582428,-0.13348665833473206,-0.02333313599228859,0.00023759561008773744,-0.006814613007009029,0.000433829496614635,0.00038101462996564806,3.7389896231246285,-0.009670380502939224,-0.014712235890328884,0.008472319692373276,0.0012887193588539958,-0.005372791085392237,1.0,0.017110075801610947,-0.023512978106737137,-0.005474025383591652,1.0,30054.64966328302,-0.013569221831858158,-0.008560099638998508,0.00041444695671088994,0.24022112786769867,0.09000711143016815,-0.0012349315220490098,-0.010130532085895538,-0.016503021121025085,-0.012339700944721699,-0.0015891068615019321,0.13993532955646515,0.36324581503868103,0.2069151643723441,-0.002060644794255495,-0.018363215029239655,-0.02534586936235428,-0.013322760351002216,-0.0074625276029109955,0.12784484028816223,-0.003961136564612389,-0.003535411786288023,0.23054661969346324,-0.00305207259953022,1.0,-0.007304437458515167,1.0,0.5356215238571167,-9.847991168498993e-05,0.08418061956763268,-0.003875213675200939,-0.018875816836953163,-0.00316294701769948,-0.011346877552568913,-0.03387438505887985,0.24964534989027234,-0.024514339864253998,-0.000914796139113605,-0.011596020311117172,-0.005291248671710491,-0.01091837789863348,-0.0851142555475235,1.0,0.02,-0.00021638066391460598,-0.0028094477020204067,0.1205381378531456,1.0,-0.01632959581911564,0.6665334084149487,-0.006000755354762077,-0.0026465097907930613,-0.015708599239587784,-0.017829015851020813,-5.739685730077326e-05,-0.0021441373974084854,-0.01398018840700388,0.2140596965327859,-0.008921034634113312,0.19193616550108838,-0.0038159445393830538,-0.0001509759749751538,1.0,0.09506368637084961,-0.004238024819642305,1.0,0.12437988796883677,-0.05780832841992378,-0.01032186858355999,-0.11681199818849564,-0.0046644508838653564,0.6909557566894247,-0.0028075221925973892
24100,1.8140720557089214,0.41499293223039957,0.15426516903271525,-0.014688455229890778,-0.20701457219793268,2.1605699566904817,-0.20592256368273837,0.03096394964552228,0.23604618635199798,0.44019361402642504,-0.018321124718245645,0.5881005350383333,-0.05384081914598546,0.4024347574409063,0.08889359057246514,-0.4145532471173348,0.037310582225060986,-0.12049414383132777,0.04887467674178527,0.24211750678210417,0.6068728728496683,0.29940741003368543,1.1331434478633293,0.2954082910094716,1.8634761090907896,0.35665003448978316,-0.17372039673390893,0.3503069173272555,-0.014200069380570515,-0.003590962960793878,0.20042422044324154,0.0032073784992574655,1.2744679156842962,0.14262430248123942,0.10882075612433875,0.27245092815936406,-0.015240514650940895,0.006074122153222561,-0.004921640735119581,0.0003905296325683594,-0.0008988883346319199,-0.0004369630478322506,-0.013861262239515781,-0.025381527841091156,7.922179065644741e-05,-0.01844247616827488,-0.015099778771400452,-0.021783389151096344,0.00041205016896128654,-0.001603159005753696,0.0010341352317482233,0.0012532217660918832,1.9808927869882906,-0.012364807538688183,0.0011346740648150444,0.01749633625149727,0.002199477283284068,-0.004305075854063034,1.0,0.012702184729278088,0.00818154588341713,-0.0033994244877249002,1.0,10759.881055315782,-0.0008494509384036064,0.0005117881810292602,0.0008211408858187497,0.09170085191726685,0.1760988086462021,0.00021383515559136868,-0.08065490424633026,-0.007552154362201691,-0.07174842059612274,-0.0018685287795960903,0.08703123033046722,0.38536325097084045,1.5754157742371964,-0.0009428074117749929,-0.0050208428874611855,-0.035083476454019547,-0.00954420492053032,-0.008057878352701664,0.3051750659942627,-0.0003113018465228379,-0.08845815062522888,3.446412916160698,-0.0016945318784564734,1.0,-0.011713211424648762,1.0,0.3713877201080322,-0.002380990656092763,0.08411182090640068,-0.0053259884007275105,-0.01841861382126808,-0.0007700303685851395,-0.04736219346523285,-0.37375783920288086,0.1972053086582821,-0.014005097560584545,-0.0011744573712348938,0.004958437755703926,-0.0006557607557624578,-0.005250067450106144,-0.09311030060052872,1.0,0.02,-0.0025741225108504295,0.003545790445059538,0.14793923497200012,1.0,-0.006192674860358238,1.6714973188607383,-0.010446553118526936,-0.004040889907628298,-0.02737005054950714,-0.003978589549660683,-0.0017916657961905003,0.002277132123708725,-0.02814413793385029,0.2214362844824791,-0.05673530325293541,0.3733976091153181,-0.007235174532979727,-0.0005607581115327775,1.0,0.2067941129207611,-0.002607927657663822,1.0,0.5320411762856642,-0.01833989843726158,-0.014573951251804829,-0.20952636003494263,0.0015460774302482605,1.4570958162324252,-0.013898528181016445
24200,0.48486974334920324,0.38571526541674406,0.1729554484501805,-0.3681177532622474,0.04274208380021206,4.454937860764902,0.24642380272871361,0.07225478306187977,-0.3360081257406943,0.35573841336251805,-0.10937433290970734,-0.4112306298616586,0.19031193559406337,0.6739175409901683,-0.18589428169411912,-0.20134538905320348,0.010716402220081604,0.35638090023696456,-0.024822144902684036,0.23732212727686933,0.276791697762458,0.24592164969593722,0.5974805580986133,-0.1301935776989377,0.43399805903416866,0.5342137929931199,0.329347745702457,0.7516230312151868,0.0877337146472296,0.07642671056294709,-0.23456628370594038,0.1114215529189384,1.8292742860438804,0.2891407081686594,0.21118262918988892,0.04595960147185013,-0.033902835100889206,0.0009882409358397126,0.0007630321197211742,-0.004862701985985041,-0.003439779859036207,-0.00028181931702420115,-0.0021779066883027554,-0.0016246336745098233,-0.00010735815158113837,-0.011645614169538021,-0.03690660372376442,-0.02699390798807144,0.0006079949089325964,-0.007595521863549948,0.0009267702116630971,0.0013256627134978771,3.5307224428634116,-0.022275567054748535,-0.003674859181046486,0.005297220777720213,0.003940270282328129,0.000516158586833626,1.0,0.03500274196267128,0.023739367723464966,-0.008530131541192532,1.0,34142.920084479076,-0.03545210137963295,-0.0028749946504831314,0.0008108377223834395,0.2518613040447235,0.13987146317958832,-0.0021802550181746483,-0.12012625485658646,-0.0073186601512134075,-0.0234679002314806,-0.0032721562311053276,0.07150280475616455,0.3937965929508209,0.6934473485601034,-0.0011543279979377985,-0.0004521980881690979,-0.041298817843198776,-0.010513152927160263,-0.01595919206738472,0.29822731018066406,-5.810603033751249e-05,-0.048215653747320175,0.6990869064556529,2.06597032956779e-05,1.0,0.008020827546715736,1.0,0.35316282510757446,-0.0033491868525743484,0.08419692888855934,-0.01408100500702858,-0.017212240025401115,-0.0066677904687821865,-0.09271110594272614,-0.2585828900337219,0.2458687515466846,-0.005016324110329151,-0.001113899052143097,-0.0032166186720132828,0.002540810499340296,-0.004765009041875601,-0.06123394891619682,1.0,0.02,-0.0017990716733038425,-0.001162364729680121,0.14388124644756317,1.0,-0.022033579647541046,1.8937568192724157,0.0013211076147854328,-0.005726374685764313,-0.03380296751856804,-0.016448792070150375,-0.0009646558319218457,-0.00396298011764884,-0.01997443102300167,0.24001868814229965,-0.0423860065639019,0.3511339126236172,-0.0032837442122399807,-0.00021363893756642938,1.0,0.2678459584712982,-0.003415870014578104,1.0,0.4142717222533626,-0.003655484411865473,-0.012900102883577347,-0.09132514148950577,-0.0011948500759899616,0.513550751555809,-0.007720157504081726
24300,0.622196954100107,0.13410280185005596,0.133589596898736,-0.14190047116736418,-0.31504344326689737,1.0969731094807273,0.16430664920440463,-0.10409016930257244,-0.2554759458877256,0.5376194433558465,0.02376255285407939,-0.33039074494379106,0.3198104946113533,0.38150314192133383,0.10238189798066664,0.11098603349830008,0.17729339943187236,0.47647112584929235,-0.05659389521313068,-0.04920570541144011,0.6799680781094886,0.41962201521383835,0.44686576571773934,-0.036305990748602385,0.6557346496307529,0.491939549452363,0.39165148950886947,0.4337093832778358,-0.11848088388309444,0.051821138999138025,-0.21148321081089866,0.002184117719831666,1.2340366387453945,0.2194029523902767,0.23891926686918258,0.16531604842688033,-0.016544846817851067,0.0016299085691571236,-0.0025283736176788807,-0.018298622220754623,-0.0005908168386667967,-0.0012763779377564788,-0.006056815851479769,-0.025735482573509216,-0.0026436338666826487,-0.015490704216063023,-0.03459390625357628,-0.017467712983489037,0.0002905477595049888,-0.005857117474079132,0.0011111751664429903,0.0008860124507918954,3.498222492419999,-0.009895631112158298,-0.012489800341427326,0.005769786890596151,0.002151468303054571,-0.004295038525015116,1.0,0.01408694963902235,-0.018814973533153534,-0.0037117893807590008,1.0,1950.7253878584918,-0.03690003603696823,-0.007748947478830814,0.0004020513442810625,0.15097680687904358,0.1878243088722229,-0.0023128315806388855,-0.08870944380760193,-0.005580464843660593,-0.015393496491014957,-0.0011330144479870796,0.13158069550991058,0.4976869821548462,0.49169664893511555,-0.0013069668784737587,-0.006959042511880398,-0.03246362879872322,-0.010457200929522514,-0.010464697144925594,0.17415425181388855,-0.0021980421151965857,-0.0678941085934639,0.5492724599609647,-0.00198660627938807,1.0,-0.011050037108361721,1.0,0.5705755949020386,-0.004052377305924892,0.08393334224820137,-0.008531850762665272,-0.023674150928854942,-0.005460802000015974,-0.06763390451669693,-0.0407877154648304,0.18680673176480933,-0.006013129372149706,-0.00209697219543159,-0.0027765892446041107,-0.00038740411400794983,-0.00769612193107605,-0.09474627673625946,1.0,0.02,-0.0014221835881471634,0.00041888304986059666,0.13653695583343506,1.0,-0.019282754510641098,1.4784558489825712,0.0002873435150831938,-0.0058344039134681225,-0.025844957679510117,-0.01918165571987629,-0.0011100091505795717,-0.0018972959369421005,-0.017229974269866943,0.245834082365036,-0.007175049744546413,0.20139188968434044,-0.004834206774830818,-0.000729620223864913,1.0,0.11733706295490265,-0.0037971469573676586,1.0,0.5655598368714926,-0.027486292645335197,-0.031196217983961105,-0.06776607781648636,-9.826524183154106e-05,0.5570605784683675,-0.006062650121748447
24400,0.6205543440753652,0.1919833862643281,-0.09248367047019214,0.11555550019171895,-0.31580192076316893,4.353652509059484,0.07470226559874488,-0.09845385773065915,0.2326663030026887,0.25840645691054626,0.013422313200450751,0.32100306398336337,0.09011226660839541,0.560164279727472,0.1643761094155205,-0.1789575125970378,-0.09138679905818957,0.3654109930074204,0.005501210788528152,0.22604615453272217,-0.2935926075872637,-0.16437128648634147,0.4541310866386415,0.04515321760433838,1.619128684678817,0.4213796447532774,-0.02535428511036483,0.6252993260220059,-0.1880263724816349,0.009828457874422006,0.09196949776001528,-0.13290526500664165,0.6934058688888252,0.1960695373789834,0.14148553564577052,0.07884782862348153,-0.002105431631207466,0.001739288098178804,7.850740803405643e-05,-0.003719635307788849,-0.0007489813724532723,-0.000887370842974633,-0.0151447132229805,-0.02397492341697216,-0.00048786058323457837,-0.0070142969489097595,-0.06787068396806717,-0.0016177110373973846,0.0002024984423769638,-0.003329484723508358,0.0010546949924901128,0.0007729207864031196,3.942959963886537,-0.031489431858062744,-0.0014609693316742778,0.007494782097637653,0.0009609294938854873,-0.00017317052697762847,1.0,0.021426592022180557,-0.022195391356945038,-0.003241735277697444,1.0,50922.642218120636,-0.018467126414179802,0.00036907807225361466,0.00045076414244249463,0.1565096378326416,0.11046378314495087,-0.0021641578059643507,-0.06727707386016846,0.0024095624685287476,-0.05936958268284798,-0.0009272226016037166,0.1234017089009285,0.4560500383377075,0.47280354965181765,-0.0020099030807614326,0.001965172588825226,-0.04498860985040665,-0.011391946114599705,-0.015188097953796387,0.2826053202152252,-0.0009510830859653652,-0.03412851691246033,1.4626850587535842,-0.0019267075695097446,1.0,0.005849393084645271,1.0,0.3743816614151001,-0.0038247033953666687,0.08399524167180061,-0.008310118690133095,-0.022560808807611465,-0.0016066839452832937,-0.06598152965307236,-0.44878026843070984,0.24171812471257356,-0.046203479170799255,-0.0013945064274594188,0.0009302785038016737,0.00036128301871940494,-0.006637413986027241,-0.07509635388851166,1.0,0.02,-0.002166976686567068,-0.003758151549845934,0.14956562221050262,1.0,-0.0036171376705169678,0.8574554830590605,-0.006216872483491898,-0.009606986306607723,-0.02836037427186966,-0.014631589874625206,-0.0018493211828172207,-0.010178632102906704,-0.014571723528206348,0.24397406075149775,-0.04600527510046959,0.1205076380030392,-0.0022168015129864216,-0.00045829301234334707,1.0,0.29881471395492554,-0.004688257817178965,1.0,0.32834170642204213,-0.03665265813469887,-0.014174285344779491,-0.08667704463005066,-0.0020653707906603813,1.782367521056551,-0.004837675951421261
24500,0.16497565064296082,0.2305397023120114,-0.09168691098814272,0.1165797661931274,-0.13955216789471442,3.6925084198771074,-0.3318315108856773,-0.13900229497739852,0.18867820201504715,0.12522315146590018,0.15791668548543983,0.36572626158416965,-0.22966918160441305,0.7138195888579059,0.14913294940893335,0.20699319323110796,-0.04671382678210267,0.1582320790561419,0.16703771266361325,-0.013715887944882852,0.33212296709875083,-0.37831806887225483,0.6710334732137239,0.46968640956664975,3.297879126423783,-0.15637121036896895,0.40817481319929955,0.4256021520450643,-0.13624765833717759,0.0014839839949113472,0.24686167024462916,0.0504079956394378,0.9800668028012153,0.16439423556921126,-0.019139308532496634,-0.029238511055981162,-0.027289237827062607,0.0010776504641398787,-0.007099646143615246,0.001774233765900135,-0.0004040497587993741,-0.0036985152401030064,-0.0007010335102677345,-0.028130656108260155,-0.0053454916924238205,-0.022322552278637886,-0.037928782403469086,-0.0003792308270931244,0.0002653677365742624,-0.0017623002640902996,0.0005079114343971014,0.002080808626487851,5.98433401312456,-0.025334423407912254,7.530173752456903e-05,0.015231432393193245,0.0018055103719234467,-0.006484086625277996,1.0,0.016999447718262672,-0.01709669642150402,-0.011159302666783333,1.0,7235.309330100209,-0.012094641104340553,-0.008013769052922726,0.00037785409949719906,0.3377605974674225,0.17591793835163116,-0.0015642917715013027,-0.012578416615724564,-0.011271852999925613,-0.007139206863939762,-0.004905472509562969,0.14476865530014038,0.5027317404747009,0.13522985178195704,-0.001035653636790812,0.0008835084736347198,-0.003882073098793626,-0.0009663666132837534,-0.01549176312983036,0.30410781502723694,-0.0010283722076565027,-0.05138353630900383,0.5308192697899387,-0.00028048024978488684,1.0,-0.009286187589168549,1.0,0.7127195596694946,-0.0011780036147683859,0.083794966340065,-0.0010586944408714771,-0.12199146300554276,-0.00043619057396426797,-0.0031753680668771267,-0.015076185576617718,0.09834846103203222,-0.008525808341801167,-0.00320692197419703,-0.0218647513538599,-0.006006299052387476,-0.019214794039726257,-0.08468103408813477,1.0,0.02,-0.0014940714463591576,-0.0005523067666217685,0.2407800853252411,1.0,-0.00567098380997777,1.0495140767574285,-0.006280361674726009,-0.001936072949320078,-0.030328555032610893,-0.029768045991659164,-0.00014374085003510118,-0.016060208901762962,-0.00771242193877697,0.3205246217548847,-0.01641041226685047,0.31335949843111244,-0.014822506345808506,-0.00019219302339479327,1.0,0.14541058242321014,-0.0025066037196666002,1.0,0.10899844142468179,-0.050615452229976654,-0.22448579967021942,-0.03302169218659401,-0.00040284357964992523,3.2480579952668838,-0.007428862154483795
24600,0.21058191877758534,0.10408075607129932,0.16785937230131923,-0.14216884989363485,0.2803716715914994,3.0017822338392137,0.11654999228881276,0.24948927711423574,-0.11176669247935728,0.11844386000361369,-0.05502126045599079,-0.21560491629786652,-0.00530539889314955,0.11227491149125063,0.12247582474480208,0.001171746462852008,0.056738414168228266,0.36810601825643213,0.11970746732163082,0.27740160867309116,0.5204499117729539,0.007961127334783411,0.1066934354953329,0.19884529317483307,0.7854966777763518,-0.029141323894750843,0.20445921531128886,0.5941287393119407,0.2584956180969585,0.08419991545318245,0.03162393279121616,0.13776467856246066,0.92949197382079,0.37486166930812337,0.08309903022639398,0.3694570880065105,-0.032014742493629456,0.000673821079544723,-0.00022473189164884388,-0.01863575167953968,-0.0007260317215695977,-0.0001880762865766883,-0.023442460224032402,-0.019785894080996513,-0.005920263007283211,-0.010436883196234703,-0.10886833071708679,-0.0028653484769165516,0.0007223666179925203,-0.0047002676874399185,0.0005937772220931947,0.00038977593067102134,5.052266225794357,-0.016355685889720917,-0.0036215479485690594,0.0029502701945602894,0.0015334647614508867,-0.0006559044704772532,1.0,0.019959449768066406,-0.002021145075559616,-0.008932528086006641,1.0,17643.185042858477,-0.03535625338554382,-0.009609872475266457,0.0003502691979520023,0.09508047997951508,0.11261638253927231,-0.0012461894657462835,-0.10037883371114731,-0.002730602864176035,-0.012408126145601273,-0.004673408810049295,0.2423872947692871,0.39613065123558044,0.32288535143403446,-0.001100827706977725,0.003012692555785179,-0.03955774009227753,-0.011481975205242634,-0.012566529214382172,0.2853160798549652,-0.002978305099532008,-0.0517229288816452,0.22425137109414037,-0.0002797229681164026,1.0,-0.02134757861495018,1.0,0.27628567814826965,-0.0026873869355767965,0.08305812440812588,-0.011628209613263607,-0.007733701262623072,-0.004488011356443167,-0.08382751047611237,-0.051760174334049225,0.37333236828867616,-0.013943950645625591,-0.0006964861531741917,-0.003394837025552988,-0.005348854698240757,-0.005786554422229528,-0.08280520141124725,1.0,0.02,-0.0004600392421707511,-0.0020858091302216053,0.1194329634308815,1.0,-0.0005434936610981822,1.1321817591782024,-0.0028089347761124372,-0.01246196124702692,-0.03617794066667557,-0.008029500022530556,-0.00032288534566760063,-0.002099925186485052,-0.019556356593966484,0.20687390118837357,-0.025036439299583435,0.09740801787017457,-0.006140486802905798,0.0003017343988176435,1.0,0.12774167954921722,-0.0029434359166771173,1.0,0.15326128660629068,-0.027096223086118698,-0.027659673243761063,-0.1184568926692009,-0.0017196964472532272,0.5370103686850998,-0.01358488667756319
24700,1.0740096861561992,0.13358299749717267,-0.07890610313751774,0.4924781868424546,0.5717388437412685,2.809410063411726,-0.0066408522159854145,-0.2464618842952179,0.14422682389133346,0.08948846269352023,0.031100332333468757,0.2329581174405656,0.19748492104836385,0.5437975798962165,-0.3452998248921739,-0.05454877810582491,0.041686709488037724,-0.43558537155451404,0.029204001165435204,0.18150944442349612,-0.23671246270831112,-0.137373400549809,0.33502053437564333,-0.27098478620631117,1.3666010951359986,-0.13651360435738538,0.28687731392295035,0.806860535127963,0.45579606178688703,0.002214952141231588,0.3601675087476251,0.008429145440726704,0.6684602915138654,0.25577120713691887,0.1288058364622292,-0.0116882617383526,-0.02495514787733555,0.0012936401180922985,-0.006321436259895563,-0.027987472712993622,-0.001288336468860507,-8.233377593569458e-05,-0.020734800025820732,-0.029676148667931557,-0.0006068397779017687,-0.007261286024004221,-0.1318105012178421,-0.007808049209415913,0.00033073173835873604,-0.004353022202849388,0.00037063955096527934,0.0007158109219744802,0.6041774380111429,-0.0004436466842889786,-0.00040629564318805933,0.0024976516142487526,0.0008607738418504596,-0.005977250169962645,1.0,0.02102571539580822,-0.013455299660563469,-0.002754285465925932,1.0,18573.503858670687,-0.045037124305963516,-0.0007028324180282652,0.0002849152369890362,0.10015571117401123,0.1604200303554535,-0.0015019321581348777,-0.08817925304174423,-0.014741295017302036,-0.000794120249338448,-0.001602842123247683,0.20920056104660034,0.5851778984069824,1.288716700670848,-0.006145676597952843,0.0018949732184410095,-0.040841955691576004,-0.010719586163759232,-0.004957837983965874,0.3941021263599396,-0.0010267792968079448,-0.03521563112735748,0.35428102169588366,-0.011359956115484238,1.0,-0.009149853140115738,1.0,0.4407700300216675,-0.0027839120011776686,0.08362858928740025,-0.01019724179059267,-0.01512022502720356,-0.005813244264572859,-0.0718497708439827,-0.009758288972079754,0.17600388492765182,-0.008032585494220257,-0.0021105173509567976,-0.005981952417641878,-0.0007356972200796008,-0.0013792936224490404,-0.07377965748310089,1.0,0.02,-0.0005973754450678825,-0.0002430890453979373,0.1766285002231598,1.0,-0.006653213407844305,0.8885522566163119,-0.008385413326323032,-0.008594261482357979,0.0065847719088196754,-0.002953354734927416,-0.0022285578306764364,-0.0048784613609313965,-0.012803967110812664,0.2768457159399986,0.0103449746966362,0.10671058605308026,-0.005923175252974033,-0.0013871416449546814,1.0,0.14831086993217468,-0.0044691902585327625,1.0,0.1573055603927103,-0.04200131446123123,-0.00423179566860199,-0.18068693578243256,-0.0003431763034313917,1.506196901825479,-0.007975362241268158
24800,0.9190496133409006,0.1812484844752097,-0.0063757778246838585,0.19694173545474047,0.41688341300241133,1.7497679001287205,0.17273234947599847,0.13135635107095103,0.4668442902870234,0.27625464035474634,0.03985258801786052,0.559988323095828,0.023799968563989058,0.35599000018604954,0.4809140704426039,0.15585776757192066,0.10384928440558772,0.2631034757921532,0.0626881608301752,0.17557570048450752,0.3239625523293962,0.1471399590560891,0.2447097653801726,0.41788939199607383,1.0712984954153726,0.244884734013468,0.21728133502253014,0.922784725420303,0.4198946000283106,0.13766246898639165,0.20213774334574083,0.1553387829121806,0.8566033508278994,0.1938308801722262,-0.06638737318583235,0.20922267139020712,-0.003638544585555792,0.0010468373075127602,-0.0007540141232311726,-0.004863941576331854,-0.0005465727299451828,-0.004128940403461456,-0.004875354468822479,-0.02583087608218193,-5.2472081733867526e-05,-0.004063007887452841,-0.12635986506938934,-0.022789854556322098,0.00023014735779725015,-0.003380656009539962,0.0007936130277812481,0.00045208216761238873,1.2151953318587188,-0.008675618097186089,-0.0011605049949139357,0.0023870468139648438,0.0012644941452890635,-0.0008746112580411136,1.0,0.02230224385857582,-0.009890459477901459,-0.0043221889063715935,1.0,10918.333958543843,-0.061097800731658936,0.00014320819173008204,0.0002972758957184851,0.10821046680212021,0.12552475929260254,-0.0019108217675238848,-0.09289345890283585,-0.02438640035688877,-0.06969336420297623,-0.0018335254862904549,0.17012053728103638,0.5515933632850647,1.076271051551624,-0.0008484228746965528,-0.000626835972070694,-0.02606070786714554,-0.011878334917128086,0.004063732922077179,0.2907106578350067,-0.001835731789469719,-0.03094162419438362,1.0608218382167236,-0.001575568923726678,1.0,0.0013529583811759949,1.0,0.44622838497161865,-0.0012183841317892075,0.08569715172052383,-0.008470150642096996,-0.028538959100842476,-0.005712923128157854,-0.0783659964799881,-0.48464900255203247,0.16596634033578728,-0.010517549701035023,-0.0009939406299963593,-0.010287250392138958,-0.0014008358120918274,-0.0075965807773172855,-0.08707787096500397,1.0,0.02,-0.0031583451200276613,-0.0013417941518127918,0.18439708650112152,1.0,-0.021176572889089584,0.9601032363201684,-0.006525516510009766,-0.0030344498809427023,-0.0025732312351465225,-0.042183615267276764,-0.0017358810873702168,-0.003135848790407181,-0.0038378173485398293,0.2647148361429572,-0.03470476716756821,0.22470246315914275,-0.0013313617091625929,-0.001495740725658834,1.0,0.24093343317508698,-0.0033260241616517305,1.0,0.2682647572039439,-0.03506132960319519,-0.015029266476631165,-0.024444421753287315,-0.0013683123979717493,1.144723411785526,-0.006036360282450914
24900,0.2709746416862999,0.11955798954108504,-0.06496302155098635,0.14380174027046527,-0.20426526797056738,4.770251630417362,0.10824891214082932,0.10935178630735468,0.14916310778579178,0.16179197164105846,0.35133576503668373,0.37923132337441556,0.08001630252300829,0.6933881680517463,-0.05926054849864075,0.49971797853900934,-0.1438667456293219,0.1291728302339857,0.13560707298123917,-0.12284727100616322,0.12017177124319117,0.18811643952512405,0.3698952472126762,-0.3776922516282782,1.5806361893318193,-0.07744778846286683,0.4773904865868433,0.46781782902799207,0.041788888959886306,0.024966994838372204,0.27061330533168815,-0.1672863088037813,1.7045612065690678,0.25251774267328614,0.283963803231745,-0.3253800720893179,-0.006921389140188694,0.000945018429774791,0.00043023028410971165,-0.010129418224096298,-0.0004130760789848864,-0.009137339890003204,-0.022580862045288086,-0.0063383812084794044,-0.0003962009504903108,-0.008313851431012154,-0.049742214381694794,-0.0004232269711792469,0.000241927889874205,-0.006507832556962967,0.0012315302155911922,0.0008792057633399963,4.485456849240463,-0.03290671855211258,-0.003920082934200764,0.004806963261216879,0.002516116015613079,-0.00028085586382076144,1.0,0.02987368404865265,-0.009724967181682587,-0.00871170125901699,1.0,83601.13870305425,-0.007241431623697281,-0.00212230090983212,0.0001991660101339221,0.14385579526424408,0.08386389166116714,0.0005734394071623683,-0.0256346482783556,-0.012359928339719772,-0.10192373394966125,-0.0037979627959430218,0.12468931823968887,0.5542161464691162,0.1874639849323646,-0.0017092113848775625,0.010005652904510498,-0.02470751293003559,-0.0007800760213285685,-0.02033904567360878,0.10095635801553726,-0.003036916721612215,-0.08735840767621994,0.4116555341330625,4.213070496916771e-06,1.0,-0.036994583904743195,1.0,0.3209603726863861,-0.002714236732572317,0.08299597166478634,-0.004177143331617117,-0.12290408462285995,-0.0007012911955825984,-0.027600178495049477,-0.44226861000061035,0.34531417276444026,-0.008813115768134594,-0.0008775265887379646,-0.012584223411977291,-0.00014956016093492508,-0.006022557150572538,-0.064787358045578,1.0,0.02,-0.0034558975603431463,-0.006070281378924847,0.08145833015441895,1.0,-0.0036709767300635576,1.826660114936226,0.0016987663693726063,-0.00876435823738575,-0.006289839744567871,-0.0599505677819252,-0.0013562362873926759,-0.008032836019992828,-0.005062148906290531,0.18942091893404722,-0.016874946653842926,0.19517006099649317,-0.0006059951847419143,-0.00021638910402543843,1.0,0.10536713898181915,-0.0026809005066752434,1.0,0.13610854597356103,-0.007904794067144394,-0.28117653727531433,-0.01971711590886116,-0.00431595416739583,2.244404718318272,-0.017881179228425026
25000,0.07058276732339343,0.04545350013489197,0.2306946749991527,0.10905157042224783,-0.24248276360251056,4.622758653976108,0.08006008813459348,-0.03041096389349216,0.031613302302026525,0.07666386009774627,0.2293587103416911,0.002988245341686388,0.002659634697569525,0.37719679831671604,0.03361813276630676,0.46195751031628274,-0.0433963947578268,0.601901626031776,0.2641074112985026,0.03512713675368953,-0.18864186835339664,-0.046191594416770176,0.2955063402820974,-0.09242083407184777,0.36068463165125014,0.06024582578510626,0.03889282684656857,0.18812990524795295,0.20235865229838987,0.07813940935317862,0.3555352220281307,0.05666461871264515,0.7678025359729543,0.09851676723030765,-0.0366401907600343,-0.038214722780641586,-0.005489775910973549,0.00071173463948071,-5.068373866379261e-05,-0.021829422563314438,-0.0013182498514652252,-0.0003953338600695133,-0.02540959045290947,-0.0236806720495224,-0.0004506076220422983,-0.0044471826404333115,-0.13469766080379486,-0.0051534222438931465,0.00018373527564108372,-0.003721605520695448,0.0004828202072530985,0.0004918224876746535,5.232219966871399,-0.038302745670080185,-0.006249511614441872,0.0016866291407495737,0.0010380507446825504,-0.0005782833322882652,1.0,0.046098049730062485,0.03467707335948944,-0.017996061593294144,1.0,24929.012365686714,-0.017157185822725296,-0.004293859004974365,0.00021072081290185452,0.1102171391248703,0.20602606236934662,-0.0006385529413819313,-0.07360344380140305,-0.0018029462080448866,-0.0443669818341732,-0.0026479095686227083,0.12914705276489258,0.3213891088962555,0.12557594997071073,-0.000673320610076189,0.0224728025496006,-0.04326646775007248,-0.008694671094417572,0.020351411774754524,0.2900475561618805,-0.0018838318064808846,-0.049864985048770905,0.2506987726613049,-0.0004935174365527928,1.0,-0.01322537288069725,1.0,0.46849697828292847,-0.0021017089020460844,0.08385349996387959,-0.009947932325303555,-0.007803761400282383,-0.0014437359059229493,-0.06382843106985092,-0.14292769134044647,0.05274507961599348,-0.008612187579274178,-0.0008004155242815614,5.7498516980558634e-05,-0.004187903832644224,-0.003601860487833619,-0.031615469604730606,1.0,0.02,-0.003596039256080985,-3.3199088647961617e-05,0.12207706272602081,1.0,-0.00428007822483778,0.8996340625283978,-0.001832054927945137,-0.010550647974014282,0.03414412587881088,-0.01667425036430359,-0.0010547023266553879,-0.003426235867664218,-0.00588205736130476,0.23003939352929592,0.01046755164861679,0.07667259958259436,-0.0012419616105034947,-0.0002511381171643734,1.0,0.1929141879081726,-0.0016741376603022218,1.0,0.1372087662450132,-0.029578913003206253,-0.0076851206831634045,-0.021535934880375862,-0.0006685461848974228,0.6709732988142124,-0.00866333395242691
25100,0.9013840044651673,0.19292168249969152,0.09418549012168168,0.204368752243585,-0.10555270941171035,2.946293949342859,0.2508954081033681,0.282581424077878,0.2618116190031864,0.17420416541286524,0.1782965103172323,0.3571535135076096,0.039473135474915266,0.4934271847697987,0.13023056568957386,0.5012588808453444,-0.1184509702785609,0.2975347225429,0.23088814597650706,0.3305035925056432,0.1570951196366734,0.22052115885216256,0.41140070563268516,0.06192738627051879,1.7381740096401936,0.08259909092497626,0.24199963345851927,0.7662112464399424,-0.0655379074882833,-0.07954914562693528,0.3525052571078606,-0.1613299106466474,0.8733575329985105,0.13631124388064253,-0.018012231982615055,-0.056250147746870746,-0.02361334301531315,0.0014548462349921465,1.4713499695062637e-05,-0.03437454253435135,0.00040691671893000603,-0.0019758734852075577,-0.012344052083790302,-0.013194886967539787,-0.0007871470879763365,-0.006501185707747936,-0.04496129974722862,0.00043036811985075474,0.00021633808501064777,-0.007344352081418037,0.0003255820192862302,0.0007710345089435577,3.9974981811869332,-0.027940798550844193,-0.01053533237427473,0.0036966311745345592,0.001344718737527728,-0.00018241454381495714,1.0,0.012968034483492374,0.009220533072948456,-0.0005800350336357951,1.0,121022.5448495069,-0.008763200603425503,-0.007000954356044531,0.000328914204146713,0.23194891214370728,0.2494380921125412,-0.0002513874787837267,-0.03519241139292717,-0.0023200330324470997,-0.01381008606404066,-0.009203263558447361,0.15040472149848938,0.41647249460220337,0.9505817376119653,-0.0026170338969677687,0.0004231119528412819,-0.041078440845012665,-0.013178389519453049,-0.015669602900743484,0.12680447101593018,-0.0022184569388628006,-0.06791826337575912,0.2302118512685462,-0.0019519638735800982,1.0,-0.020074427127838135,1.0,0.48065778613090515,-0.0018939473666250706,0.08400890044867992,-0.005767826922237873,-0.01876360923051834,-0.0011339918710291386,-0.03348259627819061,-0.06655371189117432,0.17279008971041154,-0.00865105353295803,-0.0013157034991309047,-0.0003765403525903821,-0.007132898084819317,-0.01587393879890442,-0.09005733579397202,1.0,0.02,-0.003954370506107807,-0.007783250883221626,0.11394371092319489,1.0,-0.0006531663239002228,0.9117768038084114,-0.0036974840331822634,-0.011219731532037258,0.006258195731788874,-0.030669517815113068,-0.0013813436962664127,-0.004270399454981089,-0.0030783687252551317,0.23076969385147095,-0.02401481568813324,0.21374318101865114,-0.0026912360917776823,-0.00042198074515908957,1.0,0.07648736238479614,-0.0032969359308481216,1.0,0.22536031282259483,-0.019019709900021553,-0.02534814551472664,-0.0201495960354805,-0.008165888488292694,2.444010006140814,-0.008069522678852081
25200,0.11358691026252228,0.12276883680234052,-0.0871441590856642,-0.03086421755591249,0.4252267226632795,3.37604394190123,0.3781853098230058,0.22337757555428692,-0.0802735131216992,0.2725404919203881,-0.03484160882213977,0.5109292305841477,0.29211037098581694,0.5742999952814414,-0.11604538711829379,0.08746714553633769,-0.03006912925261515,0.5409776281334515,-0.019713523661121057,0.11539719037265372,0.49546927153712494,0.354856464117604,0.22722835962322743,0.20529831873828272,1.0644081822308773,0.39741748294522933,0.3311075872705941,-0.21091193570365258,-0.2252288273999701,-0.055734631327815594,0.27603918289261353,0.1867211166474409,0.606863771433749,0.09431241948388294,0.2501074447768682,0.16460540435748344,-0.0065145851112902164,0.0006045990157872438,-0.0029394773300737143,-0.027223486453294754,-0.0004382373299449682,-0.00089349813060835,-0.0044945660047233105,-0.0533205009996891,-0.0031499003525823355,-0.0032647091429680586,-0.04602567106485367,-0.03179663419723511,0.00017357799515593797,-0.006551562342792749,0.0009858089033514261,0.0005324597586877644,3.502935178403907,-0.0038578901439905167,-0.009587914682924747,0.003992801997810602,0.000724869198165834,-0.003969360142946243,1.0,0.013908883556723595,-0.012991009280085564,-0.0050534578040242195,1.0,27736.73812874718,-0.004441135562956333,-0.010843755677342415,0.0002637112629599869,0.23584166169166565,0.06296761333942413,-0.0041506532579660416,-0.07839810103178024,-0.028023676946759224,-0.01404491811990738,-0.004493608605116606,0.06603191792964935,0.3528651297092438,0.2843025378036211,-0.0009329668246209621,-0.012026900425553322,-0.0270665492862463,-0.010774493217468262,-0.004443181678652763,0.4321615695953369,-0.0016979547217488289,-0.012022776529192924,0.4049689962651383,-0.001649017445743084,1.0,0.002169564366340637,1.0,0.4197833836078644,-0.0007215859368443489,0.08403189852833748,-0.008871243335306644,-0.0242930855602026,-0.0005431115860119462,-0.06509091705083847,-0.042335379868745804,0.08634201071273218,-0.005620106123387814,-0.0022130038123577833,-0.009764413349330425,-0.006050285417586565,-0.0029467272106558084,-0.08043152838945389,1.0,0.02,-0.0005317085306160152,-0.004647410474717617,0.12933817505836487,1.0,-0.027144690975546837,0.8151402343036921,-0.0026027271524071693,-0.002988496795296669,-0.020403185859322548,-0.009652366861701012,-0.0013103620149195194,-0.007240619044750929,-0.013385784812271595,0.26080408692359924,-0.004353702068328857,0.15470153315396817,-0.001559925964102149,-0.00031511823181062937,1.0,0.3874432444572449,-0.0029753264971077442,1.0,0.24328563952825713,-0.07883506268262863,-0.02126947045326233,-0.06568177044391632,-0.008087238296866417,1.514989596227809,-0.0025667345616966486
25300,0.2703812502304725,0.11951657493232934,-0.023061213836897555,0.17313896629495085,0.36113498054414406,4.706750154092508,0.020179152487191463,0.3151121397337252,0.15722991761955385,0.12281080697734702,0.10570606383499712,0.45371919277790407,0.01563222907998417,0.6027677061005449,0.1135905907775238,0.3955457662059507,0.05741477921348449,0.43948571002437586,0.1464549245809168,0.09915344398195197,0.41516003134698654,0.2223165060733259,0.2423881169952799,0.2662178703163382,0.46932436000278754,0.0644374159540612,0.09786274815681212,0.2729742546917221,0.019344661584384602,0.10663905440559063,0.31172010083404483,0.34092800739913054,1.2257022653350338,0.0987121769247855,0.34989055605838715,0.33297993458576886,-0.014348912984132767,0.0006743115955032408,-0.0025742934085428715,-0.02798561379313469,-0.0002284211223013699,-0.000632172217592597,-0.027820132672786713,-0.013402503915131092,-0.0007796910358592868,-0.0037035667337477207,-0.03076150268316269,-0.02488137036561966,0.0002432043111184612,-0.003658545669168234,0.0007053050212562084,0.0005621382733806968,3.399411234466667,-0.013645917177200317,-0.012481052428483963,0.0028433063998818398,0.0018506859196349978,-0.0024634352885186672,1.0,0.04323523864150047,-0.010981377214193344,-0.002424333244562149,1.0,35252.61048273217,-0.010946054011583328,-0.00728466035798192,0.00022958069166634232,0.167140930891037,0.06898696720600128,-0.0032591931521892548,-0.10015009343624115,-0.005258805118501186,-0.010534175671637058,-0.006568579003214836,0.13017910718917847,0.3169148564338684,0.3858449729762135,-0.003344965633004904,0.005893465131521225,-0.010229244828224182,-0.0008417485514655709,0.010079365223646164,0.10655474662780762,-0.0016202147817239165,-0.07707415521144867,0.28515794889930896,-0.004877389874309301,1.0,0.033346161246299744,1.0,0.414267897605896,-0.0019944612868130207,0.08219847269356251,-0.009525282308459282,-0.014458303339779377,-0.0009470744989812374,-0.08205493539571762,-0.028522873297333717,0.08081614590542308,-0.008136571384966373,-0.0015832316130399704,-0.004787448327988386,-0.005546266213059425,-0.002363266423344612,-0.035164374858140945,1.0,0.02,-0.0014026120770722628,-0.006923609878867865,0.10775596648454666,1.0,-0.022107411175966263,1.5474845722246526,-0.0038918969221413136,-0.0036131858360022306,-2.0120292901992798e-05,-0.002059313002973795,-0.0011671961983665824,-0.007010066881775856,-0.01055348850786686,0.17583398800343275,0.03130073845386505,0.12434994730667823,-0.0008928384631872177,-0.0004100557416677475,1.0,0.09487143158912659,-0.00048430601600557566,1.0,0.062471895341784135,-0.02213733270764351,-0.004858467262238264,-0.06746087968349457,-0.0104345278814435,0.5098037241562999,-0.007496960926800966
25400,0.06781417268030349,0.2247688586672733,0.1426371917249503,-0.17538791672550103,-0.135405730327592,1.1447272332710026,0.1097681002518572,0.15509045028561136,-0.08866022415831709,0.11776784982882214,0.018864764500090524,-0.22600412890365662,0.12292408084073633,0.379262742915209,-0.0706736544436947,-0.18915270768089495,-0.03160332697254367,0.15496720996430052,0.16959444733556656,0.07463142554139428,-0.007925866949417198,-0.31892464145503296,0.29893910052027445,0.015866614890253677,1.0129311625454436,0.14874290608526486,0.020285956474470603,0.1406765369163894,0.09157761865032393,-0.009108645628397881,-0.0777668622547738,-0.02999421930611603,0.8190010638505851,0.11222451183311141,0.27875193802123327,0.26014905220129875,-0.013830514624714851,0.0007080745999701321,-5.506764864549041e-05,-0.0007098587229847908,-0.0006551133119501173,-0.0006400735583156347,-0.0007815160788595676,-0.012664795853197575,-0.0008637879509478807,-0.0020322753116488457,-0.11618462949991226,-0.020440474152565002,0.00018826316227205098,-0.005060240626335144,0.00031205255072563887,0.0004042884102091193,2.1937224891130085,-0.00190792977809906,-0.0007238230318762362,0.0014907384756952524,0.0011819459032267332,-0.0001443676883354783,1.0,0.006734710186719894,-0.012029360979795456,-0.0143390828743577,1.0,961.4177620859355,-0.004912153817713261,-0.0010238575050607324,0.0004158542724326253,0.1463679075241089,0.16279342770576477,-0.0005285097286105156,-0.07581841945648193,-0.02944425493478775,-0.028103210031986237,-0.0012807267485186458,0.06919246166944504,0.37571221590042114,0.14824030973554503,-0.002239528112113476,-0.002229725942015648,-0.006548703648149967,-0.0020630015060305595,-0.0076638562604784966,0.2078283131122589,-0.00015463476302102208,-0.03440793231129646,0.4575899380844259,-0.002876916201785207,1.0,-0.01844499446451664,1.0,0.2931285500526428,-0.0018751068273559213,0.08294015750288963,-0.012359879910945892,-0.018635069951415062,-0.0007715920219197869,-0.07002507150173187,-0.21308232843875885,0.09507062682693855,-0.008197730407118797,-0.00033268111292272806,-0.0174416471272707,0.00013449741527438164,-0.005277412477880716,-0.10577519237995148,1.0,0.02,-0.001204317552037537,-0.0025196087080985308,0.12811195850372314,1.0,-0.020504580810666084,0.8895103408515084,-0.003238663775846362,-0.0007490001153200865,-0.018619313836097717,-0.009364382363855839,-0.0015404263976961374,-0.0002462479751557112,-0.016044162213802338,0.20113566052168608,-0.05675845220685005,0.2009939444911445,-0.0016700482228770852,-0.00015478380373679101,1.0,0.2259504497051239,-0.002292168326675892,1.0,0.10963714705289389,-0.016470350325107574,-0.008153109811246395,-0.11790429800748825,-0.0022977462504059076,1.019655835189919,-0.00510655390098691
25500,0.6757041790810661,0.1842994552561992,-0.020668067386429196,0.11695783716740478,0.20909797855223095,0.9105071040272937,0.0781709240455863,0.21744934352751438,0.12369682611199569,0.27764596058842794,0.17520340774375137,0.32262521602438254,0.09596001784286622,-0.16675054012365118,0.2059551457649861,0.401147229735395,-0.13550972653929882,0.5146603357873023,0.021544971244735384,-0.03575636880686308,0.1528943678729787,-0.061823404694846235,0.4060018025457196,0.2615620842992048,0.818412242222735,0.2618735966594129,0.2928264010021326,0.5052562175954445,0.19091576516640635,0.11416113041582948,-0.0024239612106518246,0.09234702186502866,2.151587704883528,0.23672631534387678,-0.0868047814420597,-0.32003002028593575,-0.005289437714964151,0.0010114549659192562,-0.00010431534610688686,-0.0043056681752204895,-7.741525769233704e-05,-0.006631430704146624,-0.01821441389620304,-0.0031055579893290997,-0.005716799758374691,-0.0004409290850162506,-0.027588024735450745,-0.014166923239827156,0.0004795267595909536,-0.004457371309399605,0.0008230042876675725,0.0007445678347721696,0.945821190561813,-0.02985297329723835,-0.001969750504940748,0.004465118050575256,0.004638547543436289,-0.0004450555134098977,1.0,0.007787598762661219,-0.003901421558111906,-0.0027979002334177494,1.0,46661.30922005037,-0.006106096785515547,-0.0014927595620974898,0.0004540102381724864,0.3657582998275757,0.14886288344860077,0.002936550183221698,-0.09729226678609848,0.001874926034361124,-0.037349406629800797,-4.257221007719636e-06,0.12547624111175537,0.4694221615791321,0.774671871041065,-0.0017495014471933246,-0.00278980890288949,-0.03372272849082947,-0.00468983082100749,-0.01272360049188137,0.3182012140750885,-0.0024863691069185734,-0.06188628450036049,0.181705702531551,-0.0009544523782096803,1.0,-0.048408374190330505,1.0,0.4262208938598633,-0.0012344351271167397,0.08358464017510414,-0.008583007380366325,-0.015211937949061394,-0.001036589266732335,-0.07593924552202225,-0.09162668883800507,0.22469237931591224,0.0025187968276441097,0.0002539471024647355,-0.0002499707043170929,0.0021468636114150286,-0.017809579148888588,-0.10515649616718292,1.0,0.02,-0.0026142329443246126,-0.00029208569321781397,0.16098780930042267,1.0,-0.004738940391689539,2.259978079670441,-0.004085476975888014,-0.010385984554886818,-0.025396449491381645,-0.09409397095441818,-0.002282684203237295,-0.004040049389004707,-0.006339473649859428,0.2888431064784527,-0.022664310410618782,0.22633639433101016,-0.0007278580451384187,-0.00045207719085738063,1.0,0.2958153486251831,-0.0007617927622050047,1.0,0.3102217659867276,-0.005045353434979916,-0.04289684444665909,-0.039905041456222534,0.0009834249503910542,1.2175033619403526,-0.008744681254029274
25600,0.3973736360114616,0.11475437133015678,0.11734926243786045,0.19731021634450938,-0.6333934607759829,1.2574320283659461,-0.17087358935019462,-0.3946492647998604,0.044320360672811566,0.3574606770129145,0.053388157220003445,0.49549692363058995,-0.018366085575535193,-0.20424471570052702,-0.09354965506768873,0.33125251113384774,0.013486441715727607,0.06783456040843669,0.04851699216814738,-0.12893169237012844,0.5394482405662894,0.24564863933511694,0.3039967410362395,0.10529158032126408,1.8041720624821826,0.17413090945109194,0.2377222602115558,-0.09112396389666196,0.06642692159177013,-0.04658620205146215,-0.023947566399795846,-0.20187573194649888,0.3682389863390795,0.20664184555289816,0.043725773161856774,0.027146089247533207,-0.03191176429390907,0.0009026983752846718,-0.0011188134085386992,-0.001435527577996254,-0.00048003613483160734,-0.0008072074269875884,-0.014451536349952221,-0.05218018591403961,-7.59676331654191e-05,-0.019142070785164833,-0.08464612811803818,-0.006749666761606932,0.00029534182976931334,-0.0027915688697248697,0.00042523103184066713,0.0008641140884719789,2.2177157504141687,-0.016108740121126175,-0.0034116189926862717,0.003938157577067614,0.0004801654431503266,-0.0023230889346450567,1.0,0.005610369145870209,-9.671226143836975e-05,-0.0023222172167152166,1.0,4970.488464783635,-0.004062840715050697,-0.0003796927921939641,0.0002809480356518179,0.07885374128818512,0.18067526817321777,-0.0006785144796594977,-0.08136006444692612,-0.008657464757561684,-0.03379809856414795,-0.007380377501249313,0.13957002758979797,0.44085946679115295,0.27846405419012504,-0.005638004746288061,-0.003065641038119793,-0.040122952312231064,-0.012851015664637089,-0.016635838896036148,0.1655210256576538,-0.0021131013054400682,-0.006323537323623896,0.5516489841638003,-0.010850165039300919,1.0,-0.0031449301168322563,1.0,0.37009450793266296,-0.003900565905496478,0.083295788615942,-0.006830081809312105,-0.019801262766122818,-9.04903863556683e-05,-0.06293027848005295,-0.2899073362350464,0.25404258874071406,-0.01798216812312603,-0.0007454388542100787,1.363398041576147e-05,-0.0005752822617068887,-0.0082977544516325,-0.10433415323495865,1.0,0.02,-0.0005084120202809572,-0.0031363503076136112,0.1979704052209854,1.0,-0.007773326709866524,0.6235543374494986,-0.003913901746273041,-0.006443720310926437,-0.004789745435118675,-0.023325568065047264,-0.0025833728723227978,0.0015869222115725279,-0.009219040162861347,0.21562970243394375,-0.050418395549058914,0.13905696292837771,-0.007676844019442797,-5.222752224653959e-05,1.0,0.15149317681789398,-0.0010389185044914484,1.0,0.4225001361264731,-0.055281929671764374,-0.00787597056478262,-0.07103774696588516,-0.002558321226388216,1.824394744235018,-0.0032456088811159134
25700,0.3115065876406316,0.05748638786965053,0.1517558724269706,0.1739744993427724,0.057305733160364435,3.6468978752205223,-0.04818444829784986,0.025601281912161575,0.06437148423576723,0.18190881471009812,0.3517459899751161,0.02807431071944582,-0.12199534580063669,0.6783567576705543,0.27241720692345506,0.510674486209216,0.16572787023994578,0.24203058179881767,0.09902186335668253,-0.10634549281636974,0.32141478716214,0.04654701631862447,0.5126524168009626,0.3453498457134068,1.3899542201347022,0.02323332059918207,0.4152899247418107,0.618188105618533,0.14580919475708665,0.11540175229143537,0.17455415926070217,0.12108570263099541,1.5327816451411456,0.23040289085389604,0.24881893959154658,0.3818192162719711,-0.025232868269085884,0.000791683210991323,-0.0016825173515826464,-0.0029752980917692184,-0.002960279118269682,8.7594089563936e-05,-0.005919800605624914,-0.004534927662461996,-0.00027111824601888657,-0.007251796778291464,-0.13365525007247925,-0.004641653038561344,0.0006230078870430589,-0.003523140447214246,0.0005348544800654054,0.0007234865333884954,4.099430654895796,0.000134151428937912,-0.008726549334824085,0.002665293402969837,0.0033659921027719975,-0.00012246087135281414,1.0,0.019203651696443558,0.01243156660348177,-0.008644131943583488,1.0,55999.17759346671,-0.034854061901569366,-0.0014665656490251422,0.00019284604059066623,0.3607189655303955,0.07416750490665436,-0.0012461976148188114,-0.07969682663679123,-0.012296083383262157,-0.1338605284690857,-0.004382424987852573,0.07128126919269562,0.3223751187324524,0.37386318107556904,-0.0012459495337679982,0.006248893216252327,-0.019325781613588333,-0.006652055308222771,0.0010513141751289368,0.2130315750837326,-0.0027684448286890984,-0.030726434662938118,1.1331670134965441,-0.0012288459111005068,1.0,-0.009722383692860603,1.0,0.5523141622543335,-0.0019956878386437893,0.08495232835412025,-0.009480045177042484,-0.006044698879122734,-0.0034496344160288572,-0.0758754163980484,-0.4666600227355957,0.19182640129695325,-0.003986011259257793,-0.0009070296073332429,-0.010959161445498466,-0.011384716257452965,-0.0005613563116639853,-0.08202183246612549,1.0,0.02,-0.00033355201594531536,-2.4687673430889845e-05,0.15977086126804352,1.0,-0.0038300268352031708,1.5915127636351694,-0.01081191748380661,-0.002389544155448675,0.012556113302707672,-0.0025772731751203537,-0.0007579211378470063,0.0013729565544053912,-0.006969078443944454,0.24169182404875755,-0.024188194423913956,0.08456032851274961,-0.004387496039271355,6.360019324347377e-05,1.0,0.17987513542175293,-0.002593446522951126,1.0,0.15469091636209575,-0.0037301145493984222,-0.005044928751885891,-0.021726097911596298,0.0009928357321769,1.340425853638103,-0.0053442418575286865
25800,0.08069934093910015,0.16899111045896123,0.03098610542918257,0.06186877847558222,0.13436318499646238,0.4551455940470109,0.3579559271628697,0.22440386540358717,-0.22590662964366393,0.18377243811830518,0.04711643623085043,0.4039070835208761,-0.0632653792431836,0.08913110636437148,0.13777926059208037,0.25885166833826706,0.018178648077807873,-0.14445945662261855,0.06953794185916091,-0.1135213327325375,0.06991002846735346,-0.037698888571971956,0.4113812611701158,-0.15040425229008658,0.293922130564363,0.1655399906847404,0.2447830147043963,-0.20589486693832817,-0.2926080199119342,0.07084124735945209,0.27529712843727006,0.04848267237516353,0.4506443868594217,0.24027674956121087,0.06865150290745187,-0.08549769924294998,-0.027146903797984123,0.0004565046401694417,-0.003211531089618802,-0.011837806552648544,-0.0010324515169486403,-0.0017865125555545092,-0.012588556855916977,-0.05181633681058884,3.4768047044053674e-05,-0.003633890999481082,-0.05028953775763512,-0.017265141010284424,0.0004254956147633493,-0.004365038126707077,0.0003793781506828964,0.0004918509512208402,2.879389641878254,-0.010665456764400005,-0.007001806981861591,0.0017883966211229563,0.0007976736524142325,-0.0028314986266195774,1.0,0.01464079599827528,0.00015966594219207764,-0.018535234034061432,1.0,342.0376751045211,-0.010543130338191986,3.195594763383269e-05,0.00030977302230894566,0.033960409462451935,0.10033483803272247,-0.0007821453618817031,-0.059746138751506805,-0.004370401613414288,-0.15054820477962494,-0.001968624070286751,0.09982918202877045,0.3324353098869324,0.14465893835598057,-0.002687852131202817,-0.0033579329028725624,-0.037996504455804825,-0.010989190079271793,-0.005645775236189365,0.16598570346832275,-0.0015568638918921351,-0.003522211220115423,0.5457085080233665,-0.0011818832717835903,1.0,0.0010804599151015282,1.0,0.19381310045719147,-0.002789848716929555,0.08330349251627922,-0.008184990845620632,-0.02317550592124462,-0.0017527162563055754,-0.047787122428417206,-0.42647334933280945,0.19219280891360493,-0.008981268852949142,-0.0024230715353041887,-0.0026284893974661827,-9.742687689140439e-05,-0.019291961565613747,-0.09055282175540924,1.0,0.02,-0.0006494988338090479,-0.0004180745454505086,0.16130077838897705,1.0,-0.011118093505501747,0.6494819854838582,-0.005027946550399065,-0.004430640954524279,-0.012644416652619839,-0.016669735312461853,-0.0013497001491487026,-0.002864865818992257,-0.00889015942811966,0.1543489759787917,-0.042744409292936325,0.19648519288772018,-0.0038480106741189957,-3.2208918128162622e-06,1.0,0.1471324861049652,-0.0021774289198219776,1.0,0.27761394115037236,-0.06632677465677261,-0.01958104595541954,-0.02312225103378296,0.00023923174012452364,0.21681989623648448,-0.004384488333016634
25900,0.19787865016662032,0.07313104523625487,0.13924083454798777,0.33015800096320475,0.34094935729316195,3.376368453310377,0.032444101299835895,0.4527422445796184,-0.06181510021564998,0.5274990642278756,-0.10824379372234573,-0.17315455362637325,0.1730180310380956,0.2838435968666767,0.2847823023251441,0.10638936172771271,0.07743433590609995,0.36943381968328726,0.0631928687123344,0.29748881898559076,0.5622968524965244,0.3675346107798602,0.29645148619758227,0.1291366713515879,0.3449538450069793,0.5257477184952177,0.27484054839790983,0.8772933545392689,0.2659384955520548,0.032879410544901164,0.24091416585955852,-0.052218216530454914,1.1738758082776624,0.23047356332293134,0.11523535515743534,0.29529421134359146,-0.03230626881122589,0.0004136060015298426,-0.000773677951656282,-0.010780369862914085,-0.0013833304401487112,-0.0007355911075137556,-0.008504622615873814,-0.012448101304471493,-0.003805979620665312,-0.010914741083979607,-0.09166839718818665,-0.0011010877788066864,0.00028883019695058465,-0.0033760967198759317,0.0009821150451898575,0.0004948691930621862,2.541642712504749,-0.0063309744000434875,-0.004731370136141777,0.0009598571341484785,0.0019505852833390236,-0.0022295762319117785,1.0,0.01526021957397461,0.0019519813358783722,-0.004833689425140619,1.0,37726.00429226656,-0.07523344457149506,-0.00946066714823246,0.0001637509703869,0.32556113600730896,0.17018304765224457,-0.0031573199667036533,-0.08974040299654007,-0.007402162998914719,-0.01240082923322916,-0.003495370503515005,0.16856835782527924,0.3975580334663391,0.3086728692870783,6.354355718940496e-05,-8.859578520059586e-05,-0.03403940051794052,-0.01255408488214016,-0.011317048221826553,0.578169047832489,-0.00178435817360878,-0.0736110508441925,0.42903149471854607,-0.0029885899275541306,1.0,-0.014133056625723839,1.0,0.7096719741821289,-0.0016422411426901817,0.08651917055249214,-0.011599184013903141,-0.020479945465922356,-0.008839109912514687,-0.07963024079799652,-0.04123299941420555,0.20801353127032265,-0.011029344983398914,-0.002190512837842107,-0.0012817590031772852,-0.003088617231696844,-0.007355629466474056,-0.08484718203544617,1.0,0.02,-0.0011537186801433563,-0.0015671001747250557,0.1902734637260437,1.0,-0.0014244378544390202,1.5169937089778494,-0.0015606759116053581,-0.007977758534252644,-0.04820672422647476,-0.003013934474438429,-0.002137435832992196,-0.0031393596436828375,-0.023537496104836464,0.36150484159588814,-0.013101818040013313,0.15873288353860515,-0.005330541171133518,-0.0017038423102349043,1.0,0.3520536720752716,-0.004353078082203865,1.0,0.5171115634185363,-0.016731182113289833,-0.15934523940086365,-0.12205919623374939,-0.0017226508352905512,0.4529455476397259,-0.008005431853234768
26000,0.42459553001727435,0.22232209463151337,0.11483392250507134,-0.29563296061042577,0.13818044549139624,1.0185300979509624,0.14605981984696148,0.006251399839747457,-0.2637269480159262,0.2267630945692892,0.039296243305714455,-0.4761469420576957,0.10370034040072537,0.6543031199165754,-0.17933688472295836,0.09121481829592273,-0.0444738840619872,0.22086737457831412,0.04345056751543666,0.19162114964159935,0.049033042917366515,-0.1265053808011767,0.2715610249641962,-0.1941857126312766,1.3187887933808207,0.4711517501073601,-0.1524320979202819,0.608218050886832,0.12777170268998794,-0.04424243137044885,-0.25203329806822594,-0.018175226453594172,0.7489282475661799,0.22999309900052223,-0.04813854475041356,-0.005276549443024093,-0.03292449936270714,0.0005648755468428135,-7.889277185313404e-05,-0.02585768699645996,-0.00022224918939173222,-0.0012428357731550932,-0.005882591474801302,-0.012287400662899017,-0.000747735146433115,-0.0016925162635743618,-0.12053211778402328,-0.025673480704426765,0.0004680971323978156,-0.005190514028072357,0.00046950409887358546,0.00044793650158680975,1.6802738704486344,-0.018539587035775185,-0.011317960917949677,0.001849916996434331,0.0010582809336483479,-3.36087541654706e-05,1.0,0.009260868653655052,-0.007698925212025642,-0.007603771518915892,1.0,21882.398341783293,-0.02575736679136753,-0.003153356956318021,0.0003941270988434553,0.3725191354751587,0.13074061274528503,-0.0026357402093708515,-0.07721753418445587,-0.011204046197235584,-0.0116862328723073,-0.0006283860420808196,0.06402057409286499,0.3214680552482605,0.6062745187223402,-0.0009795415680855513,-0.006342768669128418,-0.03717673569917679,-0.01156568992882967,-0.013188300654292107,0.18757091462612152,-0.0003992134006693959,-0.0420537143945694,0.14702324114243845,-0.0002913599892053753,1.0,-0.004983225837349892,1.0,0.5366247892379761,-0.003178381361067295,0.08423878811299801,-0.01130653265863657,-0.021660424768924713,-0.003452746430411935,-0.07610604166984558,-0.03411176800727844,0.20350406761228076,-0.012505754828453064,-0.0011734699364751577,-0.004023992922157049,-0.0003319093957543373,-0.01604803465306759,-0.09574462473392487,1.0,0.02,-0.003017210867255926,-0.00018802692648023367,0.14640742540359497,1.0,-0.022898903116583824,0.872856303242221,-0.003514616284519434,-0.004687879700213671,-0.013137005269527435,-0.01833750493824482,-0.0022056112065911293,-0.0002623202744871378,-0.006754105910658836,0.24380500800907612,-0.010355180129408836,0.23023626221580842,-0.0023885483387857676,-0.0008263073395937681,1.0,0.19108855724334717,-0.0036168701481074095,1.0,0.32462955538876676,-0.013081563636660576,-0.011587398126721382,-0.053328737616539,-0.0021310255397111177,1.6903867211032426,-0.007184094749391079
26100,0.10341491917554956,0.20518021773247688,-0.07177840321023896,0.013859319160668376,0.0024925757713867257,2.6513074085381576,0.1852733690248998,-0.08154860639792844,-0.3473018375545799,0.29319539228213864,0.0982808822143297,-0.4230755788785876,0.03627918873277294,0.05291685010272365,-0.0829255473037701,-0.08023455374990558,0.27232960206485707,0.45913996956783304,-0.11671761491828159,0.1296670549878289,0.36571601398441944,0.24746491204311044,0.13225707757125743,0.009674386415594899,0.356777449571153,0.03462663007727586,0.3324893954552191,0.7441916132515748,0.10962429257048907,0.09927161631142128,0.17698900799694323,0.20798250585500955,1.543783669938811,0.16526304784606452,0.1641616679577705,0.16682873594500067,-0.016071664169430733,0.0004683039151132107,-0.0005722199566662312,-0.014695800840854645,-5.3639523684978485e-05,-0.000997802708297968,-0.007262359373271465,-0.002857005223631859,-0.0021354209166020155,-0.008329135365784168,-0.0658223032951355,-0.019203759729862213,0.00012204403901705518,-0.004583808593451977,0.0004552964528556913,0.00037859485018998384,1.4789825247668684,-0.0019656959921121597,-0.00828019343316555,0.0006161783821880817,0.0025840187445282936,-2.8013892006129026e-05,1.0,0.0229928120970726,-0.006819617003202438,-0.011717460118234158,1.0,14826.116402081625,-0.04820993170142174,-0.014344875700771809,0.0003091339021921158,0.0749160647392273,0.13505388796329498,-0.002933754585683346,-0.07912185788154602,-0.002213645726442337,-0.009194348007440567,-0.0035115391947329044,0.1241433396935463,0.4838062524795532,0.21053720061135262,-0.001154461526311934,-0.004042267799377441,-0.04083699733018875,-0.013620623387396336,0.008928928524255753,0.12222859263420105,-0.0009965563658624887,-0.07248418778181076,0.13513893513137043,-0.0001948480203282088,1.0,0.008483611047267914,1.0,0.35172906517982483,-0.0027657991740852594,0.08383996412158012,-0.01064210943877697,-0.021008506417274475,-0.005518288817256689,-0.07106649875640869,-0.032556548714637756,0.2030658336868167,-0.012291274964809418,-0.0017892195610329509,-7.881119381636381e-05,-0.009726905263960361,-0.007576680742204189,-0.08230174332857132,1.0,0.02,-0.003695856546983123,-0.005190654192119837,0.12622582912445068,1.0,-0.01776028797030449,1.7365299254280777,-0.0008391770534217358,-0.009586996398866177,0.008710887283086777,-0.019904356449842453,-0.0008654703269712627,-0.000686087179929018,-0.016458740457892418,0.18631135392934084,-0.025645457208156586,0.23772478179669196,-0.0019994210451841354,-0.0005196569836698472,1.0,0.07238779962062836,-0.0034211361780762672,1.0,0.3703258920999199,-0.0035152053460478783,-0.015425271354615688,-0.08940288424491882,-0.0044501349329948425,0.4318633283934075,-0.007921705953776836
26200,0.09778727195587752,0.13013915842718135,-0.01826362831424151,0.4931945152586983,0.3087965065730822,3.088104609854609,-0.08480016295977194,0.23288093987791234,0.3557103267398922,0.30093683187931514,0.1348249418056197,-0.14840370753887897,-0.110979675332336,0.40179801940321835,0.24145152713772355,0.141797343259496,0.11328732080334587,0.4199218514237967,-0.19161823071214382,0.37486570125160534,0.5561905860490733,-0.06716103322542194,0.1497072999058226,0.22889528459020378,0.3025415220409921,0.11285180102044937,0.37714859960667557,0.2533240625679268,-0.14538649052467095,0.07174460739690416,0.046603107334822556,0.1317022120142516,1.80268463390903,0.34482670945944227,0.10107281806163883,-0.0180628118597527,-0.017976785078644753,0.00048716343007981777,-0.0034061965998262167,-0.0011384740937501192,3.761847619898617e-05,-0.005308546591550112,0.0015219412744045258,-0.010354593396186829,-0.006463499739766121,-0.007388310506939888,-0.07261130958795547,-0.010768143460154533,0.0005062769050709903,-0.0033424401190131903,0.0009269455913454294,0.00041688006604090333,1.910338843296736,0.0036079175770282745,-0.0007000493351370096,0.0014314553700387478,0.005171005614101887,-0.003187091089785099,1.0,0.025937968865036964,0.004103420302271843,-0.007003411650657654,1.0,16244.789027272445,-0.021597495302557945,-0.009779911488294601,0.00022250332403928041,0.23178529739379883,0.16947808861732483,-0.00249690655618906,-0.01910705305635929,-0.012212047353386879,-0.009038486517965794,-0.001862089498899877,0.19693773984909058,0.4621583819389343,0.12261747239461922,-0.000748774386011064,-0.014417355880141258,-0.009053122252225876,-0.0013809558004140854,0.0007847454398870468,0.3570786714553833,-0.0034289276227355003,-0.056101974099874496,0.16891445411866382,-0.0029862879309803247,1.0,-0.0075598787516355515,1.0,0.4451436996459961,-0.000951591762714088,0.08306235261261463,-0.0050269439816474915,-0.014048297889530659,-0.002064597327262163,-0.01459597609937191,-0.043823014944791794,0.3820297459195223,0.00234807888045907,-0.002664894098415971,-0.012454915791749954,0.0030859254766255617,-0.030883092433214188,-0.09145931899547577,1.0,0.02,-0.002103154780343175,-0.00032624881714582443,0.278916597366333,1.0,-0.01387292891740799,1.7165189257344882,-0.00536718126386404,-0.00651486124843359,0.004840346053242683,-0.06674695760011673,-0.000644866784568876,-0.0015738971997052431,-0.008226977661252022,0.3033482953906059,-0.0010084211826324463,0.16140972817247287,-0.005926453974097967,0.00016223592683672905,1.0,0.28528788685798645,-0.003010199870914221,1.0,0.21653795240858437,-0.014456698670983315,-0.018801601603627205,-0.06402765959501266,-0.0001766711939126253,0.33110859173402873,-0.005262725055217743
26300,0.12790205448966258,0.10865874883418138,0.17589126028720467,0.1164566673412081,-0.28629596927273404,3.095482719269336,-0.04685257349816202,0.37391517252928436,0.1677042458691836,0.1996952280920291,0.2085443345155084,0.17146470565816052,-0.07854146101361616,0.36891560856246675,0.008228313489671837,0.33392173600813907,-0.023311623964901183,0.6633449162663073,0.05454504143814718,-0.10987047799818278,-0.1338098625650325,0.3868820796033959,0.22274375123947276,-0.12926395255945142,0.45872970451883577,-0.03764627304760333,-0.18149638838182336,-0.10687726710616262,0.29016967159888685,0.09004911714201137,-0.019705971344610478,0.0028202129446583124,0.8094301288325544,0.06160390926226541,0.49575408369074975,0.37796949944327396,-0.010532325133681297,0.0005713786813430488,-0.0010184220736846328,-0.011117041110992432,-0.0012776781804859638,-0.00033646877272985876,-0.027524849399924278,-0.02164262905716896,-0.0037593257147818804,-0.0015546921640634537,-0.07559772580862045,-0.0002138434792868793,0.00015439678099937737,-0.00030522633460350335,0.0011748126707971096,0.000408912863349542,2.545784255363531,-0.02628352865576744,-0.005705010611563921,0.0006126591470092535,0.0011059886310249567,-0.0007070412393659353,1.0,0.04142892733216286,0.019706247374415398,-0.002532138954848051,1.0,15527.91365325388,-0.016548873856663704,-0.01379157230257988,0.00025514207663945854,0.09189077466726303,0.21147869527339935,0.00017627928173169494,-0.004224061965942383,-0.0033333294559270144,-0.01032402366399765,-0.0010753434617072344,0.1107662096619606,0.31649428606033325,0.1533079129149526,-0.0031241741962730885,0.01457148790359497,-0.03990918770432472,-0.009346536360681057,0.01526607945561409,0.15984052419662476,-0.0026076221838593483,-0.03184271231293678,0.38565950552618833,-0.005505603738129139,1.0,0.016115089878439903,1.0,0.30171966552734375,-0.0003257852513343096,0.08392691984772682,2.340169157832861e-05,-0.01845027133822441,-0.0006654728204011917,-0.002780008828267455,-0.04062158614397049,0.0355094002434684,-0.015450263395905495,-0.0007893675938248634,-0.0036671317648142576,-0.008146303705871105,-0.0005646185018122196,-0.05213184282183647,1.0,0.02,-0.0015794894425198436,-0.002300055930390954,0.19093595445156097,1.0,-0.00016847619554027915,0.8918233404806077,-0.006915763020515442,-0.012256033718585968,-0.0018876083195209503,-0.009380048140883446,-0.00012221586075611413,-0.0018869380000978708,-0.0032807716634124517,0.18338729813694954,0.010945716872811317,0.11962681382575201,-0.007462101988494396,-0.00013397153816185892,1.0,0.0839722752571106,-0.0012261024676263332,1.0,0.10783006759125988,-0.025421474128961563,-0.007819809950888157,-0.04484919458627701,-0.0029430538415908813,0.6853422255093564,-0.0025313133373856544
26400,0.5391410181667536,0.6402330335585744,-0.017669384845586462,0.2129322030899643,-0.040212288677533146,0.27225847373428197,-0.03701454991700785,-0.11366218474407619,0.06409996248535184,1.0397655331789348,-0.023591740816506574,0.44950753322579334,0.01832128363937105,0.8511214679980316,-0.06332797167724998,-0.025944530178257035,0.06955455168055183,0.3079658264335616,0.1117488798807639,-0.07806939254395664,0.441845739843195,0.0009542028412463863,5.61566180675784,0.07908096741768887,1.8256395098227687,-0.02625890181855789,0.3831109800248327,0.3073371255731179,-0.014435903986403952,-0.01601408551737376,0.46959036241453345,-0.019007662975570626,2.4809139261115365,0.6245852207625039,0.3026049561169786,-0.08409200110286136,-0.026245301589369774,0.0011045646388083696,-0.00253851804882288,-0.0011213391553610563,-0.010509527288377285,-0.0032284443732351065,0.004640615079551935,-0.0013663284480571747,-2.5934306904673576e-05,-0.008750229142606258,-0.08325335383415222,-0.005075978115200996,0.0012981279287487268,0.005990760866552591,0.002026554197072983,0.009008310735225677,0.41726465104671095,-0.011567691341042519,-0.0007384110940620303,0.0022147586569190025,0.008443444967269897,-0.002358919009566307,1.0,0.004578368738293648,-0.011321647092700005,-0.0027776872739195824,1.0,34432.25240950314,-0.002915509743615985,-0.0011636859271675348,0.000741950236260891,0.17336714267730713,0.1418246626853943,-0.0007564686238765717,-0.0017920397222042084,-0.00940416194498539,-0.03297683224081993,-0.006064321845769882,0.15780436992645264,0.45203572511672974,0.726070463711019,-0.002565298229455948,-0.0317234992980957,-0.026859458535909653,-0.020813822746276855,-0.016470512375235558,0.19245103001594543,-0.0031713563948869705,-0.05898869037628174,4.328486240527305,-0.00285973004065454,1.0,-0.01247858814895153,1.0,0.4047698378562927,-2.2832537069916725e-05,0.08312281593680382,4.9106660299003124e-05,-0.035895705223083496,-0.007047232706099749,-0.003744816640391946,-0.20897287130355835,0.6056739122608621,0.0045235175639390945,-0.0012718848884105682,-0.0016224903520196676,-0.001266305334866047,-0.0024472069926559925,-0.08723479509353638,1.0,0.02,-0.0005429256707429886,-0.002502357354387641,0.10938559472560883,1.0,-5.211378447711468e-05,2.542808041976007,-0.003406975418329239,-0.003268350614234805,-0.052977822721004486,-0.020236177369952202,0.00040145666571334004,-0.014241230674088001,-0.08056733012199402,0.21457000076770782,-0.05509965121746063,0.6089918891630504,-0.008729742839932442,7.709278725087643e-05,1.0,0.08492164313793182,-0.012086965143680573,1.0,1.214994904936322,-0.0018993751145899296,-0.14798575639724731,-0.26200488209724426,-0.0022169481962919235,1.7351445155067005,-0.006654813885688782
26500,0.24336988055154918,0.2203032370776681,0.18192842473861626,-0.1298678269905876,0.11074806787428558,4.948238013078621,0.09965748281885478,0.24354699684505435,-0.16501230714186846,0.25250663711388743,-0.07228360619148966,-0.1315237213773067,0.09304639780311988,0.715036099133152,-0.17163162057459397,-0.02412125877788459,0.025464648908539708,0.5350291013722358,0.03758716808564949,0.24194254305239205,0.22621028788762515,0.35576245972910936,0.2434994636022183,-0.09413638188034028,1.1421848749297165,0.40586594141251264,0.17463964004139898,0.37553929279175513,0.10125558025777182,0.07813008477495859,0.09212173270188054,0.2931611479926842,1.4924642838977356,0.13906325825295052,0.26585396566512665,0.35923040521623073,-0.029094545170664787,0.0005137185216881335,-0.0005120676942169666,-0.005238167010247707,6.859656423330307e-06,-0.00031714540091343224,-0.007451092358678579,-0.004604911431670189,-0.004397114738821983,-0.010807439684867859,-0.12174418568611145,-0.012617492116987705,0.00027198201860301197,-0.0046555642038583755,0.0007445414084941149,0.0005481647094711661,4.767806233956596,-0.020319487899541855,-0.005272585898637772,0.0012068611104041338,0.0033984766341745853,0.00010729530185926706,1.0,0.02898712456226349,0.02154412493109703,-0.006141576450318098,1.0,55178.085542623914,-0.010968060232698917,-0.002545412164181471,0.0003283134428784251,0.15636713802814484,0.12864156067371368,0.0003975466825067997,-0.07982493191957474,-0.009679022245109081,-0.011086748912930489,-0.006843568757176399,0.1254279911518097,0.46535563468933105,0.3957491933394445,-0.0021389098837971687,-0.009607382118701935,-0.04152710363268852,-0.014102557674050331,-0.0036482252180576324,0.28922802209854126,-0.0012241062941029668,-0.022548312321305275,0.1655502038207337,-0.0009454882238060236,1.0,0.011748064309358597,1.0,0.19614936411380768,-0.0023817354813218117,0.08405046537518501,-0.010119864717125893,-0.013629810884594917,-0.0013573308242484927,-0.07629135996103287,-0.013304435648024082,0.15282821021241746,-0.00564185855910182,-0.002036213641986251,-0.0027877171523869038,-0.004411208909004927,-0.0004437156021595001,-0.0470297634601593,1.0,0.02,-0.0020098150707781315,-0.0042196400463581085,0.256191611289978,1.0,-0.0049475133419036865,1.373382254009439,-0.005534521769732237,-0.009837348014116287,-0.03956189751625061,-0.004236194770783186,-0.0008959474507719278,-1.5536323189735413e-05,-0.010739072225987911,0.23068051785230637,0.019682152196764946,0.2548823376504201,-0.0035182232968509197,0.0001040762581396848,1.0,0.2280828207731247,-0.0023491885513067245,1.0,0.2579491732474276,-0.005681647919118404,-0.01351881306618452,-0.12455178052186966,-0.003563661826774478,1.456645866060256,-0.002403465798124671
26600,0.906462419054224,0.1255163459589084,0.020725316878120854,0.35501378395406835,0.5145526836187724,4.291177687457967,0.2815693910981435,0.20052333466174835,0.529955416522202,0.23152079661723654,-0.07828273435259969,0.5735478245216004,0.2548595710310584,0.6852594537190839,0.48407208737073887,-0.05771145069906106,-0.11530948019880395,0.5468888129896688,0.0161020048660606,0.21115499511165425,0.20025308524172392,0.21520452107728189,0.2103296896301149,0.4009779749799532,0.948793870140916,0.3504753808058203,0.06911429434113034,0.9737421767348722,0.5155554921349598,0.25927041580615406,0.353426014372449,0.23030789559553846,0.9690613348474706,0.06129460887954757,0.3040939659374115,0.26872916437956096,-0.01567014493048191,0.00100943713914603,-0.002253122627735138,-0.021648671478033066,-0.00013746798504143953,-0.0003602931392379105,-0.005140321329236031,-0.02108781225979328,-0.0018752272007986903,-0.014382253400981426,-0.07714004069566727,-0.00645942147821188,9.644673264119774e-05,-0.0027747584972530603,0.0007837630691938102,0.00043376602116040885,4.631005793466614,-0.0038533415645360947,-0.005471003241837025,0.0018784048734232783,0.0013366097118705511,-0.003310769097879529,1.0,0.014980221167206764,-0.0017777066677808762,-0.0014332826249301434,1.0,4882.621257639739,-0.06684436649084091,-0.009483297355473042,0.00021918561833444983,0.06277094036340714,0.1394042670726776,-0.0013516428880393505,-0.07784117013216019,-0.029939686879515648,-0.01146908849477768,-0.005974045023322105,0.11795763671398163,0.5004348754882812,1.0891264767329325,-0.00016158336075022817,-0.0070137325674295425,-0.015466603450477123,-0.00694479001685977,-0.005129357799887657,0.46300995349884033,-0.001807602820917964,-0.04786935821175575,0.3458052683053247,-0.00030950841028243303,1.0,-0.0005028806626796722,1.0,0.17104396224021912,-0.001444377237930894,0.08352316543459892,-0.00826893001794815,-0.024731509387493134,-0.007389131933450699,-0.06882215291261673,-0.03698571398854256,0.05536153946994416,-0.006839841604232788,-0.0018184955697506666,-0.015750959515571594,-0.002279841573908925,-0.001932991435751319,-0.08003688603639603,1.0,0.02,-0.0007263937150128186,0.0003689235891215503,0.14529789984226227,1.0,-0.006945769302546978,1.1081162822699897,-0.0005654640262946486,-0.001744988257996738,-0.039439812302589417,-0.004708108492195606,-0.0017292567063122988,-0.0016280148411169648,-0.014495125971734524,0.23680625949054956,-0.0020250845700502396,0.17214660632343928,-0.005722012836486101,-0.0015216587344184518,1.0,0.2945305407047272,-0.003370107850059867,1.0,0.1529818251224542,-0.02907644584774971,-0.09798581153154373,-0.11335762590169907,0.0004936330951750278,1.0118620231614313,-0.004365858621895313
26700,0.1212877843456336,0.043279790791520674,0.1318955504471061,0.039637140175467864,-0.2886467433329613,4.84068874095539,0.11867146500691231,0.2011522704973055,-0.01589136820520531,0.15287767630910507,0.2338798741940603,0.057813266001045104,-0.16983042662041137,0.18633638706412786,0.03203843471402764,0.3823650472012751,-0.02107903812968422,-0.27258117944684046,-0.0727752209062943,-0.050173941387566846,-0.12754537343651157,-0.10364491852536797,0.38283399005774205,0.31564851366897884,0.8320893298633958,0.20067822040609834,0.359925562368011,-0.031712221682242754,0.058202319620372825,-0.0035401918823490287,-0.18515198233583663,-0.1150190025207058,0.8050237336009736,0.31037098697730214,0.2516470213022002,0.11756836943105918,-0.028226302936673164,0.0004956808406859636,-0.0016617062501609325,-0.013374500907957554,-0.0022434156853705645,-0.0011995562817901373,-0.010238281451165676,-0.01464616134762764,-0.005069929640740156,-0.007661737501621246,-0.10528307408094406,-0.0023085763677954674,0.0004957523196935654,-0.008279435336589813,0.00028280189144425094,0.0006526876240968704,6.985056023296424,0.009748775511980057,-0.005575074814260006,0.0007477336330339313,0.0017222936730831861,-0.0010517811169847846,1.0,0.04535724222660065,0.026742268353700638,-0.015524185262620449,1.0,23143.49872369187,-0.0030388853047043085,-0.01086985319852829,0.00015670989523641765,0.16570332646369934,0.10789254307746887,0.00029637967236340046,-0.0013190776808187366,-0.006110423244535923,-0.011712614446878433,-0.003400722285732627,0.08212495595216751,0.544398844242096,0.09902705594101528,-0.003607779508456588,-0.010113582015037537,-0.013030096888542175,-0.0009202250512316823,-0.012546129524707794,0.14627592265605927,-9.829795453697443e-05,-0.025319037958979607,0.4870249899711958,-0.000897506601177156,1.0,0.010557256639003754,1.0,0.5417768955230713,-0.00042751411092467606,0.08378238044679165,-0.001405504997819662,-0.01066580694168806,-0.00012869987403973937,-0.001698129577562213,-0.03517264127731323,0.28920127932530104,-0.008143180049955845,-0.0005738221807405353,-0.004807698540389538,-0.009042763151228428,-0.005744393914937973,-0.04467126727104187,1.0,0.02,-0.002241679932922125,-0.0011299733305349946,0.1607716679573059,1.0,-0.00224187015555799,0.7920244059178168,-0.00804902520030737,-0.0019142834935337305,0.03348776698112488,-0.011352059431374073,-0.00028552429284900427,-0.0012256283080205321,-0.0064387451857328415,0.23820422310382128,0.021705789491534233,0.05157497273878468,-0.005941017996519804,9.502176544629037e-05,1.0,0.1566896289587021,0.00016377156134694815,1.0,0.13428420581389033,-0.017363611608743668,-0.02277609519660473,-0.04068751633167267,-0.0011760233901441097,1.3137819076423387,-0.005353874526917934
26800,0.23959253712218342,0.1370427966943973,0.050373169644641266,-0.18874155463553602,-0.06321904830782783,4.003152497305262,-0.0763136015215353,-0.03721169051408997,0.021028315792255156,0.32089659312979535,-0.09003149779711672,0.15466949799687724,0.06824898722524872,0.1648282138075659,0.027439020416908207,-0.40237532067776965,0.30921474205165594,0.7125528223512414,-0.15796244873688645,-0.15218914458347071,0.5848156867668582,0.12374759980545624,0.30705644959768574,-0.04011811183525542,0.4074156762240237,-0.06286766073446465,0.5896128364958221,0.5332993086225734,0.018630854736338843,-0.04941267109788012,0.023764901342037,-0.1525493277215973,2.8313590777512396,0.1561196698906334,0.44347602320702606,0.3646329792367932,-0.0047929417341947556,0.0005687227239832282,-0.000292832322884351,-0.020354576408863068,-0.0007638721726834774,0.0001721795415505767,-0.018647566437721252,-0.0010702178115025163,-0.003876532195135951,-0.0027787690050899982,-0.03685922548174858,-0.001176389749161899,0.00037900899769738317,-0.0031241232063621283,0.0007925818208605051,0.000568493502214551,4.069787003992081,-0.027832865715026855,-0.008144640363752842,0.0016097024781629443,0.006273712497204542,-0.0005159982247278094,1.0,0.023660454899072647,0.004534231498837471,-0.005930544342845678,1.0,2259.3982404603375,-0.0032652043737471104,-0.014538617804646492,0.000295847246889025,0.15770414471626282,0.10183067619800568,0.002468810649588704,-0.042935099452733994,0.0007808131049387157,-0.01050705648958683,-0.0018799523822963238,0.12890523672103882,0.5083081722259521,0.1677173963933785,-0.005566965788602829,-0.017507024109363556,-0.01960267499089241,-0.004983630031347275,0.012840548530220985,0.061009302735328674,-0.0009656769107095897,-0.05714889243245125,0.38737701837646926,-0.007530346512794495,1.0,-0.00657828152179718,1.0,0.4407804608345032,-0.002828877419233322,0.08405106514692307,-0.006239630747586489,-0.017230968922376633,-0.0009396192035637796,-0.043257229030132294,-0.038626909255981445,0.14495273658245333,-0.0007395697757601738,-0.0019577278289943933,0.00013881814084015787,-0.009430792182683945,0.00027832144405692816,-0.0732954889535904,1.0,0.02,-0.00172322615981102,-0.006870185490697622,0.332282155752182,1.0,-0.00035775068681687117,3.3065307283651575,-0.010921597480773926,-0.0037524087820202112,-0.00038981810212135315,0.005523413419723511,-0.0018010928761214018,0.0007042792858555913,-0.0329405702650547,0.2269442155957222,-0.02992832288146019,0.1669856891342825,-0.00038604438304901123,-2.5211484171450138e-05,1.0,0.08473357558250427,-0.0031586093828082085,1.0,0.5051497874138411,-0.0008029435994103551,-0.021116115152835846,-0.24490390717983246,-0.007582411170005798,0.41250412613214843,-0.004891186021268368
26900,0.25483402881479544,0.07298736265231613,-0.0019999053607333978,0.09387924806238644,-0.29525373308677416,4.7785958987427595,0.19219841073517357,0.26813130479199543,-0.04119888527647494,0.13614334764763927,-0.13919185728364622,-0.014595350728109843,0.030228362945749206,0.474956655117939,-0.2173682622260421,-0.39977184847610786,-0.04282356500569353,0.5212431686172145,0.036599436616526,0.3326234163910127,0.6762988853108294,0.16539287073784087,0.2392479219303746,-0.2368151410912577,0.2735393469628849,0.1776722027197953,0.44510879225378885,0.8716355910568107,-0.2043521541525024,-0.2148840168850333,0.03557964645305178,-0.24649413113614657,0.9032085054946435,0.1808145584509917,0.012141945775166084,-0.06986317486087898,-0.032050855457782745,0.0006156272138468921,-0.00025512068532407284,-0.0014626275515183806,-0.00025088066468015313,-0.0006737003568559885,-0.0175384059548378,-0.01706785336136818,0.00011494892532937229,-0.01564951427280903,-0.0831773430109024,-0.0001139793312177062,0.0002567162155173719,-0.0019250917248427868,0.00030159964808262885,0.00030916789546608925,4.518719941907562,-0.020305100828409195,-0.0018772296607494354,0.0010944119421765208,0.0013886846136301756,-0.00018876671674661338,1.0,0.03800254315137863,-0.014840543270111084,-0.00462347362190485,1.0,15602.811386477184,-0.041508860886096954,7.361118332482874e-05,0.00025011549587361515,0.30104750394821167,0.1821494996547699,-0.0023059819359332323,-0.0597543939948082,-0.0014945612056180835,-0.09048735350370407,-0.006042588036507368,0.0662999302148819,0.40857094526290894,0.185048596702375,-0.00021337057114578784,-0.0008619576692581177,-0.031309910118579865,-0.005982811097055674,-0.024281077086925507,0.21508671343326569,-0.003688123542815447,-0.05181194096803665,0.6439483561997528,8.036327199079096e-05,1.0,-0.011344723403453827,1.0,0.5158230662345886,-0.003970630466938019,0.08406758680939674,-0.005184369161725044,-0.01005502138286829,-0.0046431743539869785,-0.05642331391572952,-0.4153917133808136,0.20891858040130368,-0.011582412756979465,-0.005339593626558781,-0.0029698859434574842,0.00019304524175822735,-0.0023639530409127474,-0.0503857359290123,1.0,0.02,-0.0027704043313860893,-0.006950036156922579,0.19366613030433655,1.0,-0.00036569120129570365,0.963813222245174,5.0350092351436615e-05,-0.015302414074540138,-0.03155125677585602,-0.010222370736300945,-0.002198793226853013,-0.002261888235807419,-0.01081627607345581,0.2570736799389124,-0.042930759489536285,0.13312617728685278,-0.005226366221904755,-0.0009796980302780867,1.0,0.17394565045833588,-0.004637536127120256,1.0,0.14496377390637094,-0.021037105470895767,-0.09455086290836334,-0.13579699397087097,-0.005948697216808796,0.2322130900965114,-0.006862454116344452
27000,0.20755609546071,0.09296325483549762,0.14763509805428066,0.31721557824135793,0.3839231202521022,1.9087258093964585,-0.18249657021206694,-0.050221728399051604,0.06700513905960657,0.23283043106679682,0.11813258934703882,0.17915282375879338,0.23071612010566772,0.22279348783986525,0.2617431742727056,0.24652946026762151,-0.1554244572732743,0.4499602392899427,0.11571318832969474,-0.1970997793614272,0.39119214752418474,0.20495570838371624,0.16467488961342808,0.2158602634805552,0.4776558486561022,0.34591176144341734,0.295464273404364,0.7159355835882211,0.2541878522935418,0.003868961780384788,0.3772938948017622,0.11207041086347,1.0779281245639982,0.23909488986951416,0.024078767000890646,0.027317975136224696,-0.0030573441181331873,0.0003961027250625193,-0.0028851202223449945,-0.0219899732619524,-0.0009069912484847009,-0.008846607059240341,-0.0035014695022255182,-0.019762642681598663,-0.0014531351625919342,-0.0021141646429896355,-0.15011495351791382,-3.39337857440114e-05,0.0002584925969131291,-0.0029154145158827305,0.0004956807242706418,0.00041999531094916165,2.717883668929926,-0.011773928999900818,-0.010709229856729507,0.0006547031225636601,0.0019213499035686255,-0.003882656805217266,1.0,0.011659624055027962,-0.0017573032528162003,-0.0029071804601699114,1.0,2202.203332881323,-0.021132372319698334,-0.008679638616740704,0.0001960735535249114,0.0930606797337532,0.09078307449817657,-0.00022986414842307568,-0.07671389728784561,-0.010891338810324669,-0.010378805920481682,-0.0004533836618065834,0.11500468850135803,0.3917662501335144,0.26828604603670375,-0.0015663433587178588,-0.0008547771722078323,-0.03395109251141548,-0.01402038149535656,-0.018114162608981133,0.15193521976470947,-0.0025766263715922832,-0.06312771886587143,0.3001030874676381,-0.000844517897348851,1.0,-0.0034658843651413918,1.0,0.35940542817115784,-0.0018204896477982402,0.08452042937278748,-0.00991906225681305,-0.005893833469599485,-0.0016140080988407135,-0.07325586676597595,-0.03118300996720791,0.2845842657979071,-0.004358787089586258,-6.421108264476061e-05,-0.004097177647054195,-0.0019060664344578981,-0.017489640042185783,-0.08784317225217819,1.0,0.02,-0.0016826046630740166,-0.0009543855558149517,0.22398698329925537,1.0,-0.00016455986769869924,1.2627258555510332,-0.00907701626420021,-0.00576207647100091,-0.0022199247032403946,-0.027862075716257095,-0.002083495259284973,-0.000509458826854825,-0.006264964584261179,0.19797935243695974,-0.006751289591193199,0.10685907319540029,-0.0020935481879860163,-0.0007204331341199577,1.0,0.15789249539375305,-0.0010793555993586779,1.0,0.1878925009812283,-0.022648485377430916,-0.004259547218680382,-0.05577782168984413,-0.0013069853885099292,0.9251728492892329,-0.007315307855606079
27100,0.3764420376429198,0.15506512400813627,-0.03424556904819133,-0.052664239042450135,-0.3437473919865532,5.028287406627462,-0.1291191548652489,0.29192660361993733,0.44182911820686355,0.15138166247992127,-0.28131480937526837,0.3970989238042644,0.05214156429757295,0.3772602269867508,-0.0046121855285117044,-0.5116400393917383,0.0757260064818612,0.49488869533547397,-0.030422568028134984,-0.0034585882776900848,0.024620032771146244,-0.08524712672240672,0.4818517849094852,-0.027963352923499843,0.4033220119500349,0.07057667086476171,0.2341430623734781,0.9573441019991303,-0.3311155775917843,0.10993739414582772,-0.05757713756178763,0.10878779810087959,0.9799940449905932,0.24022538671253657,0.47365490563628476,0.33894496108113836,-0.032297465950250626,0.0006794626824557781,-0.0038125773426145315,-0.0004484641831368208,-0.001645561307668686,-9.27718065213412e-05,-0.024393482133746147,-0.026844322681427002,-0.0001511585433036089,-0.014481951482594013,-0.07586875557899475,-0.004974666982889175,0.00029168702894821763,-0.003218255238607526,0.0005790787981823087,0.0004388970846775919,5.425977858425836,-0.02741961181163788,-0.0007803154876455665,0.001166064292192459,0.0009406317258253694,-0.0034073120914399624,1.0,0.044473715126514435,-0.007383439689874649,-0.004074930679053068,1.0,45228.61274914932,-0.06498640775680542,0.0002557142870500684,0.00020414973550941795,0.18169207870960236,0.10148123651742935,-0.006206602789461613,-0.06347019970417023,-0.0010228385217487812,-0.08415838330984116,-0.004492437466979027,0.097672238945961,0.48501864075660706,0.3101560389963321,-0.0011224703630432487,-0.0187753364443779,-0.03605819121003151,-0.007606261409819126,0.007773254066705704,0.18096208572387695,-0.0009585605002939701,-0.05991059169173241,1.2462749396349233,-0.0016093344893306494,1.0,0.03637275472283363,1.0,0.47331053018569946,-0.0034646913409233093,0.08328739739954472,-0.006961657665669918,-0.017018668353557587,-0.009060012176632881,-0.06128070876002312,-0.46743664145469666,0.21663246983449636,-0.013386193662881851,-0.004415992181748152,0.00014893058687448502,3.610108979046345e-05,-0.00035175419179722667,-0.033619172871112823,1.0,0.02,-0.0005694054416380823,-0.00035428942646831274,0.14322404563426971,1.0,-0.005124208051711321,1.0760463255795951,-0.004317125771194696,-0.0075326780788600445,-0.03278157860040665,-0.0029007126577198505,-0.0007218279060907662,-0.0023894752375781536,-0.015588093549013138,0.239103595726192,-0.04050009697675705,0.3013686278724413,-0.0077885594218969345,-0.0006648843409493566,1.0,0.2494679093360901,-0.004493049345910549,1.0,0.09346487632426285,-0.032041292637586594,-0.14220301806926727,-0.1251600980758667,-0.00044059555511921644,0.36415501923224824,-0.005877136718481779
27200,0.10390222555845081,0.1398942431712766,-0.13996466813603767,-0.02623675500987131,-0.13318093202346012,1.6481210131371318,0.18520655720780602,0.07815026175434871,-0.05538050338563797,0.23292030725758264,0.19075938692713792,-0.2651463101607029,0.1973278282696532,0.5449039792436213,0.13294361628785184,0.2858776631466831,0.11117137662110216,0.45668545796219673,-0.1072504467026324,-0.008837042929575809,0.5774968479008846,0.2859929250710157,0.24415844205722473,0.020993052520263428,0.5633724418195075,0.3800797689599905,0.26130953797162415,-0.08934833185142063,0.11222194049303491,0.005932398550802437,-0.12116352736301401,-0.030718207712968515,0.9355891920578852,0.14109644881244202,-0.03101731414806888,-0.12178434419718122,-0.00378252100199461,0.00032639584969729185,-0.0024108062498271465,-0.007351909298449755,-0.0008794061141088605,-0.003458803752437234,-0.00820375606417656,-0.024392470717430115,-0.004785493016242981,-0.006180083844810724,-0.11119549721479416,-0.008205295540392399,0.0001844223588705063,-0.011051836423575878,0.0003277793584857136,0.0004200837865937501,1.5520576297781647,-0.019965358078479767,-0.0032051890157163143,0.000606739311479032,0.0012068635551258922,-0.002793039195239544,1.0,0.008280591107904911,-0.018335409462451935,-0.006347371730953455,1.0,5467.1203509768675,-0.003504479769617319,-0.01154317706823349,0.0002908201713580638,0.13683289289474487,0.09729371964931488,0.00028233742341399193,-0.001095206243917346,-0.0057932245545089245,-0.011489149183034897,-0.0010587963042780757,0.05807790905237198,0.2784839868545532,0.12381842102530423,-0.0006031609373167157,0.0006927917711436749,-0.03699537739157677,-0.012044394388794899,-0.0021042246371507645,0.564647376537323,-0.0014761582715436816,-0.058231234550476074,0.28448065024020774,-0.0006125823128968477,1.0,-0.02220918983221054,1.0,0.3062366247177124,-0.00045351884909905493,0.08402492664754391,-0.00032565309084020555,-0.014774749986827374,-9.625768871046603e-05,-0.002650291658937931,-0.04601746425032616,0.14659761562111617,-0.004032036289572716,7.851983536966145e-05,-0.0018591691041365266,-0.0014517275849357247,-0.011967163532972336,-0.0943116694688797,1.0,0.02,-0.0008041190449148417,-0.0028374865651130676,0.10905221104621887,1.0,-0.00754462368786335,1.2260146180228342,-0.00033849768806248903,-0.006606211420148611,-0.02253294363617897,-0.016783777624368668,-2.278108149766922e-05,-0.000732363318093121,-0.015228149481117725,0.25227179285138845,-0.007959033362567425,0.18547806281998663,-0.003669146914035082,-3.9623017073608935e-05,1.0,0.4675496220588684,-0.0006251368904486299,1.0,0.2075189438998004,-0.026774300262331963,-0.05094018206000328,-0.10350968688726425,-0.0037838518619537354,1.158802776284108,-0.006330335512757301
27300,0.18317363712604032,0.17163884353952574,0.08131101279448433,0.25170040439994007,0.42965034544434844,3.0548341374601318,0.25692966547752555,0.4728852290103822,0.04321206738882437,0.21510192039053866,-0.01088462142138388,0.0749698715384526,0.12639436240041416,-0.1598072115244343,0.5077344908041628,0.13027777800298668,-0.07527287101210595,0.6268343437385857,0.17996509994849302,0.18030127011448976,0.5045795305394628,0.060400477287531895,0.2339743233173301,0.4277139270082081,0.3868833578978149,0.3024229936581838,0.5044320585868277,0.8696387455075356,0.5613395530150098,0.23477615470892654,0.26916551299417757,0.22862803227527745,0.6952302574199448,0.17746566987543658,0.08486097699379774,-0.04902972444456687,-0.030779322609305382,0.00043393761734478176,-0.000787863798905164,-0.015351062640547752,-0.0007360538002103567,-0.0008579787681810558,-0.009219524450600147,-0.04247678816318512,-0.003413126338273287,-0.011610005982220173,-0.0732385516166687,0.00021928449859842658,0.00027339946245774627,-0.002845501760020852,0.0005449940799735487,0.0005563545855693519,3.3695856498510253,-0.004175292328000069,-0.007245973218232393,0.0007972438470460474,0.0010161425452679396,-0.0025571342557668686,1.0,0.021930838003754616,0.0026278384029865265,-0.00787700992077589,1.0,33789.683529909926,-0.06742428243160248,-0.012024625204503536,0.0003141976776532829,0.09505891054868698,0.1888209879398346,-0.0018347788136452436,-0.07687458395957947,-0.02398599684238434,-0.014684908092021942,-0.00719479052349925,0.07897844910621643,0.3916061222553253,0.26923874601476305,-0.004441808443516493,0.008648538962006569,-0.011909355409443378,-0.0019938659388571978,-0.021119190379977226,0.15181758999824524,-0.0036100412253290415,-0.014418235048651695,0.3562182905805014,-0.004993332549929619,1.0,-0.0056077223271131516,1.0,0.4496050477027893,-0.0013800961896777153,0.08412863127887249,-0.008087961003184319,-0.018300022929906845,-0.005535670090466738,-0.06965658813714981,-0.03853679075837135,0.20496421909721352,-0.011619236320257187,-0.001281192759051919,-0.018469739705324173,-0.006370530463755131,-0.009902150370180607,-0.07563627511262894,1.0,0.02,-0.0030863648280501366,-0.00476926239207387,0.1616814136505127,1.0,0.00010016551823355258,0.7928524948439039,-0.005365018732845783,-0.00579823087900877,-0.007322834804654121,-0.011163393035531044,-0.000417445320636034,-0.0007142377435229719,-0.009839560836553574,0.2136729834601283,0.008679857477545738,0.17584088361727734,-0.0062246788293123245,-0.00048636115388944745,1.0,0.1918153464794159,-0.0017111834604293108,1.0,0.1817830160940036,-0.04940145090222359,-0.017067020758986473,-0.06864389032125473,-0.0034649698063731194,0.44688019330156054,-0.0035796486772596836
27400,0.15776213436950434,0.10947471595317479,-0.01586224702061307,-0.31159092879374484,-0.5335745762893311,2.322756340225903,0.03274827662850044,-0.16775068744352162,0.08935574080897409,0.0664024330098777,0.02269465602921256,0.16156936909522293,0.27267340582995037,0.21641095784547976,-0.07914105000316639,-0.07128466149457047,0.23223655459336393,0.5912966237559293,-0.06372884453348558,0.11708345317163554,0.3722576572497652,0.11366955078124916,0.23392485576129096,-0.15746523897939874,0.2985812753412771,-0.032570263075760705,0.48312288643786233,0.7083960937130612,-0.41744395349559094,-0.1422473319609319,-0.20305935854065782,-0.21492179056617267,0.4443555620600812,0.09566143969420199,0.3545200064480093,0.18908767467810306,-0.015783697366714478,0.000462134659755975,-0.002142256125807762,-0.018057579174637794,0.00010626504081301391,-7.10294843884185e-05,-0.026277322322130203,-0.045656945556402206,-0.0039563532918691635,-0.007015550509095192,-0.045244332402944565,-0.0006506019271910191,0.00011940416879951954,-0.00439026765525341,0.00026871811132878065,0.000383189064450562,0.3438226959296071,-0.0459672249853611,-0.007591296453028917,0.001388590782880783,0.0006093617994338274,-0.003419301938265562,1.0,0.016364429146051407,-0.0031739026308059692,-0.0032322797924280167,1.0,4989.991050820561,-0.023513276129961014,-0.013429934158921242,0.00018056851695291698,0.10418806970119476,0.23348896205425262,-0.0017402989324182272,-0.039397042244672775,0.00027460092678666115,-0.012468446977436543,-0.005297721363604069,0.11796616017818451,0.2675454616546631,0.14719832133773134,-0.003081429284065962,-0.019701141864061356,-0.029013847932219505,-0.008396757766604424,-0.008225973695516586,0.15690621733665466,-0.00097954785451293,-0.007469422183930874,0.3629923663448983,-0.006617952138185501,1.0,-0.006123583763837814,1.0,0.40183573961257935,-0.00256279855966568,0.08473499491810799,-0.005372977815568447,-0.01762145757675171,-0.004391699563711882,-0.04251004382967949,-0.040507204830646515,0.11644325246485986,-0.012429244816303253,-0.002767772413790226,-0.0002681374899111688,-0.005225502885878086,-0.003542158752679825,-0.026598278433084488,1.0,0.02,-0.0006419159471988678,-0.0062109800055623055,0.13754506409168243,1.0,-0.0011658116709440947,0.6833652336011953,-0.0026098680682480335,-0.005738859064877033,-0.02481473609805107,-0.002176268957555294,-0.001979638123884797,0.00028786412440240383,-0.00027912433142773807,0.19360073283314705,-0.02315620332956314,0.1500999016149512,-0.0027222982607781887,-0.0004699818091467023,1.0,0.12933018803596497,-0.006233085412532091,1.0,0.13995553696654736,-0.05717229098081589,-0.06859804689884186,-0.0015289458679035306,-0.005742263980209827,0.31135759726904116,-0.004212385043501854
27500,0.46087210555752844,0.09622554024716319,-0.014672196277682154,0.2948510728111412,0.7016282319877793,2.7740141953470854,0.3450141700063718,0.275581193845715,0.406805347468875,0.28859051925642015,0.14724614242273085,0.5027863522659675,0.3497599522581103,0.402749937834173,0.27803685428253266,0.06611680747647793,0.15862811697219995,0.4580402636100769,0.02219248147706771,-0.03535090254184049,0.4259388398713514,0.3657296069651183,0.36044033654558455,0.1835032108066935,0.6219729073710923,0.5437124418717552,0.40772014469948814,0.9388978454682769,0.702928219647036,0.265267169388804,0.27012221271146825,0.26853493219622393,0.4656911971170881,0.11457917785314119,-0.0067305053387085815,0.06583549865004004,-0.007756988517940044,0.0005563427694141865,-0.0024293330498039722,-0.010935577563941479,-0.00207777158357203,-0.0013220248511061072,-0.007917179726064205,-0.04081887751817703,-0.003144168062135577,-0.004288402386009693,-0.08651825785636902,-0.008789113722741604,0.0001507915585534647,-0.0023773470893502235,0.000399010197725147,0.0005758032784797251,0.41978780814196576,-0.012583151459693909,-0.004681008402258158,0.0006259817164391279,0.0004875598242506385,-0.003905394347384572,1.0,0.015861626714468002,-0.006111700087785721,-0.004054180812090635,1.0,5878.79960902924,-0.07003583014011383,-0.010256879031658173,0.00016016021254472435,0.14607930183410645,0.1893748939037323,-0.0028667612932622433,-0.08028970658779144,-0.008465321734547615,-0.012105940841138363,-0.00421183044090867,0.23483753204345703,0.6005480289459229,0.4884053372656909,-0.0017200985457748175,-0.004364036023616791,-0.03305213898420334,-0.01062496192753315,0.003287731669843197,0.124915212392807,-0.0016002818010747433,-0.013637575320899487,0.4806789235936032,-0.0018909540958702564,1.0,-0.005742233246564865,1.0,0.5486207008361816,-0.001943227369338274,0.08287900872528553,-0.00886955764144659,-0.016259683296084404,-0.00732302526012063,-0.07428798824548721,-0.0372932031750679,0.12205672994615749,-0.009177357889711857,-0.002351870760321617,-0.0020460544619709253,-0.004536255728453398,-0.014277122914791107,-0.07020318508148193,1.0,0.02,-0.0005944237345829606,-0.0049528395757079124,0.1213865801692009,1.0,-0.009721199050545692,0.7289010520986937,-0.0014442866668105125,-0.005598819814622402,-0.02267143502831459,-0.01888067089021206,-0.001470100716687739,-0.0021724181715399027,-0.0019836167339235544,0.25779949221760035,-0.02369392290711403,0.1271846945399859,-0.0011326523963361979,-0.0011486256262287498,1.0,0.09663368761539459,-0.003106799442321062,1.0,0.2891709414207394,-0.049426838755607605,-0.06033679097890854,-0.013666044920682907,-0.006051263771951199,0.6562502598189901,-0.003915844485163689
27600,0.6107936813687354,0.0305351138505337,0.09439165541895647,0.1931042730053623,0.35673965828164317,3.2303154708598996,-0.062175850864675475,-0.1575921283837878,0.1639438803561403,0.3493144964444138,-0.16121044885701774,0.23030696275845844,0.15872795179685267,0.24792083008701082,0.3094737740540743,-0.0864816041861332,0.06167278140180738,0.3678328663705577,0.0065087340323002,-0.05586142711615024,0.6192869816005253,0.3607147328506858,0.15926027139327134,0.22659318447254842,0.6634161383620628,0.475370807766602,0.1671675570866625,0.9346026708769486,0.3506881956647199,0.011814954838442554,0.23082962723299755,-0.03554141922119225,0.9821092885946461,0.13550850462277694,0.14275259152942585,0.35585757447926125,-0.024652719497680664,0.0006050555966794491,-0.0010592167964205146,-0.010733199305832386,-7.979321526363492e-05,-0.0005465085851028562,-0.008421631529927254,-0.01704980619251728,-0.003248627530410886,-0.016900205984711647,-0.08325615525245667,-0.000320388819091022,0.00015773234190419316,-0.0030965879559516907,0.0005990097997710109,0.0002735866291914135,3.9041711942955355,-0.0010586213320493698,-0.0033783065155148506,0.0007666767342016101,0.0017000719672068954,-0.002337393816560507,1.0,0.02488829381763935,0.0041305068880319595,-0.003125990740954876,1.0,4832.002783594476,-0.06933873146772385,-0.010715574026107788,0.0001386083895340562,0.1078295186161995,0.10698352009057999,-0.0026963776908814907,-0.07371048629283905,-0.010973218828439713,-0.012923762202262878,-0.0025602830573916435,0.12005767971277237,0.3058580160140991,0.7822533114130132,0.00020768307149410248,-0.010075671598315239,-0.03326260298490524,-0.01351745706051588,-0.0018634814769029617,0.19410809874534607,-0.0023494884371757507,-0.04905170574784279,0.2547358493472416,-2.2446532966569066e-05,1.0,-0.0030988547950983047,1.0,0.36110007762908936,-0.0018394951475784183,0.08429757505655289,-0.008475356735289097,-0.02869519032537937,-0.007331045810133219,-0.06869497150182724,-0.041736748069524765,0.1192481989659407,-0.01150283869355917,-0.0021859905682504177,-0.0030521005392074585,-0.004964811261743307,-0.0033319909125566483,-0.06544367969036102,1.0,0.02,-0.0007226387388072908,-0.0013190724421292543,0.06631271541118622,1.0,-0.0006235080072656274,1.1562789407795433,-0.0011945347068831325,-0.006217289716005325,-0.037195608019828796,-0.001560576376505196,-0.0019049278926104307,-0.0010447443928569555,-0.013214112259447575,0.17684363294392824,0.000742858275771141,0.0686986303099995,-0.007474258076399565,-0.0017940427642315626,1.0,0.15249943733215332,-0.0033798059448599815,1.0,0.30461832551944085,-0.02114250510931015,-0.22239170968532562,-0.06841098517179489,-0.0017116727540269494,0.7185693580218596,-0.00397951016202569
27700,0.24722485823201823,0.09111049887083375,0.14715794884890102,0.21979021358564263,0.12193485811596516,1.500564423538851,0.08785487873355116,0.2740593273625597,0.02071488452749723,0.1782437154001505,0.2750386350725017,-0.1471105032311666,0.15970105505048623,0.2956550329318409,0.1254574031840694,0.4845589754341671,-0.10892547717010982,0.2546924404728304,0.008312558793908405,0.21934264033225007,0.44881597376190074,0.0868990413891464,0.2503222004928192,-0.01837143771633691,0.23574769959933348,0.03916015449643671,0.3688063070961513,0.7806377463959844,0.08880207276998273,0.11740747878505041,0.13975754583115726,0.06184606471571874,2.3701122865779496,0.2844515794208666,-0.094701592781501,-0.4203349418298245,-0.00495507474988699,0.0003575978334993124,0.0003203960368409753,-0.004660855978727341,-0.0007462154608219862,-0.005447183270007372,5.589798092842102e-06,-0.0014777234755456448,-0.0004610710602719337,-0.0038834207225590944,-0.0437643937766552,-0.000918840931262821,0.0002347501867916435,-0.0023276121355593204,0.00038719241274520755,0.0008003019611351192,1.2889630930277298,-0.02432076632976532,-0.0057983919978141785,0.0004478565533645451,0.004052274394780397,-0.00011434673797339201,1.0,0.009584656916558743,-0.00929033849388361,-0.004492382984608412,1.0,29639.74435265751,-0.023600377142429352,-0.00022296520182862878,0.0003017025301232934,0.13395629823207855,0.10895324498414993,0.0009748763404786587,-0.07895706593990326,-0.0017088372260332108,-0.040048904716968536,-0.00023357750615105033,0.13031356036663055,0.3571987748146057,0.2609491901268813,-0.002129550091922283,5.8910809457302094e-05,-0.017917580902576447,-0.008446450345218182,-0.018287576735019684,0.4066462218761444,-0.000933125033043325,-0.05572821944952011,0.3093469329446296,-0.00630225520581007,1.0,-0.05381043255329132,1.0,0.42908844351768494,-0.0018292688764631748,0.08362327143549919,-0.009050719439983368,-0.007572231348603964,-0.004495108034461737,-0.07242871075868607,-0.41956061124801636,0.3520730405013417,0.0012241131626069546,-0.0011281045153737068,-0.000230917998123914,0.0019292829092592,-0.034252963960170746,-0.09657502919435501,1.0,0.02,-0.001994202844798565,-0.0005640494637191296,0.17324773967266083,1.0,-0.0023352119605988264,2.523045907755114,-0.00015158532187342644,-0.0025181700475513935,-0.02664829045534134,-0.10854222625494003,-0.0023577811662107706,-0.000509257719386369,-0.001533561502583325,0.24797008465975523,-0.035956837236881256,0.116176711169452,-0.004235678818076849,-0.0011481185210868716,1.0,0.24435639381408691,-0.0028178670909255743,1.0,0.18313993557003133,-0.00218546693213284,-0.08517395704984665,-0.126936137676239,-0.0018033587839454412,0.22210634651210157,-0.009764032438397408
27800,0.270549197843917,0.04292566520859738,0.12402564839329333,0.01966769999641731,0.06822389073459678,4.4595763282140215,0.2042815005860911,0.09004369743466284,-0.14351747094365014,0.2597471019450872,-0.2688757730253928,-0.1602410522104116,-0.10605156725335607,0.13996035666998624,-0.19240623497050624,-0.14366986719517563,0.017596851485590863,0.42603304246419577,0.043796713922082176,0.08660233436986467,0.06067368706259797,-0.11471243708816763,0.18124563208106476,-0.11846894327474528,0.3519140328394392,-0.305275238247663,0.24473141560430514,0.8708078668416155,0.15307119345088258,0.09073531047598687,0.05935353073457712,0.10298206767299747,1.2259585950913146,0.09084942875399196,0.1570819142161331,0.15689737382878347,-0.01828041486442089,0.0003068584483116865,-0.0009638412157073617,-0.005624113604426384,-0.00034267513547092676,-0.00017266697250306606,-0.00608490826562047,-0.0035115929786115885,-0.006065386813133955,-0.003833028255030513,-0.0792631059885025,-0.001135510508902371,0.00016378139844164252,-0.0037206378765404224,0.00040210396400652826,0.00048335001338273287,5.583310896168916,-0.028091873973608017,-0.0015999702736735344,0.0003753050696104765,0.0024087452329695225,-0.00044784124474972486,1.0,0.05096842721104622,0.0045328401029109955,-0.0074438671581447124,1.0,46719.51979531736,-0.07533474266529083,-0.015287943184375763,0.00010353239485993981,0.12348414212465286,0.10135504603385925,-0.0037501277402043343,-0.0729207992553711,-0.005661536008119583,-0.012437578290700912,-0.0048461854457855225,0.06094437837600708,0.46320006251335144,0.3701839837426057,0.00019125643302686512,0.0001603737473487854,-0.04058758541941643,-0.016931461170315742,0.019579090178012848,0.33863916993141174,-0.0018941620364785194,-0.03400721773505211,0.24034362313555305,-3.257105709053576e-05,1.0,0.021082649007439613,1.0,0.38499534130096436,-0.00264242896810174,0.08396081253886223,-0.009092429652810097,-0.05159860476851463,-0.008146767504513264,-0.06968282908201218,-0.0418032743036747,0.110892469949454,-0.0024581975303590298,-0.00270189275033772,-0.0015691122971475124,-0.009377842769026756,-0.0016632521292194724,-0.0210270993411541,1.0,0.02,-0.002549323718994856,-1.9620521925389767e-05,0.19745779037475586,1.0,-0.0012818151153624058,1.3413131234386928,0.0019101655343547463,-0.008911550045013428,-0.021767791360616684,-0.008818883448839188,-0.0014932791236788034,-0.0017692998517304659,-0.006581851746886969,0.2399994796141982,0.0037139318883419037,0.11374105364684005,-0.005404140334576368,-0.0019513205625116825,1.0,0.24991990625858307,-0.0029795398004353046,1.0,0.30494249470626916,-0.004588115960359573,-0.2455228716135025,-0.10882960259914398,-6.682949606329203e-05,0.2937611341228808,-0.005057347007095814
27900,0.06759380220455384,0.3476135074955318,0.26968456711560196,-0.2692637352926181,0.0710542633122494,3.715010127739875,0.1762451273433166,0.13484638444441918,0.09087573830018537,0.31139190041416875,0.012380152199788323,-0.026936307540961157,0.13520405570657668,0.3278449226045524,-0.014630476306179642,-0.4035683010949636,0.042963871343770485,0.44527394252262725,-0.17984757982792093,0.20650437050268125,0.62281687853875,0.21397104735683653,0.7341179207254476,0.05779429567665238,0.1320851170001392,0.2651357124025842,0.36417940191254417,-0.14229432573663436,0.1660544152519277,-0.003640765074483061,0.29959684049946406,0.10133685860817589,2.2373208282840613,0.5422549538709406,0.04684912853553576,0.10395985383889107,-0.025395598262548447,0.0004022745415568352,-8.72660893946886e-06,-0.0003140235203318298,-0.0005519955884665251,-0.0015933056129142642,-0.000538041815161705,-0.0006793568609282374,0.0007417193264700472,-0.012552870437502861,-0.03973698243498802,-0.013473188504576683,0.0011713731801137328,-0.005360906478017569,0.00041301597957499325,0.0004591259057633579,5.163516611109874,-0.01654619351029396,-0.0011562379077076912,0.0006184414960443974,0.007824534550309181,0.00042802421376109123,1.0,0.014630104415118694,0.0051849279552698135,-0.01609673909842968,1.0,32391.0218698139,-0.03711614012718201,0.0001751938834786415,0.0005713830469176173,0.11102848500013351,0.1154056042432785,0.00013553816825151443,-0.06148069351911545,-0.001557287061586976,-0.0805167704820633,-0.0054911780171096325,0.08887770771980286,0.46848440170288086,0.1738406745280403,-0.0016246289014816284,-0.016087442636489868,-0.03895282745361328,-0.01059469673782587,-0.0125712426379323,0.13328060507774353,-0.0016525579849258065,-0.030529899522662163,2.623108341081015,0.0004699865821748972,1.0,0.002212265506386757,1.0,0.29018086194992065,-0.0020864864345639944,0.08419032767415047,-0.00949326902627945,-0.022424833849072456,-0.0023300466127693653,-0.05719323828816414,-0.3810020685195923,0.5652447403199479,0.00022298190742731094,-0.0005609384970739484,-2.540776040405035e-05,0.0022389846853911877,-0.002237627049908042,-0.07879813015460968,1.0,0.02,0.00023211404914036393,-0.0034300086554139853,0.11728332191705704,1.0,-0.012908067554235458,2.4880912434056524,0.0034393714740872383,-0.00850054994225502,-0.004015195183455944,-0.007295254617929459,0.00033067254116758704,-0.001594554865732789,-0.014408135786652565,0.18419262394309044,-0.05375329777598381,0.3246834006530525,-0.004914429504424334,0.0006882173474878073,1.0,0.14900000393390656,-0.0012447659391909838,1.0,0.3351537100150457,-0.0008862444665282965,-0.017647648230195045,-0.1184641644358635,-0.002742232521995902,0.19014030642665597,-0.007301355712115765
28000,0.5343752355891661,0.1732314152872357,0.07455009942453293,0.2966730523665523,-0.16968907755892618,3.3735804027648686,-0.06216616612712956,0.4481714610812433,0.45787018068470564,0.14527770013563857,0.13023397751239132,0.45047912152476177,-0.1500367808836545,0.1317451420297598,0.486911696086488,0.10124414713417929,0.0791924214046088,0.308822236656598,0.0850150873352643,0.4295880837075957,0.5908659007422635,-0.2556124985684649,0.19899608988123418,0.48481544499501256,0.6007455662120456,0.034287450702617725,0.31807670584193176,0.9795033525136305,-0.18494455912237173,0.14983520993797364,0.26709049178920835,0.16706211033389826,1.2405508076632963,0.27625146391269606,0.11481011007579561,0.2790825594481463,-0.030967211350798607,0.001031278632581234,-0.002700242679566145,-0.0050929756835103035,-0.0002744867233559489,-0.001408006763085723,-0.003703901544213295,-0.013477938249707222,-0.00018764991546049714,-0.011933263391256332,-0.0678376778960228,-0.00840720720589161,0.0003868318162858486,-0.00244582025334239,0.00032372906571254134,0.00041041753138415515,3.6845772901284644,-0.009766902774572372,-0.0015267054550349712,0.0012761843390762806,0.002476682886481285,-0.002024521119892597,1.0,0.01243453100323677,-0.002378202974796295,-0.0005240542814135551,1.0,15487.197437813495,-0.062332913279533386,-0.0005158482817932963,0.00032052569440566003,0.19660937786102295,0.14316041767597198,-0.0032835924066603184,-0.06139252707362175,-0.01935115084052086,-0.0914403572678566,-0.004878830164670944,0.2097257673740387,0.2783204913139343,0.41290083321446447,-0.0016241800040006638,-0.002832682803273201,-0.014190995134413242,-0.0041726999916136265,-0.005729677155613899,0.1833527386188507,-0.0026121551636606455,-0.07451440393924713,0.12851660830097622,-0.0035888352431356907,1.0,-0.0031534889712929726,1.0,0.5875440239906311,-0.002550833858549595,0.08539818041026592,-0.006002146750688553,-0.01840849779546261,-0.006838505156338215,-0.0594344362616539,-0.5733100175857544,0.28340312067308876,-0.00866092648357153,-0.003287025261670351,-0.014990882016718388,-0.0024093836545944214,-0.005478337872773409,-0.07638533413410187,1.0,0.02,-0.0015131136169657111,-0.0009714206680655479,0.12512555718421936,1.0,-0.010538718663156033,1.3982295576820634,-0.006946513429284096,-0.004435630980879068,0.002364124171435833,-0.0038541117683053017,-0.000408539897762239,-0.001496599055826664,-0.0029826348181813955,0.23231260664761066,-0.02454368770122528,0.20120699449705742,-0.006691172253340483,-0.00033905135933309793,1.0,0.1346624791622162,-0.003353024600073695,1.0,0.14611506344057087,-0.016531411558389664,-0.004893517587333918,-0.09320797771215439,-0.000714410562068224,0.5079562729331643,-0.00821640994399786
28100,0.19515045307849024,0.05418117737299175,0.1545987692999689,0.24282795703346385,0.3475127482668366,1.9586269610042202,0.15026802709996995,0.2522415599435497,0.23183400991640424,0.08199377941473446,0.08271713829487473,0.3309214126577642,0.09901352559811837,0.22556763027005783,0.22358872767002164,0.496581431714409,-0.05209076661598049,0.6109587785413663,0.2206061927076591,0.21070402818958986,0.6879520124385274,0.12259513462576344,0.33113599383497766,0.30521273114739816,0.6545881011165707,0.07353574154379099,0.41625049487651566,0.5583349449936922,0.2724853391503112,0.090556296040775,0.3505168581826187,0.2145158837896824,0.5978903673784228,0.16995772133093626,-0.003492804551912674,-0.141749660849953,-0.02926875278353691,0.0004683170118369162,-0.00031837253482080996,-0.010010615922510624,5.0405418733134866e-05,-0.0034120173659175634,-0.019961204379796982,-0.022694066166877747,-0.0029864520765841007,-0.012423351407051086,-0.1192123293876648,-0.007163581904023886,0.00014305906370282173,-0.008220113813877106,0.00017047161236405373,0.00040529368561692536,3.659168855563819,-0.01908530294895172,-0.004165170714259148,0.0005424475530162454,0.0005651779938489199,-0.0007804211345501244,1.0,0.01028567086905241,-0.0012745792046189308,-0.005765480920672417,1.0,23218.35326098768,-0.010858912020921707,-0.01055842638015747,0.0001390628603985533,0.22439736127853394,0.2185736894607544,-0.002167080296203494,-0.04015272110700607,-0.003265802748501301,-0.007978463545441628,-0.008398983627557755,0.12679633498191833,0.4497237801551819,0.22657499283811117,-0.0007387290243059397,-0.01917004957795143,-0.03507138416171074,-0.010017568245530128,-0.016943693161010742,0.8065835237503052,-0.004857717547565699,-0.03754119575023651,0.19882947420913835,-6.410604692064226e-05,1.0,-0.02272094413638115,1.0,0.42364418506622314,-0.0013928738189861178,0.08414767682552338,-0.004838068503886461,-0.01599600538611412,-0.0006584281800314784,-0.036039602011442184,-0.03657534718513489,0.2398306987271071,-0.013645350001752377,-0.00033538800198584795,-0.004006665199995041,-0.004124772734940052,-0.012279590591788292,-0.09958096593618393,1.0,0.02,-0.0018801994156092405,-0.003980183508247137,0.23231393098831177,1.0,-0.0070634628646075726,0.8437701352641699,-0.0010841990588232875,-0.01730988919734955,-0.005921161733567715,-0.03769377991557121,-0.0003662921371869743,-3.5249278880655766e-05,-0.0051599182188510895,0.3915434964001179,-0.02612685039639473,0.07532708413962916,-0.005632431246340275,-4.591414472088218e-05,1.0,0.6503151655197144,-0.0007550043519586325,1.0,0.09809895255271034,-0.0257759727537632,-0.012817330658435822,-0.0684213638305664,-0.0029332907870411873,1.4059292765538833,-0.005712656769901514
28200,0.44524688014461394,0.19827465587976123,-0.08776353328966044,0.0878339901901988,0.04332961823539076,4.084704310900671,-0.00042965401006837736,-0.1918156001568312,0.02662897519868417,1.380869965438844,0.1343757962136145,0.2799980569527134,-0.10170340315317046,0.5061770147801807,0.005446726672276367,0.4078159728076269,0.29915344525237847,0.6197660468918534,0.21871582551274982,-0.07850435728483873,0.40938855732112617,-0.1330421439648628,0.9402111500462901,-0.07863768369656363,3.739593178513526,-0.1684283091478282,0.3051112102816321,0.27885149535144094,-0.13114370383738527,-0.001682500472620481,0.46838781200498447,0.04608700473801694,3.2267253483042166,0.34757479630306976,0.526471876678868,0.38447613994780055,-0.029272092506289482,0.005143961403518915,-0.00034139957278966904,0.004526287317276001,0.00415935181081295,0.0005976835382170975,-0.03412361443042755,0.00047062430530786514,-0.0005374312750063837,-0.010830146260559559,-0.029064755886793137,-0.0026421844959259033,0.0008523038704879582,-0.0017646620981395245,0.004917110316455364,0.0007808590307831764,1.465259868518631,-0.011173456907272339,0.004211775027215481,0.016030531376600266,0.002566730137914419,-0.00011764615192078054,1.0,0.04401914030313492,-0.013612516224384308,-0.01374085433781147,1.0,54744.120062912225,-0.006419312674552202,-0.009085134603083134,0.0003767174493987113,0.204586461186409,0.1057446300983429,-0.003953638486564159,-0.026837609708309174,0.001194920390844345,-0.034928128123283386,-0.006928591523319483,0.10458002984523773,0.2707444727420807,0.24306777485357228,-0.005388057790696621,0.01633286476135254,-0.006763908080756664,-0.004304655361920595,0.007615387439727783,0.13846297562122345,-0.0012582240160554647,-0.030174734070897102,2.3975693956229533,-0.002782352501526475,1.0,0.017005326226353645,1.0,0.6234035491943359,-0.004934077151119709,0.0839410088956356,-0.005021824035793543,-0.015494766645133495,-0.0008765063248574734,-0.03887634724378586,-0.2769688069820404,0.34401688058604935,-0.015171641483902931,-0.00295210350304842,-0.0024021477438509464,-0.00786907970905304,0.003753015538677573,-0.02618725597858429,1.0,0.02,-0.002340121893212199,-0.003529725130647421,0.18494540452957153,1.0,0.0038780434988439083,3.8016128986045445,-0.006612860132008791,-0.0003218203200958669,0.01965302601456642,-0.0008895676583051682,-0.00041265651816502213,-0.009110482409596443,-0.0005525166634470224,0.21721492893993855,0.0006163008511066437,0.240375486811607,-0.008265676908195019,-0.0006948795053176582,1.0,0.10525190830230713,-0.001142594963312149,1.0,2.1019691902223494,-0.012020274996757507,-0.03897017985582352,-0.014408805407583714,-0.0032558999955654144,1.7554938655783747,0.003940263297408819
28300,0.10539446893410874,0.10647079652585459,0.09744626521023182,-0.18972438288461468,-0.5300787340608847,0.8235865410474017,0.11237041062852729,-0.20141642454636174,0.0851229815479023,0.08001335319188643,-0.15740067960655926,-0.09961908568403191,0.008828207217897621,0.099948722424427,-0.017173746977265068,-0.3516604845057917,0.01851109880642445,0.3381961477185466,0.02242111061800269,-0.12856134937906966,0.6310223433447644,0.05218330118504283,0.09190811082673421,-0.305497240257811,0.2892312286314152,-0.0667203894014107,0.3785733902935524,-0.062279733809164024,0.07682280237739611,-0.09605679226178804,-0.1273008682954563,-0.26962791936835695,0.5755590973037131,0.10654063353175296,0.02252912849795128,-0.08433228531131108,-0.02952178195118904,0.0003454485267866403,-0.004064454697072506,-0.015508814714848995,-0.000904474058188498,-0.002276906045153737,-0.0188334658741951,-0.04843856021761894,-0.0035994627978652716,-0.0185085516422987,-0.02951764687895775,-0.0055259461514651775,0.00012854576925747097,-0.0011929691536352038,0.0002169592335121706,0.0002452502667438239,2.9536868591679766,-0.02951015718281269,-0.008362268097698689,0.0003554033755790442,0.0007294081733562052,-0.0038473503664135933,1.0,0.013567289337515831,-0.003439880907535553,-0.010322527959942818,1.0,5339.202255675651,-0.006733254995197058,-0.012544658966362476,0.0001456919708289206,0.2124294638633728,0.21364623308181763,-0.0020447312854230404,-0.006841027643531561,-0.0021538683213293552,-0.009007047861814499,-0.008825073018670082,0.08119406551122665,0.567704439163208,0.099291753647543,-0.0016628506127744913,-0.009004378691315651,-0.03973717987537384,-0.012346700765192509,-0.014722300693392754,0.1876259297132492,-0.0024720639921724796,-0.005040379241108894,0.13037703500508735,-0.0017293222481384873,1.0,-0.006477277725934982,1.0,0.3723115921020508,-0.0017996029928326607,0.08419754542410374,-0.0005052247433923185,-0.022645199671387672,-7.368430669885129e-05,-0.006637202110141516,-0.035475701093673706,0.15216121531644536,-0.012857869267463684,-0.0003842329606413841,-0.00032429464044980705,-0.005246425047516823,-0.014354163780808449,-0.10096012055873871,1.0,0.02,-0.0016217592637985945,-0.0038298885338008404,0.21728886663913727,1.0,-0.005224314983934164,0.7268939985031229,-0.0019867620430886745,-0.009936590678989887,-0.027678275480866432,-0.03401822969317436,-0.001176829100586474,-0.0015857217367738485,-0.01699182204902172,0.25650134589523077,-0.014040352776646614,0.1471659422241222,-0.008015491999685764,-0.00015233070007525384,1.0,0.1998101770877838,-0.0016071706777438521,1.0,0.15570704616766093,-0.055216312408447266,-0.07579389959573746,-0.16939575970172882,-0.0032859393395483494,0.2319870819164228,-0.005798099096864462
28400,0.3545895646367981,0.060145513042658534,0.17237421888177074,0.09092280501110331,0.47178531498336157,3.5503305271042747,-0.2237052613774784,-0.19238676698567214,0.022858854218103727,0.16087280966480688,0.2281416418920034,-0.07415909166271305,-0.04843651911949353,0.33799263604797075,-0.152561372081582,0.487281971791833,-0.013439042682277531,0.25269808392881765,0.0889448955549236,-0.2613932090860791,0.07987931846786456,0.07227144316364055,0.16158327769643985,-0.051315779786617624,1.1262820384230374,-0.10107394575771145,0.22835164286445114,0.5326838933356183,0.3431477053312475,0.0693770459260866,-0.03301277936625416,0.14476583550138977,0.49123561168495805,0.21640927919273148,0.27930885058432414,0.2536004000785306,-0.027565848082304,0.0004509654827415943,-0.0008261638577096164,-0.003131464123725891,-0.001669351477175951,-0.0004247016040608287,-0.017626551911234856,-0.026020711287856102,-0.0011050052708014846,-0.004719891585409641,-0.0814947560429573,-0.0036902702413499355,0.00029262807220220566,-0.004069377668201923,0.0006971735856495798,0.00029633211670443416,3.8194751253686445,-0.029479436576366425,-0.007625680882483721,0.0009115122957155108,0.0006662820233032107,-0.001702071400359273,1.0,0.05387920141220093,0.016816359013319016,-0.0046168165281414986,1.0,12570.700642715608,-0.013484857976436615,-0.003721016924828291,0.00016306614270433784,0.09289593994617462,0.27933835983276367,-0.000592960393987596,-0.06977301090955734,-0.007255186326801777,-0.06010777875781059,-0.005511660128831863,0.09434673190116882,0.7078260183334351,0.33598834392941457,-0.002692725509405136,0.008945014327764511,-0.04217260330915451,-0.014707144349813461,-0.009511083364486694,0.14355164766311646,-0.0031267113517969847,-0.003887442871928215,0.25837302863846245,-0.0037795505486428738,1.0,0.029197271913290024,1.0,0.37370866537094116,-0.003180847503244877,0.08417051285505295,-0.009704708121716976,-0.004824086092412472,-0.0013874371070414782,-0.06793022155761719,-0.3869325518608093,0.23025004817041664,-0.012418542988598347,-0.0014925652649253607,-0.0012637871550396085,-0.0025478540919721127,-0.0021565337665379047,-0.023524895310401917,1.0,0.02,-0.0007518978090956807,-0.0005101520800963044,0.30783015489578247,1.0,-0.0029691278468817472,0.7335374079099143,-0.008558698929846287,-0.011185561306774616,0.022141650319099426,-0.0074243610724806786,-0.001426971866749227,0.0005090591730549932,-0.0011803396046161652,0.26553770899772644,0.030167460441589355,0.09003306995229367,-0.004054185003042221,-8.460250683128834e-06,1.0,0.12480415403842926,-0.0019758667331188917,1.0,0.166174119062863,-0.029381752014160156,-0.0022996817715466022,-0.022615065798163414,-0.0003898628056049347,1.2587723645954811,-0.0015638947952538729
28500,0.5212365535588237,0.17649936030563973,0.11706756882407289,0.06000787515835705,0.549831388002548,4.076100113273048,-0.16056807273460674,-0.4853541780903568,-0.16940703226856169,0.07943045244563436,-0.08910958829961012,-0.5014637466533316,-0.11128897637507468,0.3182000540601103,-0.14185979363258244,-0.24323810378132957,-0.11516709239926416,-0.10500706583414249,0.03183926467057292,-0.16804575127948557,0.17549926045555117,-0.24577998563139486,0.1280022405353474,-0.1906843020556718,3.1649910841914655,-0.3331355107658287,0.21614667770452112,0.37170063983423507,0.23421766480252681,0.03999237983435257,-0.08756879726208139,0.31877520298259754,0.3978157173953609,0.11950602495837079,0.0989857231702569,-0.002262140119690178,-0.0262274332344532,0.0005756703321821988,-0.0008997736149467528,0.004971851594746113,-0.000997053226456046,-0.00327977049164474,-0.012650744058191776,-0.03328724205493927,-0.0067305793054401875,-0.012853303924202919,-0.02525315433740616,-0.03397545590996742,0.0001120262750191614,-0.004051627591252327,0.00017986902093980461,0.0003259889199398458,5.090480514293537,-0.028529874980449677,-0.0006880806176923215,0.009733576327562332,0.0005135652027092874,-0.0023713295813649893,1.0,0.02660682052373886,0.013141149654984474,-0.004093202296644449,1.0,17819.246258487015,-0.012280994094908237,-0.009172936901450157,0.0002890195173677057,0.08927177637815475,0.09540150314569473,-0.0009331597830168903,-0.06001826748251915,-0.014442145824432373,-0.01289180014282465,-0.009832216426730156,0.1130295842885971,0.6267783641815186,0.5249864416017187,-0.003313918597996235,-0.0013258792459964752,-0.04023396596312523,-0.016663331538438797,-0.022686906158924103,0.1932568997144699,-0.003640234237536788,-0.002210085280239582,0.19000411030518818,-0.007466799579560757,1.0,0.011072678491473198,1.0,0.5125455856323242,-0.0029039601795375347,0.08413451537489891,-0.01122312992811203,-0.014358081854879856,-0.0020537679083645344,-0.06814590841531754,-0.10639192909002304,0.16166875479136633,-0.015362288802862167,-0.0011586641194298863,-0.0028374495450407267,-0.0035097901709377766,-0.0006896700360812247,-0.06461678445339203,1.0,0.02,-0.0008796597248874605,-0.004094580188393593,0.16117972135543823,1.0,-0.022380787879228592,0.6560499819924313,-0.004445162136107683,-0.011257513426244259,-0.031494881957769394,-0.01863500103354454,-0.0014437501085922122,0.003915521316230297,-0.013358905911445618,0.25491406209766865,-0.03167688474059105,0.21216243675689775,-0.004933082964271307,-9.275930642616004e-05,1.0,0.24784906208515167,-0.0022766340989619493,1.0,0.14340007535811033,-0.028467398136854172,-0.006642999593168497,-0.10390645265579224,-0.002832707017660141,2.2668470351627783,-0.002841130830347538
28600,0.24597764986880274,0.1197285105747998,-0.04547079249868141,0.03326876273573186,-0.25540654356874887,0.8204101677402332,-0.06964795414931917,0.4942477434193474,0.12865492076624757,0.35867211001709637,0.06663985379651971,0.3861131114226178,0.2642285499074464,0.03651955997308717,0.18047132415064726,0.18393802866860268,0.10725541211249703,0.5057914927524905,-0.01013237356472416,0.29962461021480835,0.5610202471168266,0.2779284694301962,0.26295761961367303,-0.018326436511444263,0.303186970282627,0.45119926440021435,0.25485230366481154,0.17670101969738153,0.05822377048956479,0.08974035634917119,-0.1284513951819034,0.11137111643741163,1.1620606219445686,0.19406230539557634,0.0649956328428425,-0.0020469123579035537,-0.029482563957571983,0.0009376306552439928,-0.0020243851467967033,-0.012963078916072845,-0.005786975845694542,-0.00043553748400881886,-0.00658755237236619,-0.01976836659014225,-0.002552392892539501,-0.009319698438048363,-0.023947827517986298,-0.006173637229949236,0.00018514826660975814,-0.004293540026992559,0.0004987158463336527,0.00044120708480477333,1.5475242760298864,-0.015802059322595596,-0.008608761243522167,0.0004682864237111062,0.002061509992927313,-0.0030429477337747812,1.0,0.008653226308524609,-0.02159518003463745,-0.005301483441144228,1.0,2932.010144398871,-0.008186852559447289,-0.009283650666475296,0.00018728604482021183,0.19385461509227753,0.13481688499450684,0.00048339879140257835,-0.06535299122333527,-0.004830107092857361,-0.0125107541680336,-0.004854029044508934,0.07427611947059631,0.2231825590133667,0.2264138923544592,-0.0011042631231248379,-0.01106394175440073,-0.03458398953080177,-0.012650376185774803,-0.01214075181633234,0.1310543417930603,-0.0021968353539705276,-0.058148499578237534,0.32884592296053633,-0.004682503174990416,1.0,-0.026778433471918106,1.0,0.39934173226356506,-0.002747692633420229,0.08379069156944752,-0.007714363746345043,-0.010296804830431938,-0.0015268687857314944,-0.06414460390806198,-0.03853742033243179,0.17630057192461343,-0.0068277944810688496,-0.00026867614360526204,-0.0012203941587358713,-0.00161450682207942,-0.0013643342535942793,-0.09724726527929306,1.0,0.02,-0.0009128735982812941,-0.0005005404818803072,0.09988703578710556,1.0,-0.005099811591207981,1.321873371297493,-0.005162766668945551,-0.010484309867024422,-0.029499325901269913,-0.010423962026834488,-0.0011481782421469688,-0.003568644868209958,-0.011530651710927486,0.16530720423907042,-0.015952829271554947,0.1728643617450317,-0.006513787899166346,-0.00026140842237509787,1.0,0.06604434549808502,-0.0013010841794312,1.0,0.29979374469796016,-0.021596616134047508,-0.019874779507517815,-0.08249585330486298,-0.0003017840499524027,0.2221447289462305,-0.0045884656719863415
28700,0.34730096342590916,0.20496298704119748,0.1262146919173531,-0.11137753186088174,-0.5179389478250208,3.7157421789479903,-0.14330786588347416,-0.04273411468708739,0.3032958798634432,0.21402571042722748,-0.11734944221910473,0.46871857138336903,-0.027422104913062885,0.5037697556537493,-0.1277175218270731,-0.42982705923061343,0.05012482420669577,0.6532126989359331,0.066338277072644,-0.018475028614261802,0.2674834242275745,0.21364124914228694,0.34091060124934813,-0.21258467022963498,0.3111705688887323,0.11036341823622761,0.31416767949453417,0.5919646600033412,-0.18619783154043953,-0.12663833736051758,0.10175288801221896,-0.18580027564384713,0.6168451582761805,0.04295304408327076,0.45592988028498616,0.31314646574504007,-0.014242051169276237,0.0005507732857950032,-0.0025965096428990364,-0.012202048674225807,-0.0028842308092862368,-0.00026742476620711386,-0.015006115660071373,-0.04794798046350479,-0.0009691644227132201,-0.011054744012653828,-0.03431038558483124,-0.0157964825630188,0.00012519597657956183,-0.0038243564777076244,0.0011282347841188312,0.0006319709355011582,4.980170651378767,-0.014590231701731682,-0.006464955862611532,0.000515453633852303,0.0011936933733522892,-0.0035765033680945635,1.0,0.01708219386637211,0.007157361134886742,-0.0049362690187990665,1.0,18110.377486709065,-0.03686124458909035,-0.006972611881792545,0.00023980412515811622,0.15646179020404816,0.10352380573749542,-0.001775397453457117,-0.0664842501282692,-0.00718339066952467,-0.009162905625998974,-0.004274820908904076,0.11878208070993423,0.37895435094833374,0.3474833424846354,-0.0009626973187550902,0.0025985175743699074,-0.03176311030983925,-0.006427970249205828,0.0036818115040659904,0.07589840143918991,-0.0008186891209334135,-0.003146309871226549,0.16753945927343666,-0.0006284746341407299,1.0,0.00789438933134079,1.0,0.2760424017906189,-0.0038760369643568993,0.08469436317682266,-0.00797973945736885,-0.014719229191541672,-0.005682866554707289,-0.06386841833591461,-0.023083047941327095,0.064183564630717,-0.0031432807445526123,-0.0031153978779911995,-0.006932924035936594,-0.0033293417654931545,0.0001093525206670165,-0.0745493546128273,1.0,0.02,-0.0013034929288551211,-0.00017817161278799176,0.11693955957889557,1.0,-0.014102764427661896,0.7513308958099354,-0.007138207089155912,-0.00789257138967514,-0.04327020049095154,-0.003881367389112711,-0.002064313041046262,-0.00028816942358389497,-0.026741310954093933,0.16311143524944782,-0.04776020348072052,0.2583129447262135,-0.007435925770550966,-0.0015791229670867324,1.0,0.07828909158706665,-0.003319978713989258,1.0,0.1293600791683533,-0.05318219214677811,-0.009364362806081772,-0.24302203953266144,-0.0007760365260764956,0.28058370333217,-0.0016279128612950444
28800,0.15902040144228882,0.06185971231177796,0.16797880209505078,-0.3504681543264473,-0.3126773367905822,1.1205810645599212,-0.2747530152628179,0.04726036039619701,-0.034466921271963935,0.0975247237672882,-0.15895124247448206,0.17059125536216269,-0.098235070434237,0.35268974925429464,0.07415558352902957,-0.32441048654926524,-0.09976815443709236,-0.17325040848326645,-0.08141837979622778,0.1356183086015355,-0.027231829279349543,0.3271976855130614,0.1423191321739962,0.48879535966844256,0.3942711133065863,0.11504285753712232,-0.26900324830275146,0.24390493280423814,-0.07486355557478104,-0.12238595861438936,0.09996267245266661,-0.12784150642310327,0.5155167378585782,0.09154156112603568,0.026624859981726402,0.16119300291315253,-0.02385246753692627,0.00039924075827002525,-0.0032423832453787327,-0.014605781994760036,-0.0018818830139935017,-0.0048147207126021385,-0.0026295469142496586,-0.03791065514087677,-0.0013298115227371454,-0.01929292269051075,-0.0823935940861702,-0.003742244793102145,0.0002061012201011181,-0.002742836717516184,0.00017995918460655957,0.0003192148869857192,2.251099700738769,-0.009930986911058426,-0.010072031989693642,0.0003705575945787132,0.0009779927786439657,-0.0037769137416034937,1.0,0.003646264085546136,-0.005245755426585674,-0.004797634668648243,1.0,2109.755656321456,0.00010035111336037517,-0.007578067481517792,0.00013447902165353298,0.10110340267419815,0.04401519522070885,-0.00022188317961990833,-0.025144249200820923,-0.015608315356075764,-0.006700137630105019,-0.007299978286027908,0.08292590826749802,0.4049769937992096,0.13137449949325,-0.00014997438120190054,-0.010087557137012482,-0.023463139310479164,-0.010850266553461552,-0.011903527192771435,0.26928675174713135,-0.0016727317124605179,-0.03137065842747688,0.10028630856365842,-0.0002841055393218994,1.0,-0.0012999104801565409,1.0,0.2363034188747406,-0.0019943045917898417,0.08297696337103844,-0.002130065346136689,-0.013245183043181896,-0.0002472690539434552,-0.023900987580418587,-0.02045269124209881,0.13274680882015394,-0.013876102864742279,-0.0002224873605882749,-0.009409449994564056,-0.004593461751937866,-0.013855043798685074,-0.10131601244211197,1.0,0.02,-0.0012855525128543377,-0.001740551320835948,0.07068724930286407,1.0,-0.0032223768066614866,0.6923885928238184,-0.006079230457544327,-0.0024791723117232323,-0.058813005685806274,-0.03385303169488907,-0.001365477335639298,-0.001315859379246831,-0.011767248623073101,0.17319205543026328,-0.009876075200736523,0.13370447195877966,-0.009244212880730629,-0.00013317534467205405,1.0,0.17623752355575562,-0.0018480856670066714,1.0,0.12145550969701356,-0.0432153195142746,-0.1177598237991333,-0.1409316509962082,-0.0017325009685009718,0.8331297255274464,-0.004705490078777075
28900,0.73980680805035,0.4103283814558003,0.043040207588255344,0.07811890057628246,-0.41254657951745505,3.8696419172155765,-0.21621998703681689,0.0845232953187728,0.5570287211693106,0.1780004414163665,-0.05717199450633138,0.5681825625427908,-0.046587490659133084,0.2708366359821768,0.46414875416345747,-0.45219926393749676,-0.013532918118985778,-0.24625290006257305,0.013275319442464972,0.27555517965454257,-0.1143401762716253,-0.2074838569424255,1.046360027297062,0.4356844660951367,0.7941175193591253,0.2034441064697911,0.224655287719335,0.9752183354833274,-0.4138912871737326,0.06097502721260098,0.07197285607889259,0.0884941823659627,0.4951062934361582,0.19104013057579788,-0.010831414933825433,0.2630089184383708,-0.023786228150129318,0.001152904937043786,-0.004312306642532349,-0.00021615787409245968,-0.0009024625178426504,-0.001282282406464219,-0.0063474951311945915,-0.04605961591005325,-0.00040728499880060554,-0.014673907309770584,-0.058464810252189636,-0.014046799391508102,0.00015440226707141846,-0.002132308203727007,0.00019707750470843166,0.0005748828989453614,1.6569444774320297,-0.02049221098423004,-0.001265272730961442,0.0013293083757162094,0.0009784053545445204,-0.004812060389667749,1.0,0.031538113951683044,-0.00047282874584198,-0.002169797895476222,1.0,19166.627831112775,-0.05500498786568642,-9.211974975187331e-05,0.0006656054174527526,0.2859310805797577,0.05992608517408371,-0.002419313183054328,-0.06005772203207016,-0.0086265429854393,-0.08590668439865112,-0.0032579214312136173,0.08840013295412064,0.39723190665245056,0.7029491399873844,-0.0010147782741114497,-0.005656920373439789,-0.03073507733643055,-0.009490681812167168,-0.011877764016389847,0.22653250396251678,3.5645090974867344e-05,-0.010381058789789677,3.921931744817412,-0.0009734107297845185,1.0,0.009141312912106514,1.0,0.692755937576294,-0.0026129349134862423,0.08321268111467361,-0.0057039158418774605,-0.01689036376774311,-0.0050483341328799725,-0.05847198888659477,-0.421959787607193,0.19488034378891372,-0.008778565563261509,-0.003032288746908307,-0.003542870981618762,-0.00015727384015917778,-0.00712233642116189,-0.0660291239619255,1.0,0.02,-0.00027722364757210016,0.0007088330457918346,0.24838387966156006,1.0,-0.014623628929257393,0.5994265238577828,-0.005612188018858433,-0.004173031076788902,-0.032741643488407135,-0.004117644391953945,-0.0012147686211392283,-0.0017226464115083218,-0.014568766579031944,0.2728813625872135,-0.0338580459356308,0.43889852648721916,-0.01117728091776371,-0.0009112248080782592,1.0,0.18388937413692474,-0.0022756701800972223,1.0,0.23383041587280845,-0.053456977009773254,-0.009227871894836426,-0.14176824688911438,-0.00019407388754189014,0.825652515394728,-0.004004030022770166
29000,0.21368883978090722,0.1579190302872955,-0.06183454589884437,0.30780477808986867,0.43465118151298454,2.3941291489521372,0.2285945452607419,0.31218030598073276,0.04552400083631522,0.09685274348474544,0.0329722024791375,-0.022853457089644313,0.16457362639687192,0.19625550524792246,0.25916497305033387,0.10173163363394667,-0.012502190113858528,0.2323761957742455,-0.016645852150743545,0.2896775570595196,0.2764097536859038,0.12110864940638612,0.1267884106291011,0.14163341236469343,0.26524729352570126,0.39214659414744557,0.3637866525609188,0.8758902423609267,0.3924037199343364,-0.021954596525670854,0.2494776965283057,-0.06548681784119571,0.6660679329196604,0.30965927459553744,-0.044050801321857264,-0.1221666109321209,-0.02686259336769581,0.0002606000634841621,-0.0024910466745495796,-0.011458446271717548,-0.0007450839621014893,-0.001518716337159276,-0.0024490896612405777,-0.030033163726329803,-0.001788536785170436,-0.006270277313888073,-0.08461415022611618,-0.0007468866533599794,0.0003901182790286839,-0.004369581118226051,0.00014937756350263953,0.00027757338830269873,0.4268935677843261,-0.008209177292883396,-0.005699031986296177,0.0003435357357375324,0.0010525172110646963,-0.003349249018356204,1.0,0.012459405697882175,-0.009351962246000767,-0.002797804307192564,1.0,2791.264851936594,-0.067523293197155,-0.010588040575385094,0.00024441746063530445,0.2846556603908539,0.21292072534561157,-0.003463065018877387,-0.05983889102935791,-0.005079003982245922,-0.009912272915244102,-0.0014749434776604176,0.23316383361816406,0.4120933711528778,0.3353872777650885,-0.0030303371604532003,-0.0010861670598387718,-0.02072928287088871,-0.009296885691583157,-0.013881965540349483,0.3221701383590698,-0.0012296459171921015,-0.033674679696559906,0.22424921391874134,-0.003980207722634077,1.0,-0.01277842279523611,1.0,0.7220604419708252,-0.001427407143637538,0.08296231180429459,-0.007321386598050594,-0.016183191910386086,-0.009871039539575577,-0.05772389471530914,-0.034923456609249115,0.24302216499692011,-0.006892921403050423,-0.0033947937190532684,-0.0014773018192499876,-0.002695883857086301,-0.003800830338150263,-0.10038630664348602,1.0,0.02,-0.0002807354321703315,-0.0008767149993218482,0.14205682277679443,1.0,-0.000333281175699085,0.7536529131704934,-0.0009335295762866735,-0.0025274765212088823,-0.005857526324689388,-0.01747579500079155,-0.002012458397075534,-0.0015550707466900349,-0.010419611819088459,0.31823533959686756,-0.008875484578311443,0.1794596599151132,-0.0039168456569314,-0.0020172076765447855,1.0,0.2167617231607437,-0.006683799903839827,1.0,0.08977211936038826,-0.03422579541802406,-0.021926885470747948,-0.11119969189167023,-0.0009641158976592124,0.2574933222571215,-0.0038746357895433903
29100,0.1259847359448766,0.031082843884365923,-0.09335458160506349,0.13955996608658022,-0.5067550003615178,1.8172223716844929,-0.009414452378860329,0.32221727435202563,-0.0810099020097709,0.03445817905328762,0.14589404166122966,-0.009456974297699795,-0.17108757721419518,0.031115507804467757,-0.08169320939163721,0.03615019825790512,0.24680362528738106,0.032842035470860856,0.04540882982298049,0.162757180450079,0.44069085778319605,-0.1801156390284276,0.06338365911008019,-0.09908058628115902,0.1300747549124661,-0.1286537247292168,0.2513533709889564,0.440470237950991,-0.3785263343897839,-0.31524947176370927,0.28234619184238463,-0.24810761447459784,0.4445869782278785,0.1255406178009509,0.35507429427994536,0.0869179694164546,-0.018510179594159126,0.0003084170166403055,-0.003861886216327548,-0.0041860416531562805,-0.0016124271787703037,-0.0023116881493479013,-0.01629466377198696,-0.04363013058900833,-0.008460311219096184,-0.010410741902887821,-0.003404962830245495,-0.0009071952663362026,0.00014447615831159055,-0.02470911666750908,0.00016417779261246324,0.0002552226069383323,1.8745171181869646,-0.012879964895546436,-0.0003446504706516862,0.0004409385146573186,0.0006377747049555182,-0.004179706797003746,1.0,0.012614688836038113,0.0024478714913129807,-0.007333766203373671,1.0,6548.549334767838,-0.007413138635456562,-0.013902858830988407,0.00012247092672623694,0.30049991607666016,0.13853970170021057,-0.0006432714872062206,-0.002957557328045368,-0.001241884077899158,-0.009222058579325676,-0.00827999971807003,0.178300142288208,0.6081573367118835,0.1445670360699633,-0.00011056120274588466,-0.01132287923246622,-0.03656802698969841,-0.01370283868163824,-0.0035941218957304955,0.1661578118801117,-0.003245173953473568,-0.00921726692467928,0.12639817419520347,-0.00014270073734223843,1.0,0.001232595182955265,1.0,0.5237079858779907,-0.0013423061463981867,0.08415665477514267,-0.002448744373396039,-0.015967464074492455,-0.001067069242708385,-0.003313904395326972,-0.03638209030032158,0.17527159750091423,-0.011480712331831455,-0.00032155890949070454,-0.00016914296429604292,-0.0028142016381025314,-0.019430704414844513,-0.09513159841299057,1.0,0.02,-0.000623347470536828,-0.006281730718910694,0.15070974826812744,1.0,-0.0007711141370236874,0.6784527344747799,-0.0013828977243974805,-0.012203964404761791,-0.033928729593753815,-0.01909283548593521,-0.0005404347321018577,-0.0008291845442727208,-0.015509070828557014,0.2798305209726095,-0.02281397581100464,0.07378508741570376,-0.004370938055217266,-0.0002942562859971076,1.0,0.17257152497768402,-0.0003671976155601442,1.0,0.07620214319441955,-0.050332434475421906,-0.07811766862869263,-0.11591824144124985,-0.005528309848159552,0.15618924268877327,-0.005153459031134844
29200,0.25307609432147166,0.15907286273041538,0.03974859235886638,-0.04255100130159705,0.40447118961091943,3.8836965900386176,-0.16361217344926993,-0.10814075114476923,-0.3585635548780347,0.18710330379807102,0.02349230564771964,-0.49537152290143993,-0.18024637538214439,0.36302872875715786,-0.21550855924469184,0.38981479602855584,0.22751761176487056,-0.03399194634088137,0.04937180073562658,0.11458466361948787,0.10539503420195245,-0.08691130391141616,0.3860515693294492,-0.13861518186337504,0.20519459189123732,0.291214213390103,0.545518845383238,0.8884258594015059,0.3609064920595078,0.11503341178817157,-0.06534880151024196,0.18913808123946724,0.6036697571648982,0.1655459628365647,0.13803867787243318,0.2749034767994671,-0.006851273588836193,0.00030217968742363155,-0.0017932555638253689,-0.00022682256530970335,-0.00041883430094458163,-0.00024051866785157472,-0.015216725878417492,-0.015488146804273129,-0.00016029072867240757,-0.003188305301591754,-0.066410593688488,-0.018078286200761795,0.00010178099910262972,-0.004404269624501467,0.00016825713100843132,0.00028929352993145585,1.2455311752674032,-0.0014334190636873245,-0.0008605918847024441,0.0005094228545203805,0.0009483965113759041,-0.0016515172319486737,1.0,0.015192864462733269,0.0015027876943349838,-0.004441902041435242,1.0,11987.790622209206,-0.06432982534170151,-0.00010956497862935066,0.00018488362547941506,0.15805500745773315,0.17757663130760193,-0.002280919346958399,-0.06872717291116714,-0.005127026699483395,-0.09718417376279831,-0.0033908819314092398,0.1394021362066269,0.39150184392929077,0.3278506678974799,-0.0009994496358558536,0.002877618186175823,-0.03651440888643265,-0.010581077076494694,0.007365639321506023,0.2897503972053528,-0.00168274762108922,-0.04034065082669258,1.3198184519125267,-0.0005703898495994508,1.0,-0.003684697672724724,1.0,0.36809006333351135,-0.002137994859367609,0.08391757681965828,-0.010368055664002895,-0.02117067761719227,-0.008953702636063099,-0.06453567743301392,-0.4650970697402954,0.19847290110828725,-0.009447366930544376,-0.0025350567884743214,-0.0021022334694862366,-0.0009343655547127128,-0.0014428305439651012,-0.08524364233016968,1.0,0.02,-0.0014065536670386791,-0.0032611587084829807,0.08228420466184616,1.0,-0.01892947405576706,0.8682010929256738,-0.005894524045288563,-0.009199734777212143,0.003978552296757698,-0.00323556549847126,-0.0015424499288201332,-0.0001357977744191885,-0.019928427413105965,0.23793810326606035,-0.03489465266466141,0.17509146749318044,-0.0016995237674564123,-0.0015802246052771807,1.0,0.2968445420265198,-0.0036555109545588493,1.0,0.2308030923533794,-0.01960519328713417,-0.011606459505856037,-0.13903003931045532,-0.004033486824482679,0.21306290517389967,-0.006461321841925383
29300,0.30577292903397274,0.08204587414435384,0.09453298823719394,0.31037072127655124,0.6016035389414544,5.083142122783305,0.3212236400664762,0.2045626362115921,0.4299731036158828,0.27999784338074424,-0.0009812450532775997,0.49323846168776553,0.284483817261141,0.6345022821055297,0.443311444425909,0.10768330213191446,0.12436369848433607,0.5398544325423527,0.05354674770166276,0.2376386411731936,0.6478890202533263,0.45901041478897775,0.30640746457164364,0.3358515637533555,0.44379121242316594,0.5497529297905752,0.2961076778499921,0.9233153782647319,0.5984264070812104,0.1772300037669815,0.27011479525517734,0.11562978886264208,0.6826285893296913,0.0802797505820074,0.18270166435808033,0.3051908129662934,-0.006605400238186121,0.0003393885854166001,-0.0014302392955869436,-0.010548540391027927,-0.00033655049628578126,-0.0012051282683387399,-0.004435989540070295,-0.030844377353787422,-0.0036405581049621105,-0.01577378623187542,-0.0742349848151207,-0.00733677064999938,0.00011566612374735996,-0.002315951744094491,0.0005202013999223709,0.0004319553554523736,5.833717379033602,0.006953313946723938,-0.004455558490008116,0.00042372767347842455,0.0008439975208602846,-0.0034045237116515636,1.0,0.04870487004518509,0.011328041553497314,-0.002521681133657694,1.0,20948.299644739163,-0.05963975191116333,-0.010712768882513046,0.0001243986189365387,0.13879816234111786,0.10283276438713074,-0.0014228736981749535,-0.06868372857570648,-0.0172161553055048,-0.011770790442824364,-0.000311986543238163,0.06822271645069122,0.4322652220726013,0.38999959977784027,-0.00054913479834795,-0.00018449872732162476,-0.027156444266438484,-0.009345938451588154,0.02230752445757389,0.29664212465286255,-0.0013099451316520572,-0.02732299640774727,0.4120210131667064,-8.946308662416413e-05,1.0,0.03668998181819916,1.0,0.46093448996543884,-0.001699524000287056,0.08391552977263927,-0.00766734080389142,-0.01937699317932129,-0.00599740631878376,-0.06553906947374344,-0.03689552843570709,0.06073935814611966,-0.004640319384634495,-0.0021258066408336163,-0.008952656760811806,-0.003726338502019644,-0.002081480575725436,-0.017210088670253754,1.0,0.02,-0.0005562948645092547,1.896423054859042e-05,0.06505986303091049,1.0,-0.00685526430606842,0.9804066189060111,-0.0010487302206456661,-0.003356665838509798,-0.0066363513469696045,-0.00368799502030015,-0.001399880275130272,-0.0006496977293863893,-0.011914343573153019,0.22372407373040915,0.009002458304166794,0.09204213940062911,-0.00474287336692214,-0.0010087069822475314,1.0,0.22503724694252014,-0.002952722366899252,1.0,0.23957966225982988,-0.034949205815792084,-0.023593120276927948,-0.06442011892795563,-0.0017848407151177526,0.46889221517186785,-0.0028182375244796276
29400,0.06772590894854869,0.15746038556998793,-0.12706975771770845,0.0697937944351448,-0.07210542587120922,0.7174120784226709,-0.1429338719262431,0.23399595391601785,0.24531696578879522,0.11802001318550252,0.04630197551890543,0.26328506881196034,0.12284819732517656,0.20607880646027038,0.23046024067174617,-0.11316894805382358,0.15310335354700108,0.38020099758014947,-0.036781721193508754,0.18328394301974169,0.07344588116932782,-0.047848885960565746,0.20694147547087488,0.2875531401091518,0.3175010224987111,0.20201406973585348,-0.08853717664668555,0.42703185317135833,-0.14258723696972747,-0.19319062238007734,0.11186307007518927,-0.12242485769496597,1.3675936131135815,0.10143456500367531,0.07821819684711837,0.11527069642867839,-0.02256106026470661,0.00025789596838876605,-0.000823262962512672,-0.0035447580739855766,-0.0004875279846601188,-0.001264065271243453,-0.0017972104251384735,-0.007748389150947332,-0.007291855756193399,-0.009038297459483147,-0.051675260066986084,-0.0017001754604279995,0.00016159017104655504,-0.0015689634019508958,0.00027017679531127214,0.0002317299513379112,1.8849873589064687,-0.003148585557937622,-0.00035607238532975316,0.0009875502437353134,0.002896835096180439,-0.00131391198374331,1.0,0.019331540912389755,-0.008193852379918098,-0.00045616133138537407,1.0,13584.539802065321,-0.03427719697356224,-0.01024102233350277,0.00019477985915727913,0.18673545122146606,0.18765518069267273,-0.008002125658094883,-0.0009219944477081299,-0.012608267366886139,-0.005817146506160498,-0.007268628571182489,0.2720922827720642,0.4243607819080353,0.13894820736501523,-0.003616265021264553,-0.00915997102856636,-0.014862040989100933,-0.008600177243351936,-0.005936607718467712,0.12252189964056015,-0.0016053253784775734,-0.055894311517477036,0.06513595695947806,-0.002743029035627842,1.0,-0.03692289814352989,1.0,0.6191506385803223,2.176780253648758e-05,0.08364801108837128,-0.0012388466857373714,-0.015886668115854263,-0.004086128901690245,-0.0024821492843329906,-0.018003743141889572,0.11714206158662238,-0.01187905203551054,-0.004797191359102726,-0.008010011166334152,-0.002861525397747755,-0.001585473888553679,-0.07656349241733551,1.0,0.02,-0.008162002079188824,-0.007679412607103586,0.26321467757225037,1.0,-0.002230477286502719,1.3097795840261386,-0.011823777109384537,-0.005877622403204441,-0.023285970091819763,-2.9952730983495712e-05,4.6786139137111604e-05,-0.0031834221445024014,-0.043820977210998535,0.2760000182315707,-0.012117892503738403,0.1887610878982538,-0.0028600534424185753,-0.0008575530955567956,1.0,0.1322692334651947,-0.0061904676258563995,1.0,0.09932120023460192,-0.012173665687441826,-0.01234639622271061,-0.1654173582792282,-0.007856180891394615,0.3929228435888751,-0.008390026167035103
29500,0.21711900333792275,0.2937348670630444,0.15214723563362553,-0.05364860798412526,-0.0027596274759661386,2.7892087851960197,0.22394994546463445,-0.0327138702065546,0.12109617062550818,0.7625317187115155,-0.0897376235506167,0.5688553098738627,0.19581496526164688,0.628272248831259,0.02144361940739242,-0.2154680843758079,0.06212680945392789,0.3774966578705873,0.07031134216958865,0.1353364282355438,0.671094678964355,0.31700421368176596,0.38705195391854313,0.21492102628820703,0.946843192498458,0.47954060974334417,0.3710198301612635,0.22857972837574794,0.018890934268518823,-0.003859594425174709,0.35290349470901283,0.00040893012318077293,1.4745536582027168,0.2479068954720875,0.02520496097090215,0.020903117621239253,-0.017730819061398506,0.00037578947376459837,-0.0005475837970152497,-0.018070843070745468,-0.00021094392286613584,-8.094118675217032e-05,0.0007858576718717813,-0.0012985686771571636,-0.0008392116287723184,-0.014934802427887917,-0.027638938277959824,-0.021635230630636215,0.00041026598773896694,-0.001284586964175105,0.0012313034385442734,0.0006452373927459121,4.1756149430823974,-0.015946414321660995,-0.00741973053663969,0.0005186358466744423,0.003502818988636136,8.54086538311094e-05,1.0,0.02250799536705017,0.010726678185164928,-0.0014753087889403105,1.0,24057.538472713164,-0.001262782490812242,-0.0007769963704049587,0.0003629522689152509,0.21136879920959473,0.15988722443580627,0.0007159975357353687,-0.04987580329179764,-0.0048880185931921005,-0.005820914171636105,-0.0029671010561287403,0.12045631557703018,0.3339117169380188,0.2074160739871944,-0.0003480783198028803,-0.018987521529197693,-0.026843810454010963,-0.012585478834807873,-0.011645425111055374,0.44624122977256775,-0.001004359102807939,-0.038175344467163086,0.32548416923571744,-0.001824547303840518,1.0,3.396905958652496e-05,1.0,0.5086590647697449,-0.0017832918092608452,0.08285478688776493,-0.004188086837530136,-0.018229881301522255,8.567378972657025e-05,-0.043061379343271255,-0.013625256717205048,0.2440465662936799,1.3668322935700417e-05,-0.0005408957367762923,-0.0013712217332795262,0.001468609319999814,-0.001211460679769516,-0.07372672855854034,1.0,0.02,-0.0011955003719776869,3.89245105907321e-05,0.1548287719488144,1.0,-0.020547330379486084,1.7374683206242538,0.0020259397570043802,-0.005015927366912365,-0.02788519486784935,-0.006021612323820591,-0.0018663769587874413,-0.0012387451715767384,-0.029113546013832092,0.27565746661275625,-0.03573533520102501,0.32981601328897614,-0.011419545859098434,-6.779094110243022e-05,1.0,0.269906610250473,-0.0005637948634102941,1.0,0.9132788381295545,-0.0021953480318188667,-0.008603105321526527,-0.1035720482468605,-0.0011186491465196013,1.2961652106628994,-0.004439092241227627
29600,0.1777911780515903,0.3827393282564217,-0.03488852890673849,0.47657484828713265,-0.3311834689105691,3.241646449950909,-0.03876031470988783,-0.009020711574040843,0.6327042061886479,0.23922861593044403,-0.09858085786602173,0.5544679243212173,0.013168143038130032,0.5943728845151536,0.5073744207464633,-0.11149349601490978,-0.005210594494705262,0.01665877260563518,-0.036327745024989866,0.27520152436861645,0.5146316551083341,0.40734179401170045,0.32515913872933305,0.3558472755229051,0.35177100799640776,0.5284086543462054,0.22785016288399312,0.8907569283924379,-0.21449647581155604,0.1124588633394212,0.2943066771901351,-0.02287290873496213,0.4798218665037089,0.09183685850641765,-0.0624978588124481,0.25499230144319407,-0.012184112332761288,0.00033773411996662617,-0.0012477980926632881,-0.007935349829494953,-0.0008841340895742178,-0.0009234066819772124,-0.00566505640745163,-0.029922176152467728,-0.0017512693302705884,-0.02573544532060623,-0.05891343206167221,-0.019625429064035416,0.0001412279816577211,-0.025863032788038254,0.0002567236660979688,0.00046385457972064614,4.95815524876688,-0.027293238788843155,-0.005311892367899418,0.000824473740067333,0.0008582181762903929,-0.0027371137402951717,1.0,0.04090317711234093,-0.015633419156074524,-0.0011535759549587965,1.0,13116.369222028534,-0.05351519584655762,-0.009375405497848988,0.0005571775836870074,0.09582968801259995,0.13045300543308258,-0.004201699048280716,-0.013583080843091011,-0.006991039961576462,-0.0070856367237865925,-0.0015109410742297769,0.13677075505256653,0.4085518717765808,0.17402729652113458,-0.0008123706211335957,-0.020213447511196136,-0.031125953420996666,-0.010051891207695007,-0.015523020178079605,0.4369313418865204,-0.0002219582675024867,-0.009973442181944847,0.2503506579747147,-0.002003113739192486,1.0,0.028963938355445862,1.0,0.5393471717834473,-0.0006127451197244227,0.08315033465623856,-0.0011128372279927135,-0.018383722752332687,-0.00501606147736311,-0.014673905447125435,-0.03259846568107605,0.08935764585722392,-0.007399045862257481,-0.004771289881318808,-0.003999726846814156,-0.0035602061543613672,-0.00701544526964426,-0.04445177689194679,1.0,0.02,-0.0005300422781147063,-0.0002679351018741727,0.13380007445812225,1.0,-0.02190529927611351,0.7182068242670098,-0.005224661901593208,-0.0034804227761924267,-0.022760991007089615,-0.004049045965075493,-0.0008055390790104866,-0.0012078853324055672,-0.010659635998308659,0.270455832593143,-0.01842530444264412,0.41037249513997776,-0.00775371678173542,-0.0008238604059442878,1.0,0.2819627523422241,-0.005982433445751667,1.0,0.3187589710473974,-0.036900535225868225,-0.009347854182124138,-0.05605412647128105,-8.53919773362577e-05,0.36664744346447026,-0.003106261370703578
29700,0.32026725244879606,0.1620390962404866,0.0835932230952597,0.1380897825086232,-0.3642643682521905,3.61284237532123,0.03599345685369527,-0.13936855180972788,0.4851749161270244,0.15435863780838552,-0.1359835179727746,0.498274385791982,-0.13193797352715944,0.17722169533080173,0.13805504135934793,-0.3188193721955315,-0.1818915426756972,0.13574999874584237,0.06488374838387348,0.07343952268332986,0.22410493940272394,-0.09196150106351336,0.07448081422808746,0.18909912796974826,0.3537160987517223,-0.2327366326712291,0.22891967010809516,0.8946570194828443,-0.3178750951041702,-0.22420217340333326,0.11830851758349425,-0.18851551007863407,0.5337051154706215,0.06178400154648771,-0.0077614173892465,-0.1282326102639109,-0.01124429702758789,0.0004148611915297806,-0.00033805426210165024,-0.007223593536764383,-0.0006538570742122829,-0.003295731032267213,-0.008238767273724079,-0.02153901942074299,-0.006647127214819193,-0.011089491657912731,-0.06565570831298828,-0.014744267798960209,0.0001109134973376058,-0.003113257000222802,0.00011053739581257105,0.0002685493673197925,4.985632914611191,-0.018389975652098656,-0.002167145488783717,0.0004591053875628859,0.0006413153023459017,-0.0006670625298283994,1.0,0.013061163946986198,-0.001339169219136238,-0.0027473056688904762,1.0,48099.90793851162,-0.061843935400247574,-0.016359273344278336,0.00018165056826546788,0.1149936318397522,0.11983594298362732,-0.002110058441758156,-0.06154186278581619,-0.005514117423444986,-0.009043887257575989,-0.0054807960987091064,0.09919194877147675,0.4992877244949341,0.3164883024345925,-0.001102209440432489,-0.00034287944436073303,-0.03669418394565582,-0.014670114032924175,-0.025184931233525276,0.09818510711193085,-0.0015223401132971048,-0.040310245007276535,0.13003244036776823,-0.0014305008808150887,1.0,-0.023142335936427116,1.0,0.6537437438964844,-0.003425395581871271,0.0840316079556942,-0.006904826033860445,-0.013639152981340885,-0.007185233756899834,-0.0599869005382061,-0.0350472629070282,0.07733830325515194,-0.006706870160996914,-0.003334790002554655,-0.001421947032213211,-0.006464769132435322,-0.003387384582310915,-0.08932948112487793,1.0,0.02,-0.002715360838919878,-0.007586304098367691,0.11548756808042526,1.0,-0.014420446008443832,0.7063937087662486,-0.004082485102117062,-0.008008649572730064,-0.041034579277038574,-0.017740627750754356,-0.0020722218323498964,-0.0011805129470303655,-0.015428263694047928,0.22152684349566698,-0.0077598001807928085,0.21517570565604477,-0.0023504593409597874,-0.0016943473601713777,1.0,0.07148908078670502,-0.0036018977407366037,1.0,0.19857545756509604,-0.025197453796863556,-0.010563665069639683,-0.11918845772743225,-0.007269617635756731,0.36762706546590407,-0.006647089961916208
29800,0.24475447744934495,0.13715297171990945,-0.07751674840022477,0.26850309989104015,0.31294097393304876,6.884505095063237,0.22644892182378246,0.08702844506117127,0.386131110851097,0.08623915101968643,-0.019753308667052633,0.4537689181532845,0.17938118054560465,0.5688771192414253,-0.021830178136722417,-0.006538613496924632,0.3668422122382623,0.6471407777358306,-0.10384816103401674,0.02620806758305454,0.5728463001638,0.09419910149091798,0.13752829156799198,0.02160449415127753,0.38793777690970616,-0.0893601043669059,0.6979130874738919,0.8540634977535713,0.20902622531531526,0.022088707071618516,0.2512059041456646,0.08446932915855027,1.191473584282341,0.19135129146892946,0.460039730203002,0.3646445631683075,-0.004854938015341759,0.0003856923431158066,-0.001497570308856666,-0.010048694908618927,-0.0003994022845290601,2.9913033358752728e-05,-0.0229019895195961,-0.010051089338958263,-0.0024181855842471123,-0.0025874010752886534,-0.06915781646966934,-0.01348114013671875,0.00021050713257864118,-0.00329564418643713,0.0002991931978613138,0.0002648542867973447,3.7926943184440387,0.008322549983859062,-0.005094428081065416,0.00036473694490268826,0.001876647351309657,-0.0015694120666012168,1.0,0.029642192646861076,-0.011203275993466377,-0.003544044913724065,1.0,46064.221119242495,-0.059969909489154816,-0.011855535209178925,0.00016173822223208845,0.2441260814666748,0.2176097333431244,-0.0035395429003983736,-0.055572815239429474,-0.0015619192272424698,-0.009790494106709957,-0.0002731029817368835,0.08480218797922134,0.33701032400131226,0.2503146715600989,-0.0014906576834619045,-0.022601434960961342,-0.023465417325496674,-0.005838304758071899,0.021443933248519897,0.2699851989746094,-0.0005794637836515903,-0.01511468831449747,0.2400560561835131,-0.0001152735494542867,1.0,0.02290886454284191,1.0,0.5217820405960083,-0.0023103004787117243,0.08389889448881149,-0.007725891657173634,-0.021352948620915413,-0.0059739286080002785,-0.05175279080867767,-0.03638353943824768,0.12268141043013982,-0.0011785810347646475,-0.0033347681164741516,-0.0004523740499280393,-0.0021697485353797674,-0.00013025180669501424,-0.046739935874938965,1.0,0.02,-0.0007172705954872072,-0.0007652597269043326,0.15134353935718536,1.0,-0.012728501111268997,1.2121576848731856,-0.0007583103142678738,-0.003227726323530078,0.007923079654574394,-0.0033726750407367945,-0.001515309326350689,-0.0004014780279248953,-0.014164348132908344,0.2562658963724971,-0.04007492959499359,0.14615450907532945,-0.0031152204610407352,-0.0014758328907191753,1.0,0.22346806526184082,-0.00386757031083107,1.0,0.13400563831438447,-0.011518169194459915,-0.015255403704941273,-0.14521260559558868,-0.0016308079939335585,0.3776827296755107,-0.003493797266855836
29900,0.14317628350888598,0.3149964989758011,0.010651803048575404,0.13123614713981271,0.3288849222707001,2.8100710172531427,0.2989406902835804,0.4416836274964606,-0.03199291041361564,0.3399960747171044,0.33964893402571933,0.07453671912763808,0.05988388464890665,0.49630954022643725,-0.05360549936570378,0.5424666126256599,0.12999513400264837,0.32378916633455923,0.12724107917276994,0.3902199098477157,0.6860808733301538,0.044121687726029896,1.5605274915052578,-0.12437246245267608,0.45431785285670717,0.018719025364326024,0.34493210065621766,-0.05081588460926233,-0.14094257477954242,0.0031517038142298273,0.19381452351699427,-0.1357871934700799,0.8010375576025768,0.6257406258072603,0.18683834886526857,-0.03366738712725506,-0.022164857015013695,0.0003252830938436091,0.0005543672014027834,-0.0011795551981776953,0.00010464775550644845,-0.008240537717938423,-0.012104632332921028,-0.012864531949162483,0.0008462559198960662,-0.011132245883345604,-0.03673052042722702,-0.0016292440705001354,0.0013965009711682796,-9.613088332116604e-05,0.0004581980756483972,0.0026716289576143026,2.008589354671118,-0.004773411899805069,-0.00031993567245081067,0.0011568237096071243,0.001996439415961504,-0.000885507557541132,1.0,0.02046944573521614,-0.010364959016442299,-0.004917265381664038,1.0,16934.660787092973,-0.004772258922457695,0.00028305183514021337,0.0006514872657135129,0.3908487558364868,0.12692314386367798,-0.0014639650471508503,-0.07669898122549057,-0.003831128589808941,-0.06719713658094406,-0.00394933857023716,0.1261529177427292,0.5195490121841431,0.17994209067965894,-0.0024242321960628033,0.005038617178797722,-0.030489420518279076,-0.013948298990726471,-0.007893051952123642,0.21131737530231476,-0.002161614131182432,-0.007981043308973312,1.1492191073238227,-0.002602960914373398,1.0,-0.0335799977183342,1.0,0.6178470849990845,-0.0024012611247599125,0.08478937298059464,-0.007977697998285294,-0.014448601752519608,-0.0008878916269168258,-0.06387697905302048,-0.31555336713790894,0.6412979609298204,-0.00828915648162365,-0.001854465575888753,-0.0012636457104235888,0.00018624088261276484,-0.010421532206237316,-0.07825066149234772,1.0,0.02,0.0009641714859753847,-0.0027927474584430456,0.18402370810508728,1.0,-0.00010891008423641324,1.1708135761356075,-0.00029372330754995346,-0.008103052154183388,0.0042297132313251495,-0.04880720376968384,-0.003922911826521158,-0.0023291422985494137,-8.630444062873721e-05,0.2890894915908575,-0.035444341599941254,0.2668847776502271,-0.006448138505220413,-9.609921835362911e-05,1.0,0.1360539346933365,-0.007592771202325821,1.0,0.2930128570090452,-0.017626570537686348,-0.00761812087148428,-0.00342777487821877,-0.0024715359322726727,0.4488007272899584,-0.004610431380569935
30000,0.10900320502455836,0.17435898197642438,-0.09492316364015653,0.06012305291076963,-0.15445893092920204,0.4515987947629537,0.08727588427875244,0.4129960780203269,0.07627567957957018,0.06390929212724568,0.009209278878881143,0.08820681676192794,-0.10665744448849296,0.4029531528940742,0.06312039507110558,0.027631371716796308,0.21767596957179694,-0.06501873237362775,-0.15446118980519297,0.3611906819137837,0.34893177154156263,0.09146484513357045,0.1477947533560537,0.045611061211333216,0.08493363536865818,0.24479725090714877,0.24563821929514434,0.32347297905834926,0.034325881776923486,-0.045281496534250294,0.0956786347191102,0.07439238524153227,0.5889384767192342,0.10922476385973963,-0.04483948253024196,0.06638068785110315,-0.01746947504580021,0.00034112465800717473,-0.004268522374331951,-0.001008743653073907,-0.002470576437190175,-0.0020798484329134226,-0.012492908164858818,-0.03715996816754341,-0.0063161700963974,-0.00540649751201272,-0.003209527116268873,-0.0025078426115214825,0.00013652634515892714,-0.00351885799318552,0.0001513727765996009,0.00039702386129647493,0.7745591112868914,-0.009914218448102474,-0.000704022531863302,0.0003135324805043638,0.0008128038025461137,-0.004483693744987249,1.0,0.008618139661848545,-0.0029427502304315567,-0.0012349989265203476,1.0,2121.8258837466556,-0.003963423892855644,-0.007051589898765087,0.0003327405429445207,0.19088247418403625,0.13053840398788452,-0.0017637908458709717,-0.01946440525352955,-0.004181443713605404,-0.007252044975757599,-0.0006406439351849258,0.07970519363880157,0.3902924358844757,0.146459992521667,-0.0042825802229344845,-0.025258570909500122,-0.029164379462599754,-0.00881060492247343,-0.01175754051655531,0.4089103639125824,-0.0004937299527227879,-0.024360191076993942,0.18850459760714836,-0.007699631154537201,1.0,-0.007880509831011295,1.0,0.37716031074523926,-0.001239126198925078,0.08372720517218113,-0.0015704766847193241,-0.015096412971615791,-0.000281543645542115,-0.016985418274998665,-0.036134593188762665,0.10919824052976491,-0.0037987246178090572,-0.00010711184586398304,-0.0014664516784250736,-0.001917220652103424,-0.012537145055830479,-0.09833404421806335,1.0,0.02,-0.0005390912992879748,-3.562000347301364e-05,0.13720843195915222,1.0,-0.0028425452765077353,0.7454548816533275,-0.0027967749629169703,-0.0036385487765073776,-0.01122791226953268,-0.02111699804663658,-0.0005175726255401969,-0.0006735751521773636,-0.006172903347760439,0.24802610091865063,-0.019103731960058212,0.18842953993906963,-0.004517655819654465,4.457586328499019e-06,1.0,0.2695111930370331,-9.35944844968617e-05,1.0,0.08714335509501284,-0.04296477511525154,-0.00662986421957612,-0.07056449353694916,-0.0006180671043694019,0.10933932343465637,-0.005417118780314922
